{
    "info" : {
        "generated_by" : "MachLine (c) 2023 USU Aerolab",
        "executed" : "Mon Oct 16 22:41:27 2023"
    },
    "mesh_info" : {
        "N_body_panels" : 6464,
        "N_body_vertices" : 3342,
        "N_wake_panels" : 216,
        "N_wake_filaments" : 0,
        "average_characteristic_length" : 1.66374830957636E-001,
        "max_flow_turning_angle" : 1.72084793141556E+002
    },
    "solver_results" : {
        "solver_status_code" : 0,
        "system_dimension" : 3342,
        "timing" : {
            "system_sorting" : 1.19000000000000E-005,
            "preconditioner" : 3.99074573000000E+001,
            "matrix_solver" : 1.15752348000000E+001
        },
        "iterations" : 999,
        "residual" : {
            "max" : 2.54585174405384E-001,
            "norm" : 3.17895823598339E+000
        }
    },
    "pressure_calculations" : {
        "isentropic_rule" : {
            "max" : 9.70512186112390E-001,
            "min" : -1.84943495286369E+000
        }
    },
    "total_forces" : {
        "Cx" : -4.01256954015204E-003,
        "Cy" : -7.09239260792706E-010,
        "Cz" : 7.57899231630744E-002
    },
    "total_moments" : {
        "CMx" : -1.37603261739683E-006,
        "CMy" : 2.02653546662448E+001,
        "CMz" : -6.86102965227232E-007
    },
    "input" : {
        "flow" : {
            "freestream_velocity" : [
                    9.96194698091746E-001,
                    0.00000000000000E+000,
                    8.71557427476582E-002
                ],
            "freestream_mach_number" : 2.50000000000000E-001
        },
        "geometry" : {
            "file" : "studies/filament_studies/Grid_convergence/meshes/bi_plane_grid_convergence_10.stl",
            "spanwise_axis" : "+y",
            "reference" : {
                "area" : 5.00000000000000E+001
            },
            "wake_model" : {
                "wake_present" : true,
                "append_wake" : true,
                "trefftz_distance" : 60,
                "wake_type" : "panels"
            }
        },
        "solver" : {
            "formulation" : "neumann-mass-flux",
            "ormulation" : "dirichlet-morino",
            "matrix_solver" : "GMRES",
            "write_A_and_b" : false
        },
        "post_processing" : {
            "pressure_rules" : {
                "ncompressible" : true
            }
        },
        "output" : {
            "body_file" : "studies/filament_studies/Grid_convergence/results/10.vtk",
            "wake_file" : "studies/filament_studies/Grid_convergence/results/10_wake.vtk",
            "report_file" : "studies/filament_studies/Grid_convergence/reports/10.json"
        }
    },
    "total_runtime" : 1.02093000000000E+002
}
