{
    "info" : {
        "generated_by" : "MachLine (c) 2023 USU Aerolab",
        "executed" : "Mon Oct 16 22:56:43 2023"
    },
    "mesh_info" : {
        "N_body_panels" : 12448,
        "N_body_vertices" : 6374,
        "N_wake_panels" : 296,
        "N_wake_filaments" : 0,
        "average_characteristic_length" : 1.20654451418094E-001,
        "max_flow_turning_angle" : 1.72084793166987E+002
    },
    "solver_results" : {
        "solver_status_code" : 0,
        "system_dimension" : 6374,
        "timing" : {
            "system_sorting" : 2.97000000000000E-005,
            "preconditioner" : 2.86028325300000E+002,
            "matrix_solver" : 3.78652353000000E+001
        },
        "iterations" : 999,
        "residual" : {
            "max" : 2.83818995309185E-001,
            "norm" : 4.23245862251870E+000
        }
    },
    "pressure_calculations" : {
        "isentropic_rule" : {
            "max" : 1.00146177178483E+000,
            "min" : -2.52096854779596E+000
        }
    },
    "total_forces" : {
        "Cx" : -5.39321816300278E-003,
        "Cy" : 1.64570155725428E-010,
        "Cz" : 9.15505251233051E-002
    },
    "total_moments" : {
        "CMx" : -9.30058426937557E-007,
        "CMy" : 1.55493485242913E+001,
        "CMz" : -3.08656299802777E-009
    },
    "input" : {
        "flow" : {
            "freestream_velocity" : [
                    9.96194698091746E-001,
                    0.00000000000000E+000,
                    8.71557427476582E-002
                ],
            "freestream_mach_number" : 2.50000000000000E-001
        },
        "geometry" : {
            "file" : "studies/filament_studies/Grid_convergence/meshes/bi_plane_grid_convergence_14.stl",
            "spanwise_axis" : "+y",
            "reference" : {
                "area" : 5.00000000000000E+001
            },
            "wake_model" : {
                "wake_present" : true,
                "append_wake" : true,
                "trefftz_distance" : 60,
                "wake_type" : "panels"
            }
        },
        "solver" : {
            "formulation" : "neumann-mass-flux",
            "ormulation" : "dirichlet-morino",
            "matrix_solver" : "GMRES",
            "write_A_and_b" : false
        },
        "post_processing" : {
            "pressure_rules" : {
                "ncompressible" : true
            }
        },
        "output" : {
            "body_file" : "studies/filament_studies/Grid_convergence/results/14.vtk",
            "wake_file" : "studies/filament_studies/Grid_convergence/results/14_wake.vtk",
            "report_file" : "studies/filament_studies/Grid_convergence/reports/14.json"
        }
    },
    "total_runtime" : 5.05813000000000E+002
}
