{
    "info" : {
        "generated_by" : "MachLine (c) 2023 USU Aerolab",
        "executed" : "Fri Oct 13 04:56:45 2023"
    },
    "mesh_info" : {
        "N_body_panels" : 33248,
        "N_body_vertices" : 16878,
        "N_wake_panels" : 504,
        "N_wake_filaments" : 0,
        "average_characteristic_length" : 7.44053735368382E-002,
        "max_flow_turning_angle" : 1.72084793197534E+002
    },
    "solver_results" : {
        "solver_status_code" : 0,
        "system_dimension" : 16878,
        "timing" : {
            "system_sorting" : 1.88000000000000E-005,
            "preconditioner" : 6.08657710800000E+003,
            "matrix_solver" : 2.48579746800000E+002
        },
        "iterations" : 999,
        "residual" : {
            "max" : 3.26648607270700E-001,
            "norm" : 6.72659265093854E+000
        }
    },
    "pressure_calculations" : {
        "incompressible_rule" : {
            "max" : 9.43767100254841E-001,
            "min" : -3.81155747970691E+000
        }
    },
    "total_forces" : {
        "Cx" : -5.78346451882314E-003,
        "Cy" : -2.36973393751916E-010,
        "Cz" : 1.16891152452937E-001
    },
    "total_moments" : {
        "CMx" : -1.21542968122240E-008,
        "CMy" : 7.25750790065030E+000,
        "CMz" : -1.99390554521872E-007
    },
    "input" : {
        "flow" : {
            "freestream_velocity" : [
                    9.96194698091746E-001,
                    0.00000000000000E+000,
                    8.71557427476582E-002
                ],
            "freestream_mach_number" : [
                    2.50000000000000E-001,
                    1.70000000000000E+000
                ]
        },
        "geometry" : {
            "file" : "studies/filament_studies/Grid_convergence/meshes/bi_plane_grid_convergence_15.stl",
            "spanwise_axis" : "+y",
            "reference" : {
                "area" : 5.00000000000000E+001
            },
            "wake_model" : {
                "wake_present" : true,
                "append_wake" : true,
                "trefftz_distance" : 60,
                "wake_type" : [
                        "panels",
                        "filaments"
                    ]
            }
        },
        "solver" : {
            "formulation" : "neumann-mass-flux",
            "ormulation" : "dirichlet-morino",
            "matrix_solver" : "GMRES",
            "write_A_and_b" : false
        },
        "post_processing" : {
            "pressure_rules" : {
                "ncompressible" : true
            }
        },
        "output" : {
            "body_file" : "studies/filament_studies/Grid_convergence/results/15.vtk",
            "wake_file" : "studies/filament_studies/Grid_convergence/results/15_wake.vtk",
            "report_file" : "studies/filament_studies/Grid_convergence/reports/15.json"
        }
    },
    "total_runtime" : 7.95596900000000E+003
}
