{
    "info" : {
        "generated_by" : "MachLine (c) 2023 USU Aerolab",
        "executed" : "Fri Oct 13 00:14:47 2023"
    },
    "mesh_info" : {
        "N_body_panels" : 1216,
        "N_body_vertices" : 654,
        "N_wake_panels" : 88,
        "N_wake_filaments" : 0,
        "average_characteristic_length" : 3.72332636109880E-001,
        "max_flow_turning_angle" : 1.72084793118106E+002
    },
    "solver_results" : {
        "solver_status_code" : 0,
        "system_dimension" : 654,
        "timing" : {
            "system_sorting" : 9.10000000000000E-006,
            "preconditioner" : 2.05438700000000E-001,
            "matrix_solver" : 3.44039400000000E-001
        },
        "iterations" : 653,
        "residual" : {
            "max" : 1.87799036306258E-001,
            "norm" : 1.48691449359057E+000
        }
    },
    "pressure_calculations" : {
        "incompressible_rule" : {
            "max" : 6.53774810832579E-001,
            "min" : -8.59659342872914E-001
        }
    },
    "total_forces" : {
        "Cx" : -5.75611199344478E-003,
        "Cy" : 6.77699716006633E-013,
        "Cz" : 1.95802919029625E-002
    },
    "total_moments" : {
        "CMx" : 2.05410852650162E-009,
        "CMy" : 3.60264827031547E+001,
        "CMz" : 1.79045921470077E-009
    },
    "input" : {
        "flow" : {
            "freestream_velocity" : [
                    9.96194698091746E-001,
                    0.00000000000000E+000,
                    8.71557427476582E-002
                ],
            "freestream_mach_number" : [
                    2.50000000000000E-001,
                    1.70000000000000E+000
                ]
        },
        "geometry" : {
            "file" : "studies/filament_studies/Grid_convergence/meshes/bi_plane_grid_convergence_2.stl",
            "spanwise_axis" : "+y",
            "reference" : {
                "area" : 5.00000000000000E+001
            },
            "wake_model" : {
                "wake_present" : true,
                "append_wake" : true,
                "trefftz_distance" : 60,
                "wake_type" : [
                        "panels",
                        "filaments"
                    ]
            }
        },
        "solver" : {
            "formulation" : "neumann-mass-flux",
            "ormulation" : "dirichlet-morino",
            "matrix_solver" : "GMRES",
            "write_A_and_b" : false
        },
        "post_processing" : {
            "pressure_rules" : {
                "ncompressible" : true
            }
        },
        "output" : {
            "body_file" : "studies/filament_studies/Grid_convergence/results/2.vtk",
            "wake_file" : "studies/filament_studies/Grid_convergence/results/2_wake.vtk",
            "report_file" : "studies/filament_studies/Grid_convergence/reports/2.json"
        }
    },
    "total_runtime" : 2.62500000000000E+000
}
