{
    "info" : {
        "generated_by" : "MachLine (c) 2023 USU Aerolab",
        "executed" : "Wed Oct 11 12:59:34 2023"
    },
    "mesh_info" : {
        "N_body_panels" : 608,
        "N_body_vertices" : 327,
        "N_wake_panels" : 44,
        "N_wake_filaments" : 0,
        "average_characteristic_length" : 3.72332636109903E-001,
        "max_flow_turning_angle" : 1.72084793108038E+002
    },
    "solver_results" : {
        "solver_status_code" : 0,
        "system_dimension" : 327,
        "timing" : {
            "system_sorting" : 5.60000000000000E-006,
            "preconditioner" : 3.73129000000000E-002,
            "matrix_solver" : 4.34252000000000E-002
        },
        "iterations" : 302,
        "residual" : {
            "max" : 1.55591586174720E-001,
            "norm" : 4.36197283572257E-001
        }
    },
    "pressure_calculations" : {
        "isentropic_rule" : {
            "max" : 4.41690702556909E-001,
            "min" : -2.72741259601086E-001
        }
    },
    "total_forces" : {
        "Cx" : 6.63219223139016E-002,
        "Cy" : 8.76636740629322E-014,
        "Cz" : 4.56699857368241E-001
    },
    "total_moments" : {
        "CMx" : 1.17024486021716E-010,
        "CMy" : -4.19961450832633E+001,
        "CMz" : -4.85876957157655E-011
    },
    "input" : {
        "flow" : {
            "freestream_velocity" : [
                    9.96194698091746E-001,
                    0.00000000000000E+000,
                    8.71557427476582E-002
                ],
            "freestream_mach_number" : 1.70000000000000E+000
        },
        "geometry" : {
            "file" : "studies/filament_studies/Grid_convergence/meshes/grid_convergence_2.stl",
            "spanwise_axis" : "+y",
            "reference" : {
                "area" : 2.50000000000000E+001
            },
            "wake_model" : {
                "wake_present" : true,
                "append_wake" : true,
                "trefftz_distance" : 60,
                "wake_type" : "panels"
            }
        },
        "solver" : {
            "formulation" : "neumann-mass-flux",
            "ormulation" : "dirichlet-morino",
            "matrix_solver" : "GMRES",
            "write_A_and_b" : false
        },
        "post_processing" : {
            "pressure_rules" : {
                "ncompressible" : true
            }
        },
        "output" : {
            "body_file" : "studies/filament_studies/Grid_convergence/results/2.vtk",
            "wake_file" : "studies/filament_studies/Grid_convergence/results/2_wake.vtk",
            "report_file" : "studies/filament_studies/Grid_convergence/reports/2.json"
        }
    },
    "total_runtime" : 4.84000000000000E-001
}
