{
    "info" : {
        "generated_by" : "MachLine (c) 2023 USU Aerolab",
        "executed" : "Thu Oct 19 23:34:56 2023"
    },
    "mesh_info" : {
        "N_body_panels" : 2272,
        "N_body_vertices" : 1202,
        "N_wake_panels" : 128,
        "N_wake_filaments" : 0,
        "average_characteristic_length" : 2.76739660889108E-001,
        "max_flow_turning_angle" : 1.72084793125229E+002
    },
    "solver_results" : {
        "solver_status_code" : 0,
        "system_dimension" : 1202,
        "timing" : {
            "system_sorting" : 1.48000000000000E-005,
            "preconditioner" : 3.85610000000000E-003,
            "matrix_solver" : 5.90518400000000E-001
        },
        "iterations" : 426,
        "residual" : {
            "max" : 9.19264664389630E-014,
            "norm" : 3.84049385127402E-013
        }
    },
    "pressure_calculations" : {
        "isentropic_rule" : {
            "max" : 6.59120153079046E-001,
            "min" : -8.31873221182874E-001
        }
    },
    "total_forces" : {
        "Cx" : -7.33820057951244E-003,
        "Cy" : -1.22130639909586E-006,
        "Cz" : 6.18222360709343E-001
    },
    "total_moments" : {
        "CMx" : -1.19651482996167E-001,
        "CMy" : -1.29188515507275E+002,
        "CMz" : -1.35444949037827E-003
    },
    "input" : {
        "flow" : {
            "freestream_velocity" : [
                    9.96194698091746E-001,
                    0.00000000000000E+000,
                    8.71557427476582E-002
                ],
            "freestream_mach_number" : 2.50000000000000E-001
        },
        "geometry" : {
            "file" : "studies/filament_studies/Grid_convergence/meshes/bi_plane_grid_convergence_2.stl",
            "spanwise_axis" : "+y",
            "reference" : {
                "area" : 5.00000000000000E+001
            },
            "wake_model" : {
                "wake_present" : true,
                "append_wake" : true,
                "trefftz_distance" : 60,
                "wake_type" : "panels"
            }
        },
        "solver" : {
            "ormulation" : "neumann-mass-flux",
            "formulation" : "dirichlet-morino",
            "matrix_solver" : "GMRES",
            "write_A_and_b" : false
        },
        "post_processing" : {
            "pressure_rules" : {
                "ncompressible" : true
            }
        },
        "output" : {
            "body_file" : "studies/filament_studies/Grid_convergence/results/2.vtk",
            "wake_file" : "studies/filament_studies/Grid_convergence/results/2_wake.vtk",
            "report_file" : "studies/filament_studies/Grid_convergence/reports/2.json"
        }
    },
    "total_runtime" : 1.76600000000000E+000
}
