{
    "info" : {
        "generated_by" : "MachLine (c) 2023 USU Aerolab",
        "executed" : "Tue Oct 17 01:47:45 2023"
    },
    "mesh_info" : {
        "N_body_panels" : 15104,
        "N_body_vertices" : 7718,
        "N_wake_panels" : 0,
        "N_wake_filaments" : 164,
        "average_characteristic_length" : 1.09773676767333E-001,
        "max_flow_turning_angle" : 1.72084793178937E+002
    },
    "solver_results" : {
        "solver_status_code" : 0,
        "system_dimension" : 7718,
        "timing" : {
            "system_sorting" : 1.17000000000000E-005,
            "preconditioner" : 5.09943873400000E+002,
            "matrix_solver" : 5.44165424000000E+001
        },
        "iterations" : 999,
        "residual" : {
            "max" : 2.88730424150547E-001,
            "norm" : 4.62042479864015E+000
        }
    },
    "pressure_calculations" : {
        "isentropic_rule" : {
            "max" : 9.92322343511144E-001,
            "min" : -3.15359847137471E+000
        }
    },
    "total_forces" : {
        "Cx" : -5.49055497449907E-003,
        "Cy" : 8.25709427748459E-011,
        "Cz" : 6.85311171559660E-002
    },
    "total_moments" : {
        "CMx" : 1.16592186146024E-007,
        "CMy" : 2.20504954622010E+001,
        "CMz" : 1.27512094907759E-007
    },
    "input" : {
        "flow" : {
            "freestream_velocity" : [
                    9.96194698091746E-001,
                    0.00000000000000E+000,
                    8.71557427476582E-002
                ],
            "freestream_mach_number" : 2.50000000000000E-001
        },
        "geometry" : {
            "file" : "studies/filament_studies/Grid_convergence/meshes/bi_plane_grid_convergence_36.stl",
            "spanwise_axis" : "+y",
            "reference" : {
                "area" : 5.00000000000000E+001
            },
            "wake_model" : {
                "wake_present" : true,
                "append_wake" : true,
                "trefftz_distance" : 60,
                "wake_type" : "filaments"
            }
        },
        "solver" : {
            "formulation" : "neumann-mass-flux",
            "ormulation" : "dirichlet-morino",
            "matrix_solver" : "GMRES",
            "write_A_and_b" : false
        },
        "post_processing" : {
            "pressure_rules" : {
                "ncompressible" : true
            }
        },
        "output" : {
            "body_file" : "studies/filament_studies/Grid_convergence/results/36.vtk",
            "wake_file" : "studies/filament_studies/Grid_convergence/results/36_wake.vtk",
            "report_file" : "studies/filament_studies/Grid_convergence/reports/36.json"
        }
    },
    "total_runtime" : 8.27016000000000E+002
}
