{
    "info" : {
        "generated_by" : "MachLine (c) 2023 USU Aerolab",
        "executed" : "Tue Oct 17 05:34:50 2023"
    },
    "mesh_info" : {
        "N_body_panels" : 16160,
        "N_body_vertices" : 8258,
        "N_wake_panels" : 0,
        "N_wake_filaments" : 176,
        "average_characteristic_length" : 1.06258447251216E-001,
        "max_flow_turning_angle" : 1.72084793166138E+002
    },
    "solver_results" : {
        "solver_status_code" : 0,
        "system_dimension" : 8258,
        "timing" : {
            "system_sorting" : 1.06000000000000E-005,
            "preconditioner" : 6.34216578500000E+002,
            "matrix_solver" : 6.16426873000000E+001
        },
        "iterations" : 999,
        "residual" : {
            "max" : 2.16969402825944E-001,
            "norm" : 2.78827684592663E+000
        }
    },
    "pressure_calculations" : {
        "isentropic_rule" : {
            "max" : 1.21883138576601E+000,
            "min" : -4.94315373208107E-001
        }
    },
    "total_forces" : {
        "Cx" : 6.30063254248685E-002,
        "Cy" : 1.64070641611952E-010,
        "Cz" : 2.41344101967967E-001
    },
    "total_moments" : {
        "CMx" : -7.71323730870558E-007,
        "CMy" : -5.09411033876797E+001,
        "CMz" : 2.59505176376925E-007
    },
    "input" : {
        "flow" : {
            "freestream_velocity" : [
                    9.96194698091746E-001,
                    0.00000000000000E+000,
                    8.71557427476582E-002
                ],
            "freestream_mach_number" : 1.70000000000000E+000
        },
        "geometry" : {
            "file" : "studies/filament_studies/Grid_convergence/meshes/bi_plane_grid_convergence_77.stl",
            "spanwise_axis" : "+y",
            "reference" : {
                "area" : 5.00000000000000E+001
            },
            "wake_model" : {
                "wake_present" : true,
                "append_wake" : true,
                "trefftz_distance" : 60,
                "wake_type" : "filaments"
            }
        },
        "solver" : {
            "formulation" : "neumann-mass-flux",
            "ormulation" : "dirichlet-morino",
            "matrix_solver" : "GMRES",
            "write_A_and_b" : false
        },
        "post_processing" : {
            "pressure_rules" : {
                "ncompressible" : true
            }
        },
        "output" : {
            "body_file" : "studies/filament_studies/Grid_convergence/results/77.vtk",
            "wake_file" : "studies/filament_studies/Grid_convergence/results/77_wake.vtk",
            "report_file" : "studies/filament_studies/Grid_convergence/reports/77.json"
        }
    },
    "total_runtime" : 7.98234000000000E+002
}
