{
    "info" : {
        "generated_by" : "MachLine (c) 2023 USU Aerolab",
        "executed" : "Fri Jul 12 12:42:32 2024"
    },
    "mesh_info" : {
        "N_body_panels" : 48,
        "N_body_vertices" : 26,
        "N_wake_panels" : 0,
        "N_wake_filaments" : 0,
        "average_characteristic_length" : 4.76931360312427E-001,
        "max_flow_turning_angle" : 9.00000000000000E+001
    },
    "solver_results" : {
        "solver_status_code" : 0,
        "system_dimension" : 26,
        "timing" : {
            "system_sorting" : 2.20000000000000E-006,
            "preconditioner" : 5.40000000000000E-006,
            "matrix_solver" : 1.38000000000000E-005
        },
        "iterations" : 6,
        "residual" : {
            "max" : 1.55431223447522E-015,
            "norm" : 3.46159060090644E-015
        }
    },
    "pressure_calculations" : {
        "incompressible_rule" : {
            "max" : 6.44375608960438E-001,
            "min" : -6.48851635364295E-001
        }
    },
    "total_forces" : {
        "Cx" : -6.22810136796659E-012,
        "Cy" : 1.73472347597681E-016,
        "Cz" : 4.64905891561784E-016
    },
    "total_moments" : {
        "CMx" : 1.21430643318376E-016,
        "CMy" : -7.11236625150491E-016,
        "CMz" : 3.33066907387547E-016
    },
    "CF_sensitivities" : {
        "d_CFx" : [
                5.72870019269802E-001,
                -2.29599372162255E-002,
                -9.44766980624679E-002,
                -1.66922958388557E-001,
                -9.44766980621086E-002,
                -2.29599372169882E-002,
                -9.44766980627331E-002,
                -1.66922958387018E-001,
                -9.44766980627201E-002,
                4.67027576963224E-002,
                4.57207683592540E-002,
                4.67016316749207E-002,
                4.57207683579399E-002,
                4.67027576959278E-002,
                4.57207683605600E-002,
                4.67016316748499E-002,
                4.57207683594545E-002,
                -1.66921412216586E-001,
                -9.44509659362347E-002,
                -2.29588327294599E-002,
                -9.44509659407579E-002,
                -1.66921412225890E-001,
                -9.44509659465648E-002,
                -2.29588327296451E-002,
                -9.44509659441947E-002,
                5.72874181316728E-001,
                -4.01896128373364E-013,
                1.44456008560501E-001,
                2.66203303619685E-001,
                -1.08602701503094E-013,
                -2.66203303621103E-001,
                -1.44456008561548E-001,
                -2.66203303621089E-001,
                -1.00734392155671E-012,
                2.66203303619769E-001,
                2.31768501321254E-001,
                -6.62370012001241E-002,
                3.11273600096020E-013,
                6.62370011990951E-002,
                -2.31768501322090E-001,
                6.62370012006634E-002,
                3.28889266007968E-013,
                -6.62370012002663E-002,
                -4.76789651417413E-001,
                -1.71219243974656E-001,
                -8.12704318513405E-012,
                1.71219243966345E-001,
                4.76789651407468E-001,
                1.71219243969297E-001,
                -1.60606637093595E-012,
                -1.71219243978001E-001,
                -4.47943139470957E-012,
                -2.57467608250074E-013,
                -6.47227715366019E-013,
                -1.71223765117551E-001,
                -4.76791920986298E-001,
                -1.71223765116863E-001,
                4.95730906399731E-014,
                1.71223765115354E-001,
                4.76791920985513E-001,
                1.71223765115501E-001,
                2.59975138613612E-013,
                -6.62280896064529E-002,
                2.31781017936992E-001,
                -6.62280896057195E-002,
                -1.51730546344552E-012,
                6.62280896057765E-002,
                -2.31781017937298E-001,
                6.62280896045879E-002,
                -4.58735512528917E-012,
                2.66200205139115E-001,
                1.44454907876435E-001,
                2.66200205134156E-001,
                -5.02545572097871E-012,
                -2.66200205149909E-001,
                -1.44454907884882E-001,
                -2.66200205144592E-001,
                -7.49812129498523E-013
            ],
        "d_CFy" : [
                -3.31047430452542E-017,
                -2.63857215819308E-001,
                -1.15984039320350E-001,
                2.87545516541845E-015,
                1.15984039320631E-001,
                2.63857215819278E-001,
                1.15984039320372E-001,
                3.21593221633829E-014,
                -1.15984039320659E-001,
                1.03357491034005E-001,
                -3.08372396218237E-002,
                5.25111651652035E-014,
                3.08372396213625E-002,
                -1.03357491032182E-001,
                3.08372396207364E-002,
                -5.46357650519799E-014,
                -3.08372396206024E-002,
                1.23162937032145E-001,
                1.56575704940852E-001,
                -3.68908012110289E-012,
                -1.56575704939669E-001,
                -1.23162937031858E-001,
                -1.56575704933896E-001,
                5.97833952148655E-012,
                1.56575704937351E-001,
                -8.34239092015281E-013,
                1.93815795757758E-001,
                2.92972871717010E-001,
                5.20779445373047E-002,
                1.04700202969279E-001,
                5.20779445373210E-002,
                2.92972871717064E-001,
                5.20779445373009E-002,
                1.04700202969241E-001,
                5.20779445372607E-002,
                -4.65117881189580E-001,
                -2.99091010902861E-001,
                -1.35660925881228E-001,
                -2.99091010901926E-001,
                -4.65117881187089E-001,
                -2.99091010901815E-001,
                -1.35660925881251E-001,
                -2.99091010902162E-001,
                -5.97879636791934E-002,
                1.98038299567188E-001,
                1.66964672754570E-001,
                1.98038299569554E-001,
                -5.97879636783971E-002,
                1.98038299569165E-001,
                1.66964672757553E-001,
                1.98038299571358E-001,
                1.94185819629611E-001,
                3.75790978196511E-014,
                4.40533026724310E-015,
                9.08550337199385E-003,
                4.42437947986934E-014,
                -9.08550337193165E-003,
                4.73789302062044E-014,
                9.08550337198186E-003,
                3.35181321168226E-015,
                -9.08550337199049E-003,
                -9.33128574409636E-013,
                1.64077058309616E-001,
                8.32326047036840E-014,
                -1.64077058310600E-001,
                1.64698636673233E-012,
                1.64077058311361E-001,
                5.91621718218722E-014,
                -1.64077058310555E-001,
                -6.38892584670092E-013,
                1.13905807930682E-002,
                -1.39147780750290E-012,
                -1.13905807948586E-002,
                7.96382874061622E-013,
                1.13905807955025E-002,
                3.84819075436163E-013,
                -1.13905807937368E-002,
                -3.34654179368066E-012
            ],