{
    "info" : {
        "generated_by" : "MachLine (c) 2023 USU Aerolab",
        "executed" : "Fri Jul 12 12:42:33 2024"
    },
    "mesh_info" : {
        "N_body_panels" : 48,
        "N_body_vertices" : 26,
        "N_wake_panels" : 0,
        "N_wake_filaments" : 0,
        "average_characteristic_length" : 4.76931360312427E-001,
        "max_flow_turning_angle" : 9.00000000000000E+001
    },
    "solver_results" : {
        "solver_status_code" : 0,
        "system_dimension" : 26,
        "timing" : {
            "system_sorting" : 2.00000000000000E-006,
            "preconditioner" : 5.90000000000000E-006,
            "matrix_solver" : 1.55000000000000E-005
        },
        "iterations" : 6,
        "residual" : {
            "max" : 6.66133814775094E-016,
            "norm" : 1.58592207839024E-015
        }
    },
    "pressure_calculations" : {
        "incompressible_rule" : {
            "max" : 6.42003226225298E-001,
            "min" : -6.56393521945757E-001
        }
    },
    "total_forces" : {
        "Cx" : -7.54551976456241E-012,
        "Cy" : -1.11022302462516E-016,
        "Cz" : -1.24553145575135E-015
    },
    "total_moments" : {
        "CMx" : 1.49186218934005E-016,
        "CMy" : 1.46757606067638E-015,
        "CMz" : -1.94289029309402E-016
    },
    "CF_sensitivities" : {
        "d_CFx" : [
                5.64473229698553E-001,
                -2.29214322522598E-002,
                -9.53096379237830E-002,
                -1.68528157920877E-001,
                -9.53096379237990E-002,
                -2.29214322522611E-002,
                -9.53096379238252E-002,
                -1.68528157920953E-001,
                -9.53096379238270E-002,
                5.03615143092557E-002,
                4.94707368615184E-002,
                5.03615143120832E-002,
                4.94707368614491E-002,
                5.03615143092100E-002,
                4.94707368615328E-002,
                5.03615143121359E-002,
                4.94707368615099E-002,
                -1.68528157921496E-001,
                -9.53096379244013E-002,
                -2.29214322546920E-002,
                -9.53096379248339E-002,
                -1.68528157921748E-001,
                -9.53096379247873E-002,
                -2.29214322548120E-002,
                -9.53096379245454E-002,
                5.64473229704203E-001,
                1.10238343150347E-014,
                1.38921410823616E-001,
                2.65270106344961E-001,
                -9.33488314259087E-015,
                -2.65270106344991E-001,
                -1.38921410823663E-001,
                -2.65270106345018E-001,
                -4.64100284551434E-014,
                2.65270106344970E-001,
                2.36057352554300E-001,
                -6.76507191902701E-002,
                3.42462443495894E-015,
                6.76507191902268E-002,
                -2.36057352554372E-001,
                6.76507191902580E-002,
                -1.21013329415718E-014,
                -6.76507191903109E-002,
                -4.76787762420793E-001,
                -1.68432358739820E-001,
                -3.61344615111270E-013,
                1.68432358739424E-001,
                4.76787762420368E-001,
                1.68432358739571E-001,
                -8.61647503132952E-014,
                -1.68432358739919E-001,
                -1.68792184361287E-013,
                -1.47354680771523E-014,
                -1.07020742019588E-014,
                -1.68432358736383E-001,
                -4.76787762416204E-001,
                -1.68432358736330E-001,
                -2.84391382621657E-014,
                1.68432358736346E-001,
                4.76787762416175E-001,
                1.68432358736272E-001,
                -5.78542052833865E-015,
                -6.76507191937654E-002,
                2.36057352549075E-001,
                -6.76507191937578E-002,
                -5.53999340099206E-014,
                6.76507191937265E-002,
                -2.36057352549100E-001,
                6.76507191936852E-002,
                -1.70317755929308E-013,
                2.65270106347865E-001,
                1.38921410829006E-001,
                2.65270106347641E-001,
                -2.00404669942018E-013,
                -2.65270106348327E-001,
                -1.38921410829248E-001,
                -2.65270106348235E-001,
                -1.10802330797578E-013
            ],
        "d_CFy" : [
                -3.21280527695563E-017,
                -2.62240184922757E-001,
                -1.12757032288133E-001,
                1.69214784236983E-015,
                1.12757032288128E-001,
                2.62240184922756E-001,
                1.12757032288133E-001,
                5.02127537849742E-016,
                -1.12757032288129E-001,
                1.05033245082736E-001,
                -3.11279785933914E-002,
                -2.85242389738606E-015,
                3.11279785933681E-002,
                -1.05033245082642E-001,
                3.11279785933412E-002,
                3.82973093207660E-015,
                -3.11279785933295E-002,
                1.17237304532438E-001,
                1.54824178274399E-001,
                -1.46693502515902E-013,
                -1.54824178274196E-001,
                -1.17237304532430E-001,
                -1.54824178274072E-001,
                2.65258220218214E-013,
                1.54824178274206E-001,
                -1.86443944953793E-014,
                1.88399301850521E-001,
                2.95353695110383E-001,
                5.08343859534469E-002,
                1.04234348888171E-001,
                5.08343859534587E-002,
                2.95353695110406E-001,
                5.08343859534622E-002,
                1.04234348888169E-001,
                5.08343859534411E-002,
                -4.61106548314195E-001,
                -2.97567884504156E-001,
                -1.35637542961069E-001,
                -2.97567884504121E-001,
                -4.61106548314085E-001,
                -2.97567884504103E-001,
                -1.35637542961071E-001,
                -2.97567884504141E-001,
                -6.32240750487554E-002,
                1.99201395298389E-001,
                1.66915879970629E-001,
                1.99201395298462E-001,
                -6.32240750487272E-002,
                1.99201395298500E-001,
                1.66915879970744E-001,
                1.99201395298583E-001,
                1.88657595867323E-001,
                2.70703598426181E-015,
                -1.12861109347051E-014,
                9.36280025532643E-003,
                1.47207511326710E-015,
                -9.36280025533218E-003,
                1.08447864403949E-014,
                9.36280025534078E-003,
                -1.71899868022485E-016,
                -9.36280025534944E-003,
                -3.29493377027035E-014,
                1.62433107369062E-001,
                -6.16810128958477E-015,
                -1.62433107369119E-001,
                7.76731109985995E-014,
                1.62433107369148E-001,
                -7.53621417063201E-015,
                -1.62433107369144E-001,
                3.37100139469193E-015,
                1.08957813982645E-002,
                -9.44278788264656E-014,
                -1.08957813983821E-002,
                3.45618597353799E-014,
                1.08957813983611E-002,
                4.14242703797323E-014,
                -1.08957813982860E-002,
                -1.58205046285609E-013
            ],