{
    "info" : {
        "generated_by" : "MachLine (c) 2023 USU Aerolab",
        "executed" : "Fri Oct 13 03:23:28 2023"
    },
    "mesh_info" : {
        "N_body_panels" : 29248,
        "N_body_vertices" : 14862,
        "N_wake_panels" : 472,
        "N_wake_filaments" : 0,
        "average_characteristic_length" : 7.92885126900218E-002,
        "max_flow_turning_angle" : 1.72084793209376E+002
    },
    "solver_results" : {
        "solver_status_code" : 0,
        "system_dimension" : 14862,
        "timing" : {
            "system_sorting" : 1.28000000000000E-005,
            "preconditioner" : 4.15521926240000E+003,
            "matrix_solver" : 1.94126446000000E+002
        },
        "iterations" : 999,
        "residual" : {
            "max" : 3.18826317497034E-001,
            "norm" : 6.29600702139836E+000
        }
    },
    "pressure_calculations" : {
        "incompressible_rule" : {
            "max" : 9.48914266624985E-001,
            "min" : -3.48527641293575E+000
        }
    },
    "total_forces" : {
        "Cx" : -6.10551037566481E-003,
        "Cy" : -5.62897216884812E-010,
        "Cz" : 1.15731377173295E-001
    },
    "total_moments" : {
        "CMx" : 2.54843604458141E-007,
        "CMy" : 7.57878889762710E+000,
        "CMz" : -6.20462644126030E-007
    },
    "input" : {
        "flow" : {
            "freestream_velocity" : [
                    9.96194698091746E-001,
                    0.00000000000000E+000,
                    8.71557427476582E-002
                ],
            "freestream_mach_number" : [
                    2.50000000000000E-001,
                    1.70000000000000E+000
                ]
        },
        "geometry" : {
            "file" : "studies/filament_studies/Grid_convergence/meshes/bi_plane_grid_convergence_14.stl",
            "spanwise_axis" : "+y",
            "reference" : {
                "area" : 5.00000000000000E+001
            },
            "wake_model" : {
                "wake_present" : true,
                "append_wake" : true,
                "trefftz_distance" : 60,
                "wake_type" : [
                        "panels",
                        "filaments"
                    ]
            }
        },
        "solver" : {
            "formulation" : "neumann-mass-flux",
            "ormulation" : "dirichlet-morino",
            "matrix_solver" : "GMRES",
            "write_A_and_b" : false
        },
        "post_processing" : {
            "pressure_rules" : {
                "ncompressible" : true
            }
        },
        "output" : {
            "body_file" : "studies/filament_studies/Grid_convergence/results/14.vtk",
            "wake_file" : "studies/filament_studies/Grid_convergence/results/14_wake.vtk",
            "report_file" : "studies/filament_studies/Grid_convergence/reports/14.json"
        }
    },
    "total_runtime" : 5.59620300000000E+003
}
