{
    "info" : {
        "generated_by" : "MachLine (c) 2023 USU Aerolab",
        "executed" : "Tue Oct 17 01:12:02 2023"
    },
    "mesh_info" : {
        "N_body_panels" : 3168,
        "N_body_vertices" : 1658,
        "N_wake_panels" : 0,
        "N_wake_filaments" : 72,
        "average_characteristic_length" : 2.35052659215636E-001,
        "max_flow_turning_angle" : 1.72084793135441E+002
    },
    "solver_results" : {
        "solver_status_code" : 0,
        "system_dimension" : 1658,
        "timing" : {
            "system_sorting" : 1.43000000000000E-005,
            "preconditioner" : 4.73833180000000E+000,
            "matrix_solver" : 3.33676330000000E+000
        },
        "iterations" : 999,
        "residual" : {
            "max" : 2.10498042679091E-001,
            "norm" : 2.28074129210884E+000
        }
    },
    "pressure_calculations" : {
        "isentropic_rule" : {
            "max" : 9.10687407126873E-001,
            "min" : -1.59220004616198E+000
        }
    },
    "total_forces" : {
        "Cx" : -4.07693402421813E-003,
        "Cy" : -1.03455526128180E-010,
        "Cz" : 4.80882216018633E-003
    },
    "total_moments" : {
        "CMx" : -3.90773290823913E-007,
        "CMy" : 4.09497861483762E+001,
        "CMz" : -2.97757971232885E-008
    },
    "input" : {
        "flow" : {
            "freestream_velocity" : [
                    9.96194698091746E-001,
                    0.00000000000000E+000,
                    8.71557427476582E-002
                ],
            "freestream_mach_number" : 2.50000000000000E-001
        },
        "geometry" : {
            "file" : "studies/filament_studies/Grid_convergence/meshes/bi_plane_grid_convergence_26.stl",
            "spanwise_axis" : "+y",
            "reference" : {
                "area" : 5.00000000000000E+001
            },
            "wake_model" : {
                "wake_present" : true,
                "append_wake" : true,
                "trefftz_distance" : 60,
                "wake_type" : "filaments"
            }
        },
        "solver" : {
            "formulation" : "neumann-mass-flux",
            "ormulation" : "dirichlet-morino",
            "matrix_solver" : "GMRES",
            "write_A_and_b" : false
        },
        "post_processing" : {
            "pressure_rules" : {
                "ncompressible" : true
            }
        },
        "output" : {
            "body_file" : "studies/filament_studies/Grid_convergence/results/26.vtk",
            "wake_file" : "studies/filament_studies/Grid_convergence/results/26_wake.vtk",
            "report_file" : "studies/filament_studies/Grid_convergence/reports/26.json"
        }
    },
    "total_runtime" : 1.97660000000000E+001
}
