{
    "info" : {
        "generated_by" : "MachLine (c) 2023 USU Aerolab",
        "executed" : "Fri Jul 19 09:03:47 2024"
    },
    "mesh_info" : {
        "N_body_panels" : 48,
        "N_body_vertices" : 26,
        "N_wake_panels" : 0,
        "N_wake_filaments" : 0,
        "average_characteristic_length" : 4.76887257362578E-001,
        "max_flow_turning_angle" : 9.00000000000000E+001
    },
    "solver_results" : {
        "solver_status_code" : 0,
        "system_dimension" : 26,
        "timing" : {
            "system_sorting" : 1.19000000000000E-005,
            "preconditioner" : 4.30000000000000E-006,
            "matrix_solver" : 2.42000000000000E-005
        },
        "iterations" : 10,
        "residual" : {
            "max" : 1.06414876910321E-013,
            "norm" : 1.62214958939168E-013
        }
    },
    "pressure_calculations" : {
        "incompressible_rule" : {
            "max" : 7.02742778941155E-001,
            "min" : -7.46864417027520E-001
        }
    },
    "total_forces" : {
        "Cx" : -7.50702614719116E-003,
        "Cy" : 6.24500451351651E-017,
        "Cz" : -1.04574285646345E-002
    },
    "total_moments" : {
        "CMx" : 1.38777878078145E-016,
        "CMy" : 6.48081250193755E-003,
        "CMz" : 3.12250225675825E-016
    },
    "input" : {
        "flow" : {
            "freestream_velocity" : [
                    1.00000000000000E+000,
                    0.00000000000000E+000,
                    0.00000000000000E+000
                ]
        },
        "geometry" : {
            "file" : "studies/adjoint_studies/central_diff_norm_cp_offset/meshes/sphere_coarse2.stl",
            "wake_model" : {
                "wake_present" : false
            },
            "adjoint_sensitivities" : {
                "calc_adjoint" : false
            },
            "perturbation" : {
                "perturb_point" : true,
                "point_index" : 26,
                "xyz_index" : 3,
                "step" : -1.00000000000000E-001
            }
        },
        "solver" : {
            "formulation" : "dirichlet-source-free",
            "control_point_offset" : 5.34564359396971E-002,
            "matrix_solver" : "GMRES"
        },
        "post_processing" : {
            "pressure_rules" : {
                "incompressible" : true
            }
        },
        "output" : {
            "report_file" : "studies/adjoint_studies/central_diff_norm_cp_offset/reports/cp_offset_0_053456435939697136_dirichlet_source_free.json"
        }
    },
    "total_runtime" : 1.60000000000000E-002
}
