{
    "info" : {
        "generated_by" : "MachLine (c) 2023 USU Aerolab",
        "executed" : "Wed Jul 17 16:10:51 2024"
    },
    "mesh_info" : {
        "N_body_panels" : 48,
        "N_body_vertices" : 26,
        "N_wake_panels" : 0,
        "N_wake_filaments" : 0,
        "average_characteristic_length" : 4.76931461379173E-001,
        "max_flow_turning_angle" : 9.00000000000000E+001
    },
    "solver_results" : {
        "solver_status_code" : 0,
        "system_dimension" : 26,
        "timing" : {
            "system_sorting" : 2.20000000000000E-006,
            "preconditioner" : 8.90000000000000E-006,
            "matrix_solver" : 1.64000000000000E-005
        },
        "iterations" : 6,
        "residual" : {
            "max" : 5.30686605770825E-014,
            "norm" : 9.66016227234190E-014
        }
    },
    "pressure_calculations" : {
        "incompressible_rule" : {
            "max" : 6.44514549533847E-001,
            "min" : -6.48425098770639E-001
        }
    },
    "total_forces" : {
        "Cx" : -9.44391271143208E-007,
        "Cy" : 1.56696223307246E-006,
        "Cz" : 1.16170176991254E-006
    },
    "total_moments" : {
        "CMx" : 2.16601060004651E-010,
        "CMy" : -4.30077650972679E-006,
        "CMz" : 5.14135958625678E-006
    },
    "input" : {
        "flow" : {
            "freestream_velocity" : [
                    1.00000000000000E+000,
                    0.00000000000000E+000,
                    0.00000000000000E+000
                ]
        },
        "geometry" : {
            "file" : "studies/adjoint_studies/central_diff_norm_cp_offset/meshes/sphere_coarse2.stl",
            "wake_model" : {
                "wake_present" : false
            },
            "adjoint_sensitivities" : {
                "calc_adjoint" : false
            },
            "perturbation" : {
                "perturb_point" : true,
                "point_index" : 25,
                "xyz_index" : 1,
                "step" : 1.00000000000000E-005
            }
        },
        "solver" : {
            "formulation" : "dirichlet-source-free",
            "control_point_offset" : 2.39883291901949E-005,
            "matrix_solver" : "GMRES"
        },
        "post_processing" : {
            "pressure_rules" : {
                "incompressible" : true
            }
        },
        "output" : {
            "report_file" : "studies/adjoint_studies/central_diff_norm_cp_offset/reports/cp_offset_2_39883291901949e-05_dirichlet_source_free.json"
        }
    },
    "total_runtime" : 3.10000000000000E-002
}
