{
    "info" : {
        "generated_by" : "MachLine (c) 2023 USU Aerolab",
        "executed" : "Wed Jul 17 16:11:02 2024"
    },
    "mesh_info" : {
        "N_body_panels" : 48,
        "N_body_vertices" : 26,
        "N_wake_panels" : 0,
        "N_wake_filaments" : 0,
        "average_characteristic_length" : 4.76931461379173E-001,
        "max_flow_turning_angle" : 9.00000000000000E+001
    },
    "solver_results" : {
        "solver_status_code" : 0,
        "system_dimension" : 26,
        "timing" : {
            "system_sorting" : 2.10000000000000E-006,
            "preconditioner" : 9.90000000000000E-006,
            "matrix_solver" : 2.06000000000000E-005
        },
        "iterations" : 10,
        "residual" : {
            "max" : 5.06261699229071E-014,
            "norm" : 1.35500179518644E-013
        }
    },
    "pressure_calculations" : {
        "incompressible_rule" : {
            "max" : 5.98045730557640E-001,
            "min" : -7.78988759492005E-001
        }
    },
    "total_forces" : {
        "Cx" : -1.26008839756997E-006,
        "Cy" : 1.30147286501320E-006,
        "Cz" : 5.30694459849324E-007
    },
    "total_moments" : {
        "CMx" : 2.27653397869010E-010,
        "CMy" : -3.84633706328533E-006,
        "CMz" : 5.18580372120547E-006
    },
    "input" : {
        "flow" : {
            "freestream_velocity" : [
                    1.00000000000000E+000,
                    0.00000000000000E+000,
                    0.00000000000000E+000
                ]
        },
        "geometry" : {
            "file" : "studies/adjoint_studies/central_diff_norm_cp_offset/meshes/sphere_coarse2.stl",
            "wake_model" : {
                "wake_present" : false
            },
            "adjoint_sensitivities" : {
                "calc_adjoint" : false
            },
            "perturbation" : {
                "perturb_point" : true,
                "point_index" : 25,
                "xyz_index" : 1,
                "step" : 1.00000000000000E-005
            }
        },
        "solver" : {
            "formulation" : "dirichlet-source-free",
            "control_point_offset" : 1.09647819614319E-001,
            "matrix_solver" : "GMRES"
        },
        "post_processing" : {
            "pressure_rules" : {
                "incompressible" : true
            }
        },
        "output" : {
            "report_file" : "studies/adjoint_studies/central_diff_norm_cp_offset/reports/cp_offset_0_10964781961431873_dirichlet_source_free.json"
        }
    },
    "total_runtime" : 1.60000000000000E-002
}
