{
    "info" : {
        "generated_by" : "MachLine (c) 2023 USU Aerolab",
        "executed" : "Wed Jul 17 16:11:01 2024"
    },
    "mesh_info" : {
        "N_body_panels" : 48,
        "N_body_vertices" : 26,
        "N_wake_panels" : 0,
        "N_wake_filaments" : 0,
        "average_characteristic_length" : 4.76931461379173E-001,
        "max_flow_turning_angle" : 9.00000000000000E+001
    },
    "solver_results" : {
        "solver_status_code" : 0,
        "system_dimension" : 26,
        "timing" : {
            "system_sorting" : 2.30000000000000E-006,
            "preconditioner" : 1.09000000000000E-005,
            "matrix_solver" : 2.41000000000000E-005
        },
        "iterations" : 8,
        "residual" : {
            "max" : 2.08721928629529E-014,
            "norm" : 3.96257485304628E-014
        }
    },
    "pressure_calculations" : {
        "incompressible_rule" : {
            "max" : 6.22149269612273E-001,
            "min" : -7.16420255362937E-001
        }
    },
    "total_forces" : {
        "Cx" : -1.05764758283333E-006,
        "Cy" : 1.42186775713843E-006,
        "Cz" : 8.62660491693368E-007
    },
    "total_moments" : {
        "CMx" : 2.24484052006868E-010,
        "CMy" : -4.09913590143640E-006,
        "CMz" : 5.15259434772514E-006
    },
    "input" : {
        "flow" : {
            "freestream_velocity" : [
                    1.00000000000000E+000,
                    0.00000000000000E+000,
                    0.00000000000000E+000
                ]
        },
        "geometry" : {
            "file" : "studies/adjoint_studies/central_diff_norm_cp_offset/meshes/sphere_coarse2.stl",
            "wake_model" : {
                "wake_present" : false
            },
            "adjoint_sensitivities" : {
                "calc_adjoint" : false
            },
            "perturbation" : {
                "perturb_point" : true,
                "point_index" : 25,
                "xyz_index" : 1,
                "step" : 1.00000000000000E-005
            }
        },
        "solver" : {
            "formulation" : "dirichlet-source-free",
            "control_point_offset" : 3.63078054770102E-002,
            "matrix_solver" : "GMRES"
        },
        "post_processing" : {
            "pressure_rules" : {
                "incompressible" : true
            }
        },
        "output" : {
            "report_file" : "studies/adjoint_studies/central_diff_norm_cp_offset/reports/cp_offset_0_03630780547701017_dirichlet_source_free.json"
        }
    },
    "total_runtime" : 3.20000000000000E-002
}
