{
    "info" : {
        "generated_by" : "MachLine (c) 2023 USU Aerolab",
        "executed" : "Wed Jul 17 16:10:56 2024"
    },
    "mesh_info" : {
        "N_body_panels" : 48,
        "N_body_vertices" : 26,
        "N_wake_panels" : 0,
        "N_wake_filaments" : 0,
        "average_characteristic_length" : 4.76931461379173E-001,
        "max_flow_turning_angle" : 9.00000000000000E+001
    },
    "solver_results" : {
        "solver_status_code" : 0,
        "system_dimension" : 26,
        "timing" : {
            "system_sorting" : 2.10000000000000E-006,
            "preconditioner" : 1.16000000000000E-005,
            "matrix_solver" : 1.78000000000000E-005
        },
        "iterations" : 6,
        "residual" : {
            "max" : 8.92619311798626E-014,
            "norm" : 1.92583048282970E-013
        }
    },
    "pressure_calculations" : {
        "incompressible_rule" : {
            "max" : 6.43360955046746E-001,
            "min" : -6.52098507779514E-001
        }
    },
    "total_forces" : {
        "Cx" : -9.48111993054335E-007,
        "Cy" : 1.55813991623011E-006,
        "Cz" : 1.14584768803883E-006
    },
    "total_moments" : {
        "CMx" : 2.17128634516506E-010,
        "CMy" : -4.29024633287478E-006,
        "CMz" : 5.14092413961276E-006
    },
    "input" : {
        "flow" : {
            "freestream_velocity" : [
                    1.00000000000000E+000,
                    0.00000000000000E+000,
                    0.00000000000000E+000
                ]
        },
        "geometry" : {
            "file" : "studies/adjoint_studies/central_diff_norm_cp_offset/meshes/sphere_coarse2.stl",
            "wake_model" : {
                "wake_present" : false
            },
            "adjoint_sensitivities" : {
                "calc_adjoint" : false
            },
            "perturbation" : {
                "perturb_point" : true,
                "point_index" : 25,
                "xyz_index" : 1,
                "step" : 1.00000000000000E-005
            }
        },
        "solver" : {
            "formulation" : "dirichlet-source-free",
            "control_point_offset" : 8.70963589956080E-004,
            "matrix_solver" : "GMRES"
        },
        "post_processing" : {
            "pressure_rules" : {
                "incompressible" : true
            }
        },
        "output" : {
            "report_file" : "studies/adjoint_studies/central_diff_norm_cp_offset/reports/cp_offset_0_0008709635899560796_dirichlet_source_free.json"
        }
    },
    "total_runtime" : 1.60000000000000E-002
}
