{
    "info" : {
        "generated_by" : "MachLine (c) 2023 USU Aerolab",
        "executed" : "Fri Jul 19 09:03:47 2024"
    },
    "mesh_info" : {
        "N_body_panels" : 48,
        "N_body_vertices" : 26,
        "N_wake_panels" : 0,
        "N_wake_filaments" : 0,
        "average_characteristic_length" : 4.76887257362578E-001,
        "max_flow_turning_angle" : 9.00000000000000E+001
    },
    "solver_results" : {
        "solver_status_code" : 0,
        "system_dimension" : 26,
        "timing" : {
            "system_sorting" : 2.20000000000000E-006,
            "preconditioner" : 9.30000000000000E-006,
            "matrix_solver" : 2.93000000000000E-005
        },
        "iterations" : 11,
        "residual" : {
            "max" : 1.20070620113211E-013,
            "norm" : 3.63663436142453E-013
        }
    },
    "pressure_calculations" : {
        "incompressible_rule" : {
            "max" : 6.95114428485932E-001,
            "min" : -7.80157538680715E-001
        }
    },
    "total_forces" : {
        "Cx" : -7.21036813771614E-003,
        "Cy" : -9.22872889219661E-016,
        "Cz" : -5.63527954254120E-003
    },
    "total_moments" : {
        "CMx" : 4.42354486374086E-017,
        "CMy" : 1.67831507410721E-003,
        "CMz" : -9.08995101411847E-016
    },
    "input" : {
        "flow" : {
            "freestream_velocity" : [
                    1.00000000000000E+000,
                    0.00000000000000E+000,
                    0.00000000000000E+000
                ]
        },
        "geometry" : {
            "file" : "studies/adjoint_studies/central_diff_norm_cp_offset/meshes/sphere_coarse2.stl",
            "wake_model" : {
                "wake_present" : false
            },
            "adjoint_sensitivities" : {
                "calc_adjoint" : false
            },
            "perturbation" : {
                "perturb_point" : true,
                "point_index" : 26,
                "xyz_index" : 3,
                "step" : -1.00000000000000E-001
            }
        },
        "solver" : {
            "formulation" : "dirichlet-source-free",
            "control_point_offset" : 8.79022516830886E-002,
            "matrix_solver" : "GMRES"
        },
        "post_processing" : {
            "pressure_rules" : {
                "incompressible" : true
            }
        },
        "output" : {
            "report_file" : "studies/adjoint_studies/central_diff_norm_cp_offset/reports/cp_offset_0_0879022516830886_dirichlet_source_free.json"
        }
    },
    "total_runtime" : 1.60000000000000E-002
}
