{
    "info" : {
        "generated_by" : "MachLine (c) 2023 USU Aerolab",
        "executed" : "Fri Jul 19 09:03:27 2024"
    },
    "mesh_info" : {
        "N_body_panels" : 48,
        "N_body_vertices" : 26,
        "N_wake_panels" : 0,
        "N_wake_filaments" : 0,
        "average_characteristic_length" : 4.76887257362578E-001,
        "max_flow_turning_angle" : 9.00000000000000E+001
    },
    "solver_results" : {
        "solver_status_code" : 0,
        "system_dimension" : 26,
        "timing" : {
            "system_sorting" : 2.10000000000000E-006,
            "preconditioner" : 1.37000000000000E-005,
            "matrix_solver" : 2.06000000000000E-005
        },
        "iterations" : 8,
        "residual" : {
            "max" : 3.33066907387547E-015,
            "norm" : 1.08725439415170E-014
        }
    },
    "pressure_calculations" : {
        "incompressible_rule" : {
            "max" : 7.23252486931655E-001,
            "min" : -6.52304579843132E-001
        }
    },
    "total_forces" : {
        "Cx" : -7.60271723595762E-003,
        "Cy" : 8.99352814442977E-012,
        "Cz" : -1.94698283716033E-002
    },
    "total_moments" : {
        "CMx" : -7.29426935519584E-013,
        "CMy" : 1.55208363853546E-002,
        "CMz" : 1.81822681910582E-011
    },
    "input" : {
        "flow" : {
            "freestream_velocity" : [
                    1.00000000000000E+000,
                    0.00000000000000E+000,
                    0.00000000000000E+000
                ]
        },
        "geometry" : {
            "file" : "studies/adjoint_studies/central_diff_norm_cp_offset/meshes/sphere_coarse2.stl",
            "wake_model" : {
                "wake_present" : false
            },
            "adjoint_sensitivities" : {
                "calc_adjoint" : false
            },
            "perturbation" : {
                "perturb_point" : true,
                "point_index" : 26,
                "xyz_index" : 3,
                "step" : -1.00000000000000E-001
            }
        },
        "solver" : {
            "formulation" : "dirichlet-source-free",
            "control_point_offset" : 1.36772882559585E-007,
            "matrix_solver" : "GMRES"
        },
        "post_processing" : {
            "pressure_rules" : {
                "incompressible" : true
            }
        },
        "output" : {
            "report_file" : "studies/adjoint_studies/central_diff_norm_cp_offset/reports/cp_offset_1_3677288255958496e-07_dirichlet_source_free.json"
        }
    },
    "total_runtime" : 3.10000000000000E-002
}
