{
    "info" : {
        "generated_by" : "MachLine (c) 2023 USU Aerolab",
        "executed" : "Fri Jul 19 09:03:38 2024"
    },
    "mesh_info" : {
        "N_body_panels" : 48,
        "N_body_vertices" : 26,
        "N_wake_panels" : 0,
        "N_wake_filaments" : 0,
        "average_characteristic_length" : 4.76887257362578E-001,
        "max_flow_turning_angle" : 9.00000000000000E+001
    },
    "solver_results" : {
        "solver_status_code" : 0,
        "system_dimension" : 26,
        "timing" : {
            "system_sorting" : 2.20000000000000E-006,
            "preconditioner" : 9.50000000000000E-006,
            "matrix_solver" : 1.89000000000000E-005
        },
        "iterations" : 8,
        "residual" : {
            "max" : 3.88578058618805E-015,
            "norm" : 1.08574784556952E-014
        }
    },
    "pressure_calculations" : {
        "incompressible_rule" : {
            "max" : 7.23004785658527E-001,
            "min" : -6.53458312774378E-001
        }
    },
    "total_forces" : {
        "Cx" : -7.60664056096538E-003,
        "Cy" : -2.05842287659408E-013,
        "Cz" : -1.93977879456898E-002
    },
    "total_moments" : {
        "CMx" : 6.22765727875674E-016,
        "CMy" : 1.54475988518166E-002,
        "CMz" : -2.20858054067463E-013
    },
    "input" : {
        "flow" : {
            "freestream_velocity" : [
                    1.00000000000000E+000,
                    0.00000000000000E+000,
                    0.00000000000000E+000
                ]
        },
        "geometry" : {
            "file" : "studies/adjoint_studies/central_diff_norm_cp_offset/meshes/sphere_coarse2.stl",
            "wake_model" : {
                "wake_present" : false
            },
            "adjoint_sensitivities" : {
                "calc_adjoint" : false
            },
            "perturbation" : {
                "perturb_point" : true,
                "point_index" : 26,
                "xyz_index" : 3,
                "step" : -1.00000000000000E-001
            }
        },
        "solver" : {
            "formulation" : "dirichlet-source-free",
            "control_point_offset" : 2.01372424986239E-004,
            "matrix_solver" : "GMRES"
        },
        "post_processing" : {
            "pressure_rules" : {
                "incompressible" : true
            }
        },
        "output" : {
            "report_file" : "studies/adjoint_studies/central_diff_norm_cp_offset/reports/cp_offset_0_00020137242498623895_dirichlet_source_free.json"
        }
    },
    "total_runtime" : 3.10000000000000E-002
}
