{
    "info" : {
        "generated_by" : "MachLine (c) 2023 USU Aerolab",
        "executed" : "Wed Jul 17 16:10:31 2024"
    },
    "mesh_info" : {
        "N_body_panels" : 48,
        "N_body_vertices" : 26,
        "N_wake_panels" : 0,
        "N_wake_filaments" : 0,
        "average_characteristic_length" : 4.76931461379173E-001,
        "max_flow_turning_angle" : 9.00000000000000E+001
    },
    "solver_results" : {
        "solver_status_code" : 0,
        "system_dimension" : 26,
        "timing" : {
            "system_sorting" : 2.20000000000000E-006,
            "preconditioner" : 9.70000000000000E-006,
            "matrix_solver" : 1.79000000000000E-005
        },
        "iterations" : 6,
        "residual" : {
            "max" : 8.47450473814907E-014,
            "norm" : 1.62740162669035E-013
        }
    },
    "pressure_calculations" : {
        "incompressible_rule" : {
            "max" : 6.44561276630655E-001,
            "min" : -6.48276819698710E-001
        }
    },
    "total_forces" : {
        "Cx" : 1.33957071638963E-005,
        "Cy" : -5.83130500596968E-006,
        "Cz" : -4.59116274061089E-006
    },
    "total_moments" : {
        "CMx" : 1.56724199590341E-011,
        "CMy" : 1.61267499035334E-006,
        "CMz" : -2.62018837537265E-006
    },
    "input" : {
        "flow" : {
            "freestream_velocity" : [
                    1.00000000000000E+000,
                    0.00000000000000E+000,
                    0.00000000000000E+000
                ]
        },
        "geometry" : {
            "file" : "studies/adjoint_studies/central_diff_norm_cp_offset/meshes/sphere_coarse2.stl",
            "wake_model" : {
                "wake_present" : false
            },
            "adjoint_sensitivities" : {
                "calc_adjoint" : false
            },
            "perturbation" : {
                "perturb_point" : true,
                "point_index" : 25,
                "xyz_index" : 1,
                "step" : 1.00000000000000E-005
            }
        },
        "solver" : {
            "formulation" : "dirichlet-source-free",
            "control_point_offset" : 2.08929613085404E-011,
            "matrix_solver" : "GMRES"
        },
        "post_processing" : {
            "pressure_rules" : {
                "incompressible" : true
            }
        },
        "output" : {
            "report_file" : "studies/adjoint_studies/central_diff_norm_cp_offset/reports/cp_offset_2_089296130854041e-11_dirichlet_source_free.json"
        }
    },
    "total_runtime" : 1.60000000000000E-002
}
