{
    "info" : {
        "generated_by" : "MachLine (c) 2023 USU Aerolab",
        "executed" : "Wed Jul 17 16:10:32 2024"
    },
    "mesh_info" : {
        "N_body_panels" : 48,
        "N_body_vertices" : 26,
        "N_wake_panels" : 0,
        "N_wake_filaments" : 0,
        "average_characteristic_length" : 4.76931461379173E-001,
        "max_flow_turning_angle" : 9.00000000000000E+001
    },
    "solver_results" : {
        "solver_status_code" : 0,
        "system_dimension" : 26,
        "timing" : {
            "system_sorting" : 2.00000000000000E-006,
            "preconditioner" : 6.50000000000000E-006,
            "matrix_solver" : 2.19000000000000E-005
        },
        "iterations" : 6,
        "residual" : {
            "max" : 4.95159468982820E-014,
            "norm" : 9.42254639385321E-014
        }
    },
    "pressure_calculations" : {
        "incompressible_rule" : {
            "max" : 6.44568240932034E-001,
            "min" : -6.48268653896589E-001
        }
    },
    "total_forces" : {
        "Cx" : 5.86535875429783E-006,
        "Cy" : -2.88095015355677E-006,
        "Cz" : -4.71182632790293E-006
    },
    "total_moments" : {
        "CMx" : 1.24677653617900E-010,
        "CMy" : 1.27685505981953E-006,
        "CMz" : 4.33791667739380E-007
    },
    "input" : {
        "flow" : {
            "freestream_velocity" : [
                    1.00000000000000E+000,
                    0.00000000000000E+000,
                    0.00000000000000E+000
                ]
        },
        "geometry" : {
            "file" : "studies/adjoint_studies/central_diff_norm_cp_offset/meshes/sphere_coarse2.stl",
            "wake_model" : {
                "wake_present" : false
            },
            "adjoint_sensitivities" : {
                "calc_adjoint" : false
            },
            "perturbation" : {
                "perturb_point" : true,
                "point_index" : 25,
                "xyz_index" : 1,
                "step" : 1.00000000000000E-005
            }
        },
        "solver" : {
            "formulation" : "dirichlet-source-free",
            "control_point_offset" : 3.73250157795720E-011,
            "matrix_solver" : "GMRES"
        },
        "post_processing" : {
            "pressure_rules" : {
                "incompressible" : true
            }
        },
        "output" : {
            "report_file" : "studies/adjoint_studies/central_diff_norm_cp_offset/reports/cp_offset_3_732501577957199e-11_dirichlet_source_free.json"
        }
    },
    "total_runtime" : 1.60000000000000E-002
}
