{
    "info" : {
        "generated_by" : "MachLine (c) 2023 USU Aerolab",
        "executed" : "Wed Jul 17 16:10:33 2024"
    },
    "mesh_info" : {
        "N_body_panels" : 48,
        "N_body_vertices" : 26,
        "N_wake_panels" : 0,
        "N_wake_filaments" : 0,
        "average_characteristic_length" : 4.76931461379173E-001,
        "max_flow_turning_angle" : 9.00000000000000E+001
    },
    "solver_results" : {
        "solver_status_code" : 0,
        "system_dimension" : 26,
        "timing" : {
            "system_sorting" : 3.40000000000000E-006,
            "preconditioner" : 1.10000000000000E-005,
            "matrix_solver" : 1.86000000000000E-005
        },
        "iterations" : 6,
        "residual" : {
            "max" : 5.17363929475323E-014,
            "norm" : 9.41962549555176E-014
        }
    },
    "pressure_calculations" : {
        "incompressible_rule" : {
            "max" : 6.44567264954256E-001,
            "min" : -6.48258467535984E-001
        }
    },
    "total_forces" : {
        "Cx" : -7.19535790547066E-007,
        "Cy" : 7.85606118360038E-007,
        "Cz" : 7.19702215757484E-007
    },
    "total_moments" : {
        "CMx" : 2.03940430515415E-010,
        "CMy" : -3.87411317800263E-006,
        "CMz" : 4.27052812673745E-006
    },
    "input" : {
        "flow" : {
            "freestream_velocity" : [
                    1.00000000000000E+000,
                    0.00000000000000E+000,
                    0.00000000000000E+000
                ]
        },
        "geometry" : {
            "file" : "studies/adjoint_studies/central_diff_norm_cp_offset/meshes/sphere_coarse2.stl",
            "wake_model" : {
                "wake_present" : false
            },
            "adjoint_sensitivities" : {
                "calc_adjoint" : false
            },
            "perturbation" : {
                "perturb_point" : true,
                "point_index" : 25,
                "xyz_index" : 1,
                "step" : 1.00000000000000E-005
            }
        },
        "solver" : {
            "formulation" : "dirichlet-source-free",
            "control_point_offset" : 1.19124200802738E-010,
            "matrix_solver" : "GMRES"
        },
        "post_processing" : {
            "pressure_rules" : {
                "incompressible" : true
            }
        },
        "output" : {
            "report_file" : "studies/adjoint_studies/central_diff_norm_cp_offset/reports/cp_offset_1_1912420080273763e-10_dirichlet_source_free.json"
        }
    },
    "total_runtime" : 1.60000000000000E-002
}
