{
    "info" : {
        "generated_by" : "MachLine (c) 2023 USU Aerolab",
        "executed" : "Fri Jul 19 09:03:27 2024"
    },
    "mesh_info" : {
        "N_body_panels" : 48,
        "N_body_vertices" : 26,
        "N_wake_panels" : 0,
        "N_wake_filaments" : 0,
        "average_characteristic_length" : 4.76887257362578E-001,
        "max_flow_turning_angle" : 9.00000000000000E+001
    },
    "solver_results" : {
        "solver_status_code" : 0,
        "system_dimension" : 26,
        "timing" : {
            "system_sorting" : 2.40000000000000E-006,
            "preconditioner" : 9.70000000000000E-006,
            "matrix_solver" : 2.30000000000000E-005
        },
        "iterations" : 8,
        "residual" : {
            "max" : 4.66293670342566E-015,
            "norm" : 1.23055151688261E-014
        }
    },
    "pressure_calculations" : {
        "incompressible_rule" : {
            "max" : 7.23252597873641E-001,
            "min" : -6.52304064405313E-001
        }
    },
    "total_forces" : {
        "Cx" : -7.60271084956388E-003,
        "Cy" : -5.18483783684687E-010,
        "Cz" : -1.94698580835628E-002
    },
    "total_moments" : {
        "CMx" : 9.35020290360189E-013,
        "CMy" : 1.55208667567845E-002,
        "CMz" : -4.76679529182178E-010
    },
    "input" : {
        "flow" : {
            "freestream_velocity" : [
                    1.00000000000000E+000,
                    0.00000000000000E+000,
                    0.00000000000000E+000
                ]
        },
        "geometry" : {
            "file" : "studies/adjoint_studies/central_diff_norm_cp_offset/meshes/sphere_coarse2.stl",
            "wake_model" : {
                "wake_present" : false
            },
            "adjoint_sensitivities" : {
                "calc_adjoint" : false
            },
            "perturbation" : {
                "perturb_point" : true,
                "point_index" : 26,
                "xyz_index" : 3,
                "step" : -1.00000000000000E-001
            }
        },
        "solver" : {
            "formulation" : "dirichlet-source-free",
            "control_point_offset" : 8.79022516830884E-008,
            "matrix_solver" : "GMRES"
        },
        "post_processing" : {
            "pressure_rules" : {
                "incompressible" : true
            }
        },
        "output" : {
            "report_file" : "studies/adjoint_studies/central_diff_norm_cp_offset/reports/cp_offset_8_790225168308842e-08_dirichlet_source_free.json"
        }
    },
    "total_runtime" : 1.60000000000000E-002
}
