{
    "info" : {
        "generated_by" : "MachLine (c) 2023 USU Aerolab",
        "executed" : "Fri Jul 19 09:03:47 2024"
    },
    "mesh_info" : {
        "N_body_panels" : 48,
        "N_body_vertices" : 26,
        "N_wake_panels" : 0,
        "N_wake_filaments" : 0,
        "average_characteristic_length" : 4.76887257362578E-001,
        "max_flow_turning_angle" : 9.00000000000000E+001
    },
    "solver_results" : {
        "solver_status_code" : 0,
        "system_dimension" : 26,
        "timing" : {
            "system_sorting" : 2.20000000000000E-006,
            "preconditioner" : 9.00000000000000E-006,
            "matrix_solver" : 2.27000000000000E-005
        },
        "iterations" : 12,
        "residual" : {
            "max" : 3.68038932663239E-014,
            "norm" : 8.47429132984727E-014
        }
    },
    "pressure_calculations" : {
        "incompressible_rule" : {
            "max" : 6.93670508251670E-001,
            "min" : -7.86311432061246E-001
        }
    },
    "total_forces" : {
        "Cx" : -7.13000608294292E-003,
        "Cy" : 1.80411241501588E-016,
        "Cz" : -4.61729072115191E-003
    },
    "total_moments" : {
        "CMx" : -1.56125112837913E-017,
        "CMy" : 6.65902926647463E-004,
        "CMz" : 3.74700270810990E-016
    },
    "input" : {
        "flow" : {
            "freestream_velocity" : [
                    1.00000000000000E+000,
                    0.00000000000000E+000,
                    0.00000000000000E+000
                ]
        },
        "geometry" : {
            "file" : "studies/adjoint_studies/central_diff_norm_cp_offset/meshes/sphere_coarse2.stl",
            "wake_model" : {
                "wake_present" : false
            },
            "adjoint_sensitivities" : {
                "calc_adjoint" : false
            },
            "perturbation" : {
                "perturb_point" : true,
                "point_index" : 26,
                "xyz_index" : 3,
                "step" : -1.00000000000000E-001
            }
        },
        "solver" : {
            "formulation" : "dirichlet-source-free",
            "control_point_offset" : 9.54992586021437E-002,
            "matrix_solver" : "GMRES"
        },
        "post_processing" : {
            "pressure_rules" : {
                "incompressible" : true
            }
        },
        "output" : {
            "report_file" : "studies/adjoint_studies/central_diff_norm_cp_offset/reports/cp_offset_0_09549925860214369_dirichlet_source_free.json"
        }
    },
    "total_runtime" : 1.60000000000000E-002
}
