{
    "info" : {
        "generated_by" : "MachLine (c) 2023 USU Aerolab",
        "executed" : "Fri Jul 19 09:03:33 2024"
    },
    "mesh_info" : {
        "N_body_panels" : 48,
        "N_body_vertices" : 26,
        "N_wake_panels" : 0,
        "N_wake_filaments" : 0,
        "average_characteristic_length" : 4.76887257362578E-001,
        "max_flow_turning_angle" : 9.00000000000000E+001
    },
    "solver_results" : {
        "solver_status_code" : 0,
        "system_dimension" : 26,
        "timing" : {
            "system_sorting" : 2.00000000000000E-006,
            "preconditioner" : 1.01000000000000E-005,
            "matrix_solver" : 2.42000000000000E-005
        },
        "iterations" : 8,
        "residual" : {
            "max" : 3.21964677141295E-015,
            "norm" : 1.05871642935632E-014
        }
    },
    "pressure_calculations" : {
        "incompressible_rule" : {
            "max" : 7.23238497861915E-001,
            "min" : -6.52369334541884E-001
        }
    },
    "total_forces" : {
        "Cx" : -7.60296317385920E-003,
        "Cy" : 4.17112178130452E-012,
        "Cz" : -1.94659513418440E-002
    },
    "total_moments" : {
        "CMx" : -1.62014499038854E-014,
        "CMy" : 1.55168864147090E-002,
        "CMz" : 4.25862123343279E-012
    },
    "input" : {
        "flow" : {
            "freestream_velocity" : [
                    1.00000000000000E+000,
                    0.00000000000000E+000,
                    0.00000000000000E+000
                ]
        },
        "geometry" : {
            "file" : "studies/adjoint_studies/central_diff_norm_cp_offset/meshes/sphere_coarse2.stl",
            "wake_model" : {
                "wake_present" : false
            },
            "adjoint_sensitivities" : {
                "calc_adjoint" : false
            },
            "perturbation" : {
                "perturb_point" : true,
                "point_index" : 26,
                "xyz_index" : 3,
                "step" : -1.00000000000000E-001
            }
        },
        "solver" : {
            "formulation" : "dirichlet-source-free",
            "control_point_offset" : 8.16582371358592E-006,
            "matrix_solver" : "GMRES"
        },
        "post_processing" : {
            "pressure_rules" : {
                "incompressible" : true
            }
        },
        "output" : {
            "report_file" : "studies/adjoint_studies/central_diff_norm_cp_offset/reports/cp_offset_8_165823713585922e-06_dirichlet_source_free.json"
        }
    },
    "total_runtime" : 1.60000000000000E-002
}
