{
    "info" : {
        "generated_by" : "MachLine (c) 2023 USU Aerolab",
        "executed" : "Fri Jul 19 09:03:34 2024"
    },
    "mesh_info" : {
        "N_body_panels" : 48,
        "N_body_vertices" : 26,
        "N_wake_panels" : 0,
        "N_wake_filaments" : 0,
        "average_characteristic_length" : 4.76887257362578E-001,
        "max_flow_turning_angle" : 9.00000000000000E+001
    },
    "solver_results" : {
        "solver_status_code" : 0,
        "system_dimension" : 26,
        "timing" : {
            "system_sorting" : 2.10000000000000E-006,
            "preconditioner" : 4.40000000000000E-006,
            "matrix_solver" : 2.50000000000000E-005
        },
        "iterations" : 8,
        "residual" : {
            "max" : 4.44089209850063E-015,
            "norm" : 1.17507726607904E-014
        }
    },
    "pressure_calculations" : {
        "incompressible_rule" : {
            "max" : 7.23225408356500E-001,
            "min" : -6.52430063076447E-001
        }
    },
    "total_forces" : {
        "Cx" : -7.60318444410774E-003,
        "Cy" : -5.10466668934839E-013,
        "Cz" : -1.94622629027201E-002
    },
    "total_moments" : {
        "CMx" : -4.46604558890229E-015,
        "CMy" : 1.55131315764946E-002,
        "CMz" : -4.24327240011735E-013
    },
    "input" : {
        "flow" : {
            "freestream_velocity" : [
                    1.00000000000000E+000,
                    0.00000000000000E+000,
                    0.00000000000000E+000
                ]
        },
        "geometry" : {
            "file" : "studies/adjoint_studies/central_diff_norm_cp_offset/meshes/sphere_coarse2.stl",
            "wake_model" : {
                "wake_present" : false
            },
            "adjoint_sensitivities" : {
                "calc_adjoint" : false
            },
            "perturbation" : {
                "perturb_point" : true,
                "point_index" : 26,
                "xyz_index" : 3,
                "step" : -1.00000000000000E-001
            }
        },
        "solver" : {
            "formulation" : "dirichlet-source-free",
            "control_point_offset" : 1.67494287602644E-005,
            "matrix_solver" : "GMRES"
        },
        "post_processing" : {
            "pressure_rules" : {
                "incompressible" : true
            }
        },
        "output" : {
            "report_file" : "studies/adjoint_studies/central_diff_norm_cp_offset/reports/cp_offset_1_6749428760264382e-05_dirichlet_source_free.json"
        }
    },
    "total_runtime" : 1.60000000000000E-002
}
