{
    "info" : {
        "generated_by" : "MachLine (c) 2023 USU Aerolab",
        "executed" : "Wed Jul 17 16:11:08 2024"
    },
    "mesh_info" : {
        "N_body_panels" : 48,
        "N_body_vertices" : 26,
        "N_wake_panels" : 0,
        "N_wake_filaments" : 0,
        "average_characteristic_length" : 4.76931259248353E-001,
        "max_flow_turning_angle" : 9.00000000000000E+001
    },
    "solver_results" : {
        "solver_status_code" : 0,
        "system_dimension" : 26,
        "timing" : {
            "system_sorting" : 2.10000000000000E-006,
            "preconditioner" : 4.00000000000000E-006,
            "matrix_solver" : 2.23000000000000E-005
        },
        "iterations" : 6,
        "residual" : {
            "max" : 1.85579001225023E-013,
            "norm" : 3.07379650903921E-013
        }
    },
    "pressure_calculations" : {
        "incompressible_rule" : {
            "max" : 6.44605081835168E-001,
            "min" : -6.48303605253078E-001
        }
    },
    "total_forces" : {
        "Cx" : 1.57989331591168E-005,
        "Cy" : -3.57857927041696E-005,
        "Cz" : -2.62610799228874E-005
    },
    "total_moments" : {
        "CMx" : -6.27418955331804E-010,
        "CMy" : 3.02919617804868E-005,
        "CMz" : -4.14845254479851E-005
    },
    "input" : {
        "flow" : {
            "freestream_velocity" : [
                    1.00000000000000E+000,
                    0.00000000000000E+000,
                    0.00000000000000E+000
                ]
        },
        "geometry" : {
            "file" : "studies/adjoint_studies/central_diff_norm_cp_offset/meshes/sphere_coarse2.stl",
            "wake_model" : {
                "wake_present" : false
            },
            "adjoint_sensitivities" : {
                "calc_adjoint" : false
            },
            "perturbation" : {
                "perturb_point" : true,
                "point_index" : 25,
                "xyz_index" : 1,
                "step" : -1.00000000000000E-005
            }
        },
        "solver" : {
            "formulation" : "dirichlet-source-free",
            "control_point_offset" : 7.51622894018205E-012,
            "matrix_solver" : "GMRES"
        },
        "post_processing" : {
            "pressure_rules" : {
                "incompressible" : true
            }
        },
        "output" : {
            "report_file" : "studies/adjoint_studies/central_diff_norm_cp_offset/reports/cp_offset_7_516228940182046e-12_dirichlet_source_free.json"
        }
    },
    "total_runtime" : 1.60000000000000E-002
}
