{
    "info" : {
        "generated_by" : "MachLine (c) 2023 USU Aerolab",
        "executed" : "Fri Jul 19 09:03:46 2024"
    },
    "mesh_info" : {
        "N_body_panels" : 48,
        "N_body_vertices" : 26,
        "N_wake_panels" : 0,
        "N_wake_filaments" : 0,
        "average_characteristic_length" : 4.76887257362578E-001,
        "max_flow_turning_angle" : 9.00000000000000E+001
    },
    "solver_results" : {
        "solver_status_code" : 0,
        "system_dimension" : 26,
        "timing" : {
            "system_sorting" : 1.90000000000000E-006,
            "preconditioner" : 9.60000000000000E-006,
            "matrix_solver" : 2.59000000000000E-005
        },
        "iterations" : 10,
        "residual" : {
            "max" : 2.81441536742477E-014,
            "norm" : 4.55592703632535E-014
        }
    },
    "pressure_calculations" : {
        "incompressible_rule" : {
            "max" : 7.04888880981952E-001,
            "min" : -7.37272942586791E-001
        }
    },
    "total_forces" : {
        "Cx" : -7.55854665216255E-003,
        "Cy" : 2.35922392732846E-015,
        "Cz" : -1.16579213997055E-002
    },
    "total_moments" : {
        "CMx" : 2.60208521396521E-017,
        "CMy" : 7.67870806451677E-003,
        "CMz" : 2.16493489801906E-015
    },
    "input" : {
        "flow" : {
            "freestream_velocity" : [
                    1.00000000000000E+000,
                    0.00000000000000E+000,
                    0.00000000000000E+000
                ]
        },
        "geometry" : {
            "file" : "studies/adjoint_studies/central_diff_norm_cp_offset/meshes/sphere_coarse2.stl",
            "wake_model" : {
                "wake_present" : false
            },
            "adjoint_sensitivities" : {
                "calc_adjoint" : false
            },
            "perturbation" : {
                "perturb_point" : true,
                "point_index" : 26,
                "xyz_index" : 3,
                "step" : -1.00000000000000E-001
            }
        },
        "solver" : {
            "formulation" : "dirichlet-source-free",
            "control_point_offset" : 4.52897579903621E-002,
            "matrix_solver" : "GMRES"
        },
        "post_processing" : {
            "pressure_rules" : {
                "incompressible" : true
            }
        },
        "output" : {
            "report_file" : "studies/adjoint_studies/central_diff_norm_cp_offset/reports/cp_offset_0_04528975799036213_dirichlet_source_free.json"
        }
    },
    "total_runtime" : 1.60000000000000E-002
}
