{
    "info" : {
        "generated_by" : "MachLine (c) 2023 USU Aerolab",
        "executed" : "Fri Jul 19 09:03:48 2024"
    },
    "mesh_info" : {
        "N_body_panels" : 48,
        "N_body_vertices" : 26,
        "N_wake_panels" : 0,
        "N_wake_filaments" : 0,
        "average_characteristic_length" : 4.76887257362578E-001,
        "max_flow_turning_angle" : 9.00000000000000E+001
    },
    "solver_results" : {
        "solver_status_code" : 0,
        "system_dimension" : 26,
        "timing" : {
            "system_sorting" : 2.50000000000000E-006,
            "preconditioner" : 5.90000000000000E-006,
            "matrix_solver" : 4.12000000000000E-005
        },
        "iterations" : 12,
        "residual" : {
            "max" : 8.90398865749376E-014,
            "norm" : 1.93853285668584E-013
        }
    },
    "pressure_calculations" : {
        "incompressible_rule" : {
            "max" : 6.92180641647654E-001,
            "min" : -7.92611306398271E-001
        }
    },
    "total_forces" : {
        "Cx" : -7.03725134646901E-003,
        "Cy" : 1.13103970633688E-015,
        "Cz" : -3.52890279191123E-003
    },
    "total_moments" : {
        "CMx" : 2.51534904016637E-017,
        "CMy" : -4.16101972263421E-004,
        "CMz" : 6.66133814775094E-016
    },
    "input" : {
        "flow" : {
            "freestream_velocity" : [
                    1.00000000000000E+000,
                    0.00000000000000E+000,
                    0.00000000000000E+000
                ]
        },
        "geometry" : {
            "file" : "studies/adjoint_studies/central_diff_norm_cp_offset/meshes/sphere_coarse2.stl",
            "wake_model" : {
                "wake_present" : false
            },
            "adjoint_sensitivities" : {
                "calc_adjoint" : false
            },
            "perturbation" : {
                "perturb_point" : true,
                "point_index" : 26,
                "xyz_index" : 3,
                "step" : -1.00000000000000E-001
            }
        },
        "solver" : {
            "formulation" : "dirichlet-source-free",
            "control_point_offset" : 1.03752841581801E-001,
            "matrix_solver" : "GMRES"
        },
        "post_processing" : {
            "pressure_rules" : {
                "incompressible" : true
            }
        },
        "output" : {
            "report_file" : "studies/adjoint_studies/central_diff_norm_cp_offset/reports/cp_offset_0_10375284158180126_dirichlet_source_free.json"
        }
    },
    "total_runtime" : 1.60000000000000E-002
}
