{
    "info" : {
        "generated_by" : "MachLine (c) 2023 USU Aerolab",
        "executed" : "Wed Jul 17 16:10:38 2024"
    },
    "mesh_info" : {
        "N_body_panels" : 48,
        "N_body_vertices" : 26,
        "N_wake_panels" : 0,
        "N_wake_filaments" : 0,
        "average_characteristic_length" : 4.76931461379173E-001,
        "max_flow_turning_angle" : 9.00000000000000E+001
    },
    "solver_results" : {
        "solver_status_code" : 0,
        "system_dimension" : 26,
        "timing" : {
            "system_sorting" : 2.60000000000000E-006,
            "preconditioner" : 4.70000000000000E-006,
            "matrix_solver" : 2.45000000000000E-005
        },
        "iterations" : 6,
        "residual" : {
            "max" : 5.17363929475323E-014,
            "norm" : 9.45913060998911E-014
        }
    },
    "pressure_calculations" : {
        "incompressible_rule" : {
            "max" : 6.44566948417997E-001,
            "min" : -6.48258428288825E-001
        }
    },
    "total_forces" : {
        "Cx" : -9.06229701766459E-007,
        "Cy" : 1.54149115082214E-006,
        "Cz" : 1.15885243145292E-006
    },
    "total_moments" : {
        "CMx" : 2.16123530530354E-010,
        "CMy" : -4.29977816018834E-006,
        "CMz" : 5.11061349779685E-006
    },
    "input" : {
        "flow" : {
            "freestream_velocity" : [
                    1.00000000000000E+000,
                    0.00000000000000E+000,
                    0.00000000000000E+000
                ]
        },
        "geometry" : {
            "file" : "studies/adjoint_studies/central_diff_norm_cp_offset/meshes/sphere_coarse2.stl",
            "wake_model" : {
                "wake_present" : false
            },
            "adjoint_sensitivities" : {
                "calc_adjoint" : false
            },
            "perturbation" : {
                "perturb_point" : true,
                "point_index" : 25,
                "xyz_index" : 1,
                "step" : 1.00000000000000E-005
            }
        },
        "solver" : {
            "formulation" : "dirichlet-source-free",
            "control_point_offset" : 2.63026799189538E-009,
            "matrix_solver" : "GMRES"
        },
        "post_processing" : {
            "pressure_rules" : {
                "incompressible" : true
            }
        },
        "output" : {
            "report_file" : "studies/adjoint_studies/central_diff_norm_cp_offset/reports/cp_offset_2_6302679918953816e-09_dirichlet_source_free.json"
        }
    },
    "total_runtime" : 1.60000000000000E-002
}
