{
    "info" : {
        "generated_by" : "MachLine (c) 2023 USU Aerolab",
        "executed" : "Fri Jul 19 09:03:51 2024"
    },
    "mesh_info" : {
        "N_body_panels" : 48,
        "N_body_vertices" : 26,
        "N_wake_panels" : 0,
        "N_wake_filaments" : 0,
        "average_characteristic_length" : 4.76887257362578E-001,
        "max_flow_turning_angle" : 9.00000000000000E+001
    },
    "solver_results" : {
        "solver_status_code" : 0,
        "system_dimension" : 26,
        "timing" : {
            "system_sorting" : 2.10000000000000E-006,
            "preconditioner" : 8.90000000000000E-006,
            "matrix_solver" : 3.87000000000000E-005
        },
        "iterations" : 22,
        "residual" : {
            "max" : 5.99520433297585E-015,
            "norm" : 1.61597528301470E-014
        }
    },
    "pressure_calculations" : {
        "incompressible_rule" : {
            "max" : 6.97911730680101E-001,
            "min" : -9.31261178134564E-001
        }
    },
    "total_forces" : {
        "Cx" : 7.37559168981194E-003,
        "Cy" : -1.07254483072694E-013,
        "Cz" : 1.69550450382272E-002
    },
    "total_moments" : {
        "CMx" : -2.95466776045750E-014,
        "CMy" : -2.01047704322008E-002,
        "CMz" : 1.60059465681428E-013
    },
    "input" : {
        "flow" : {
            "freestream_velocity" : [
                    1.00000000000000E+000,
                    0.00000000000000E+000,
                    0.00000000000000E+000
                ]
        },
        "geometry" : {
            "file" : "studies/adjoint_studies/central_diff_norm_cp_offset/meshes/sphere_coarse2.stl",
            "wake_model" : {
                "wake_present" : false
            },
            "adjoint_sensitivities" : {
                "calc_adjoint" : false
            },
            "perturbation" : {
                "perturb_point" : true,
                "point_index" : 26,
                "xyz_index" : 3,
                "step" : -1.00000000000000E-001
            }
        },
        "solver" : {
            "formulation" : "dirichlet-source-free",
            "control_point_offset" : 8.01678063387679E-001,
            "matrix_solver" : "GMRES"
        },
        "post_processing" : {
            "pressure_rules" : {
                "incompressible" : true
            }
        },
        "output" : {
            "report_file" : "studies/adjoint_studies/central_diff_norm_cp_offset/reports/cp_offset_0_801678063387679_dirichlet_source_free.json"
        }
    },
    "total_runtime" : 3.10000000000000E-002
}
