{
    "info" : {
        "generated_by" : "MachLine (c) 2023 USU Aerolab",
        "executed" : "Fri Jul 19 09:03:48 2024"
    },
    "mesh_info" : {
        "N_body_panels" : 48,
        "N_body_vertices" : 26,
        "N_wake_panels" : 0,
        "N_wake_filaments" : 0,
        "average_characteristic_length" : 4.76887257362578E-001,
        "max_flow_turning_angle" : 9.00000000000000E+001
    },
    "solver_results" : {
        "solver_status_code" : 0,
        "system_dimension" : 26,
        "timing" : {
            "system_sorting" : 2.00000000000000E-006,
            "preconditioner" : 1.11000000000000E-005,
            "matrix_solver" : 3.03000000000000E-005
        },
        "iterations" : 12,
        "residual" : {
            "max" : 4.89608353859694E-014,
            "norm" : 1.11717189152833E-013
        }
    },
    "pressure_calculations" : {
        "incompressible_rule" : {
            "max" : 6.93178870065625E-001,
            "min" : -7.88395879683658E-001
        }
    },
    "total_forces" : {
        "Cx" : -7.10054719833404E-003,
        "Cy" : 9.50628464835290E-016,
        "Cz" : -4.26247212710843E-003
    },
    "total_moments" : {
        "CMx" : 7.54604712049911E-017,
        "CMy" : 3.13119805732443E-004,
        "CMz" : 1.26981758441502E-015
    },
    "input" : {
        "flow" : {
            "freestream_velocity" : [
                    1.00000000000000E+000,
                    0.00000000000000E+000,
                    0.00000000000000E+000
                ]
        },
        "geometry" : {
            "file" : "studies/adjoint_studies/central_diff_norm_cp_offset/meshes/sphere_coarse2.stl",
            "wake_model" : {
                "wake_present" : false
            },
            "adjoint_sensitivities" : {
                "calc_adjoint" : false
            },
            "perturbation" : {
                "perturb_point" : true,
                "point_index" : 26,
                "xyz_index" : 3,
                "step" : -1.00000000000000E-001
            }
        },
        "solver" : {
            "formulation" : "dirichlet-source-free",
            "control_point_offset" : 9.81747943019986E-002,
            "matrix_solver" : "GMRES"
        },
        "post_processing" : {
            "pressure_rules" : {
                "incompressible" : true
            }
        },
        "output" : {
            "report_file" : "studies/adjoint_studies/central_diff_norm_cp_offset/reports/cp_offset_0_09817479430199864_dirichlet_source_free.json"
        }
    },
    "total_runtime" : 3.10000000000000E-002
}
