{
    "info" : {
        "generated_by" : "MachLine (c) 2023 USU Aerolab",
        "executed" : "Fri Jul 19 09:03:49 2024"
    },
    "mesh_info" : {
        "N_body_panels" : 48,
        "N_body_vertices" : 26,
        "N_wake_panels" : 0,
        "N_wake_filaments" : 0,
        "average_characteristic_length" : 4.76887257362578E-001,
        "max_flow_turning_angle" : 9.00000000000000E+001
    },
    "solver_results" : {
        "solver_status_code" : 0,
        "system_dimension" : 26,
        "timing" : {
            "system_sorting" : 1.90000000000000E-006,
            "preconditioner" : 9.60000000000000E-006,
            "matrix_solver" : 3.72000000000000E-005
        },
        "iterations" : 17,
        "residual" : {
            "max" : 1.11022302462516E-015,
            "norm" : 2.73078756857200E-015
        }
    },
    "pressure_calculations" : {
        "incompressible_rule" : {
            "max" : 6.72396913004446E-001,
            "min" : -8.77488166855064E-001
        }
    },
    "total_forces" : {
        "Cx" : -3.49115077693199E-003,
        "Cy" : 1.31838984174237E-016,
        "Cz" : 1.66574757238255E-002
    },
    "total_moments" : {
        "CMx" : 8.06646416329215E-017,
        "CMy" : -2.04303065513318E-002,
        "CMz" : -3.74700270810990E-016
    },
    "input" : {
        "flow" : {
            "freestream_velocity" : [
                    1.00000000000000E+000,
                    0.00000000000000E+000,
                    0.00000000000000E+000
                ]
        },
        "geometry" : {
            "file" : "studies/adjoint_studies/central_diff_norm_cp_offset/meshes/sphere_coarse2.stl",
            "wake_model" : {
                "wake_present" : false
            },
            "adjoint_sensitivities" : {
                "calc_adjoint" : false
            },
            "perturbation" : {
                "perturb_point" : true,
                "point_index" : 26,
                "xyz_index" : 3,
                "step" : -1.00000000000000E-001
            }
        },
        "solver" : {
            "formulation" : "dirichlet-source-free",
            "control_point_offset" : 3.04789498962798E-001,
            "matrix_solver" : "GMRES"
        },
        "post_processing" : {
            "pressure_rules" : {
                "incompressible" : true
            }
        },
        "output" : {
            "report_file" : "studies/adjoint_studies/central_diff_norm_cp_offset/reports/cp_offset_0_3047894989627983_dirichlet_source_free.json"
        }
    },
    "total_runtime" : 3.10000000000000E-002
}
