{
    "info" : {
        "generated_by" : "MachLine (c) 2023 USU Aerolab",
        "executed" : "Wed Jul 17 16:11:03 2024"
    },
    "mesh_info" : {
        "N_body_panels" : 48,
        "N_body_vertices" : 26,
        "N_wake_panels" : 0,
        "N_wake_filaments" : 0,
        "average_characteristic_length" : 4.76931461379173E-001,
        "max_flow_turning_angle" : 9.00000000000000E+001
    },
    "solver_results" : {
        "solver_status_code" : 0,
        "system_dimension" : 26,
        "timing" : {
            "system_sorting" : 2.00000000000000E-006,
            "preconditioner" : 9.90000000000000E-006,
            "matrix_solver" : 2.61000000000000E-005
        },
        "iterations" : 14,
        "residual" : {
            "max" : 4.35207425653061E-014,
            "norm" : 9.75786607677127E-014
        }
    },
    "pressure_calculations" : {
        "incompressible_rule" : {
            "max" : 5.75204701589960E-001,
            "min" : -8.25390948475533E-001
        }
    },
    "total_forces" : {
        "Cx" : -1.57630353551930E-006,
        "Cy" : 1.25330247235239E-006,
        "Cz" : 1.97541617626140E-007
    },
    "total_moments" : {
        "CMx" : 2.21774792974472E-010,
        "CMy" : -3.55397091093487E-006,
        "CMz" : 5.28612042351162E-006
    },
    "input" : {
        "flow" : {
            "freestream_velocity" : [
                    1.00000000000000E+000,
                    0.00000000000000E+000,
                    0.00000000000000E+000
                ]
        },
        "geometry" : {
            "file" : "studies/adjoint_studies/central_diff_norm_cp_offset/meshes/sphere_coarse2.stl",
            "wake_model" : {
                "wake_present" : false
            },
            "adjoint_sensitivities" : {
                "calc_adjoint" : false
            },
            "perturbation" : {
                "perturb_point" : true,
                "point_index" : 25,
                "xyz_index" : 1,
                "step" : 1.00000000000000E-005
            }
        },
        "solver" : {
            "formulation" : "dirichlet-source-free",
            "control_point_offset" : 2.31206479017560E-001,
            "matrix_solver" : "GMRES"
        },
        "post_processing" : {
            "pressure_rules" : {
                "incompressible" : true
            }
        },
        "output" : {
            "report_file" : "studies/adjoint_studies/central_diff_norm_cp_offset/reports/cp_offset_0_23120647901755986_dirichlet_source_free.json"
        }
    },
    "total_runtime" : 1.50000000000000E-002
}
