{
    "info" : {
        "generated_by" : "MachLine (c) 2023 USU Aerolab",
        "executed" : "Wed Jul 17 16:11:02 2024"
    },
    "mesh_info" : {
        "N_body_panels" : 48,
        "N_body_vertices" : 26,
        "N_wake_panels" : 0,
        "N_wake_filaments" : 0,
        "average_characteristic_length" : 4.76931461379173E-001,
        "max_flow_turning_angle" : 9.00000000000000E+001
    },
    "solver_results" : {
        "solver_status_code" : 0,
        "system_dimension" : 26,
        "timing" : {
            "system_sorting" : 2.20000000000000E-006,
            "preconditioner" : 8.80000000000000E-006,
            "matrix_solver" : 2.10000000000000E-005
        },
        "iterations" : 10,
        "residual" : {
            "max" : 1.44328993201270E-014,
            "norm" : 3.93466881361518E-014
        }
    },
    "pressure_calculations" : {
        "incompressible_rule" : {
            "max" : 6.02564017719567E-001,
            "min" : -7.68276352915145E-001
        }
    },
    "total_forces" : {
        "Cx" : -1.21465466876303E-006,
        "Cy" : 1.32070979190491E-006,
        "Cz" : 5.94097094831769E-007
    },
    "total_moments" : {
        "CMx" : 2.27579914115206E-010,
        "CMy" : -3.89748606334159E-006,
        "CMz" : 5.17720100561003E-006
    },
    "input" : {
        "flow" : {
            "freestream_velocity" : [
                    1.00000000000000E+000,
                    0.00000000000000E+000,
                    0.00000000000000E+000
                ]
        },
        "geometry" : {
            "file" : "studies/adjoint_studies/central_diff_norm_cp_offset/meshes/sphere_coarse2.stl",
            "wake_model" : {
                "wake_present" : false
            },
            "adjoint_sensitivities" : {
                "calc_adjoint" : false
            },
            "perturbation" : {
                "perturb_point" : true,
                "point_index" : 25,
                "xyz_index" : 1,
                "step" : 1.00000000000000E-005
            }
        },
        "solver" : {
            "formulation" : "dirichlet-source-free",
            "control_point_offset" : 9.28966386779936E-002,
            "matrix_solver" : "GMRES"
        },
        "post_processing" : {
            "pressure_rules" : {
                "incompressible" : true
            }
        },
        "output" : {
            "report_file" : "studies/adjoint_studies/central_diff_norm_cp_offset/reports/cp_offset_0_09289663867799362_dirichlet_source_free.json"
        }
    },
    "total_runtime" : 1.60000000000000E-002
}
