{
    "info" : {
        "generated_by" : "MachLine (c) 2023 USU Aerolab",
        "executed" : "Fri Jul 19 09:03:18 2024"
    },
    "mesh_info" : {
        "N_body_panels" : 48,
        "N_body_vertices" : 26,
        "N_wake_panels" : 0,
        "N_wake_filaments" : 0,
        "average_characteristic_length" : 4.76887257362578E-001,
        "max_flow_turning_angle" : 9.00000000000000E+001
    },
    "solver_results" : {
        "solver_status_code" : 0,
        "system_dimension" : 26,
        "timing" : {
            "system_sorting" : 1.90000000000000E-006,
            "preconditioner" : 9.60000000000000E-006,
            "matrix_solver" : 2.43000000000000E-005
        },
        "iterations" : 8,
        "residual" : {
            "max" : 4.88498130835069E-015,
            "norm" : 1.19189011614759E-014
        }
    },
    "pressure_calculations" : {
        "incompressible_rule" : {
            "max" : 7.23252424740993E-001,
            "min" : -6.52304972285983E-001
        }
    },
    "total_forces" : {
        "Cx" : -7.60024394681308E-003,
        "Cy" : 7.58408492534945E-008,
        "Cz" : -1.94694627064115E-002
    },
    "total_moments" : {
        "CMx" : -2.83826130133280E-010,
        "CMy" : 1.55206359777809E-002,
        "CMz" : 9.85879543904944E-008
    },
    "input" : {
        "flow" : {
            "freestream_velocity" : [
                    1.00000000000000E+000,
                    0.00000000000000E+000,
                    0.00000000000000E+000
                ]
        },
        "geometry" : {
            "file" : "studies/adjoint_studies/central_diff_norm_cp_offset/meshes/sphere_coarse2.stl",
            "wake_model" : {
                "wake_present" : false
            },
            "adjoint_sensitivities" : {
                "calc_adjoint" : false
            },
            "perturbation" : {
                "perturb_point" : true,
                "point_index" : 26,
                "xyz_index" : 3,
                "step" : -1.00000000000000E-001
            }
        },
        "solver" : {
            "formulation" : "dirichlet-source-free",
            "control_point_offset" : 2.24905460583578E-010,
            "matrix_solver" : "GMRES"
        },
        "post_processing" : {
            "pressure_rules" : {
                "incompressible" : true
            }
        },
        "output" : {
            "report_file" : "studies/adjoint_studies/central_diff_norm_cp_offset/reports/cp_offset_2_2490546058357827e-10_dirichlet_source_free.json"
        }
    },
    "total_runtime" : 3.20000000000000E-002
}
