{
    "info" : {
        "generated_by" : "MachLine (c) 2023 USU Aerolab",
        "executed" : "Wed Jul 17 16:10:58 2024"
    },
    "mesh_info" : {
        "N_body_panels" : 48,
        "N_body_vertices" : 26,
        "N_wake_panels" : 0,
        "N_wake_filaments" : 0,
        "average_characteristic_length" : 4.76931461379173E-001,
        "max_flow_turning_angle" : 9.00000000000000E+001
    },
    "solver_results" : {
        "solver_status_code" : 0,
        "system_dimension" : 26,
        "timing" : {
            "system_sorting" : 2.20000000000000E-006,
            "preconditioner" : 5.90000000000000E-006,
            "matrix_solver" : 2.34000000000000E-005
        },
        "iterations" : 7,
        "residual" : {
            "max" : 4.44089209850063E-015,
            "norm" : 9.02592011213434E-015
        }
    },
    "pressure_calculations" : {
        "incompressible_rule" : {
            "max" : 6.38721393604290E-001,
            "min" : -6.66741981146789E-001
        }
    },
    "total_forces" : {
        "Cx" : -9.66551404649185E-007,
        "Cy" : 1.52533717920345E-006,
        "Cz" : 1.08364488315971E-006
    },
    "total_moments" : {
        "CMx" : 2.19070544690836E-010,
        "CMy" : -4.24940583539785E-006,
        "CMz" : 5.14150005309633E-006
    },
    "input" : {
        "flow" : {
            "freestream_velocity" : [
                    1.00000000000000E+000,
                    0.00000000000000E+000,
                    0.00000000000000E+000
                ]
        },
        "geometry" : {
            "file" : "studies/adjoint_studies/central_diff_norm_cp_offset/meshes/sphere_coarse2.stl",
            "wake_model" : {
                "wake_present" : false
            },
            "adjoint_sensitivities" : {
                "calc_adjoint" : false
            },
            "perturbation" : {
                "perturb_point" : true,
                "point_index" : 25,
                "xyz_index" : 1,
                "step" : 1.00000000000000E-005
            }
        },
        "solver" : {
            "formulation" : "dirichlet-source-free",
            "control_point_offset" : 6.02559586074357E-003,
            "matrix_solver" : "GMRES"
        },
        "post_processing" : {
            "pressure_rules" : {
                "incompressible" : true
            }
        },
        "output" : {
            "report_file" : "studies/adjoint_studies/central_diff_norm_cp_offset/reports/cp_offset_0_006025595860743568_dirichlet_source_free.json"
        }
    },
    "total_runtime" : 1.60000000000000E-002
}
