{
    "info" : {
        "generated_by" : "MachLine (c) 2023 USU Aerolab",
        "executed" : "Fri Jul 19 09:03:50 2024"
    },
    "mesh_info" : {
        "N_body_panels" : 48,
        "N_body_vertices" : 26,
        "N_wake_panels" : 0,
        "N_wake_filaments" : 0,
        "average_characteristic_length" : 4.76887257362578E-001,
        "max_flow_turning_angle" : 9.00000000000000E+001
    },
    "solver_results" : {
        "solver_status_code" : 0,
        "system_dimension" : 26,
        "timing" : {
            "system_sorting" : 2.00000000000000E-006,
            "preconditioner" : 9.30000000000000E-006,
            "matrix_solver" : 3.45000000000000E-005
        },
        "iterations" : 18,
        "residual" : {
            "max" : 1.11022302462516E-015,
            "norm" : 2.62257145134231E-015
        }
    },
    "pressure_calculations" : {
        "incompressible_rule" : {
            "max" : 6.75937912399073E-001,
            "min" : -9.13077281258977E-001
        }
    },
    "total_forces" : {
        "Cx" : 1.81138551880607E-003,
        "Cy" : -7.96029908656237E-014,
        "Cz" : 2.37856627519331E-002
    },
    "total_moments" : {
        "CMx" : 2.17707796235089E-016,
        "CMy" : -2.72967159607032E-002,
        "CMz" : -8.13862865989279E-014
    },
    "input" : {
        "flow" : {
            "freestream_velocity" : [
                    1.00000000000000E+000,
                    0.00000000000000E+000,
                    0.00000000000000E+000
                ]
        },
        "geometry" : {
            "file" : "studies/adjoint_studies/central_diff_norm_cp_offset/meshes/sphere_coarse2.stl",
            "wake_model" : {
                "wake_present" : false
            },
            "adjoint_sensitivities" : {
                "calc_adjoint" : false
            },
            "perturbation" : {
                "perturb_point" : true,
                "point_index" : 26,
                "xyz_index" : 3,
                "step" : -1.00000000000000E-001
            }
        },
        "solver" : {
            "formulation" : "dirichlet-source-free",
            "control_point_offset" : 5.29663443891658E-001,
            "matrix_solver" : "GMRES"
        },
        "post_processing" : {
            "pressure_rules" : {
                "incompressible" : true
            }
        },
        "output" : {
            "report_file" : "studies/adjoint_studies/central_diff_norm_cp_offset/reports/cp_offset_0_5296634438916581_dirichlet_source_free.json"
        }
    },
    "total_runtime" : 1.60000000000000E-002
}
