{
    "info" : {
        "generated_by" : "MachLine (c) 2023 USU Aerolab",
        "executed" : "Fri Jul 19 09:03:41 2024"
    },
    "mesh_info" : {
        "N_body_panels" : 48,
        "N_body_vertices" : 26,
        "N_wake_panels" : 0,
        "N_wake_filaments" : 0,
        "average_characteristic_length" : 4.76887257362578E-001,
        "max_flow_turning_angle" : 9.00000000000000E+001
    },
    "solver_results" : {
        "solver_status_code" : 0,
        "system_dimension" : 26,
        "timing" : {
            "system_sorting" : 2.10000000000000E-006,
            "preconditioner" : 7.40000000000000E-006,
            "matrix_solver" : 4.20000000000000E-005
        },
        "iterations" : 8,
        "residual" : {
            "max" : 4.21884749357559E-015,
            "norm" : 9.06532808619162E-015
        }
    },
    "pressure_calculations" : {
        "incompressible_rule" : {
            "max" : 7.21909658568067E-001,
            "min" : -6.58592441092246E-001
        }
    },
    "total_forces" : {
        "Cx" : -7.62113064160222E-003,
        "Cy" : 9.15933995315754E-016,
        "Cz" : -1.90555911725215E-002
    },
    "total_moments" : {
        "CMx" : -1.30104260698261E-017,
        "CMy" : 1.51007267393982E-002,
        "CMz" : 1.15879528195251E-015
    },
    "input" : {
        "flow" : {
            "freestream_velocity" : [
                    1.00000000000000E+000,
                    0.00000000000000E+000,
                    0.00000000000000E+000
                ]
        },
        "geometry" : {
            "file" : "studies/adjoint_studies/central_diff_norm_cp_offset/meshes/sphere_coarse2.stl",
            "wake_model" : {
                "wake_present" : false
            },
            "adjoint_sensitivities" : {
                "calc_adjoint" : false
            },
            "perturbation" : {
                "perturb_point" : true,
                "point_index" : 26,
                "xyz_index" : 3,
                "step" : -1.00000000000000E-001
            }
        },
        "solver" : {
            "formulation" : "dirichlet-source-free",
            "control_point_offset" : 1.47231250243272E-003,
            "matrix_solver" : "GMRES"
        },
        "post_processing" : {
            "pressure_rules" : {
                "incompressible" : true
            }
        },
        "output" : {
            "report_file" : "studies/adjoint_studies/central_diff_norm_cp_offset/reports/cp_offset_0_0014723125024327223_dirichlet_source_free.json"
        }
    },
    "total_runtime" : 1.50000000000000E-002
}
