{
    "info" : {
        "generated_by" : "MachLine (c) 2023 USU Aerolab",
        "executed" : "Fri Jul 19 09:03:23 2024"
    },
    "mesh_info" : {
        "N_body_panels" : 48,
        "N_body_vertices" : 26,
        "N_wake_panels" : 0,
        "N_wake_filaments" : 0,
        "average_characteristic_length" : 4.76887257362578E-001,
        "max_flow_turning_angle" : 9.00000000000000E+001
    },
    "solver_results" : {
        "solver_status_code" : 0,
        "system_dimension" : 26,
        "timing" : {
            "system_sorting" : 2.20000000000000E-006,
            "preconditioner" : 4.60000000000000E-006,
            "matrix_solver" : 2.59000000000000E-005
        },
        "iterations" : 8,
        "residual" : {
            "max" : 3.10862446895044E-015,
            "norm" : 1.03744485374969E-014
        }
    },
    "pressure_calculations" : {
        "incompressible_rule" : {
            "max" : 7.23252777176342E-001,
            "min" : -6.52303149441884E-001
        }
    },
    "total_forces" : {
        "Cx" : -7.60265702296156E-003,
        "Cy" : -3.59930376475637E-009,
        "Cz" : -1.94699029706465E-002
    },
    "total_moments" : {
        "CMx" : -3.28390960258051E-013,
        "CMy" : 1.55209155318091E-002,
        "CMz" : -4.16340561332218E-009
    },
    "input" : {
        "flow" : {
            "freestream_velocity" : [
                    1.00000000000000E+000,
                    0.00000000000000E+000,
                    0.00000000000000E+000
                ]
        },
        "geometry" : {
            "file" : "studies/adjoint_studies/central_diff_norm_cp_offset/meshes/sphere_coarse2.stl",
            "wake_model" : {
                "wake_present" : false
            },
            "adjoint_sensitivities" : {
                "calc_adjoint" : false
            },
            "perturbation" : {
                "perturb_point" : true,
                "point_index" : 26,
                "xyz_index" : 3,
                "step" : -1.00000000000000E-001
            }
        },
        "solver" : {
            "formulation" : "dirichlet-source-free",
            "control_point_offset" : 5.39510622515127E-009,
            "matrix_solver" : "GMRES"
        },
        "post_processing" : {
            "pressure_rules" : {
                "incompressible" : true
            }
        },
        "output" : {
            "report_file" : "studies/adjoint_studies/central_diff_norm_cp_offset/reports/cp_offset_5_395106225151267e-09_dirichlet_source_free.json"
        }
    },
    "total_runtime" : 3.10000000000000E-002
}
