{
    "info" : {
        "generated_by" : "MachLine (c) 2023 USU Aerolab",
        "executed" : "Wed Jul 17 16:11:05 2024"
    },
    "mesh_info" : {
        "N_body_panels" : 48,
        "N_body_vertices" : 26,
        "N_wake_panels" : 0,
        "N_wake_filaments" : 0,
        "average_characteristic_length" : 4.76931461379173E-001,
        "max_flow_turning_angle" : 9.00000000000000E+001
    },
    "solver_results" : {
        "solver_status_code" : 0,
        "system_dimension" : 26,
        "timing" : {
            "system_sorting" : 2.50000000000000E-006,
            "preconditioner" : 4.20000000000000E-006,
            "matrix_solver" : 4.53000000000000E-005
        },
        "iterations" : 25,
        "residual" : {
            "max" : 1.06581410364015E-014,
            "norm" : 2.67137286125610E-014
        }
    },
    "pressure_calculations" : {
        "incompressible_rule" : {
            "max" : 6.05390147978921E-001,
            "min" : -8.74762014559819E-001
        }
    },
    "total_forces" : {
        "Cx" : -5.49082594014649E-006,
        "Cy" : 4.85770337874114E-006,
        "Cz" : -2.00368423030131E-006
    },
    "total_moments" : {
        "CMx" : -1.70109005007135E-011,
        "CMy" : -1.92940007780890E-006,
        "CMz" : 1.06534163098540E-005
    },
    "input" : {
        "flow" : {
            "freestream_velocity" : [
                    1.00000000000000E+000,
                    0.00000000000000E+000,
                    0.00000000000000E+000
                ]
        },
        "geometry" : {
            "file" : "studies/adjoint_studies/central_diff_norm_cp_offset/meshes/sphere_coarse2.stl",
            "wake_model" : {
                "wake_present" : false
            },
            "adjoint_sensitivities" : {
                "calc_adjoint" : false
            },
            "perturbation" : {
                "perturb_point" : true,
                "point_index" : 25,
                "xyz_index" : 1,
                "step" : 1.00000000000000E-005
            }
        },
        "solver" : {
            "formulation" : "dirichlet-source-free",
            "control_point_offset" : 8.47227414140598E-001,
            "matrix_solver" : "GMRES"
        },
        "post_processing" : {
            "pressure_rules" : {
                "incompressible" : true
            }
        },
        "output" : {
            "report_file" : "studies/adjoint_studies/central_diff_norm_cp_offset/reports/cp_offset_0_8472274141405981_dirichlet_source_free.json"
        }
    },
    "total_runtime" : 1.50000000000000E-002
}
