{
    "info" : {
        "generated_by" : "MachLine (c) 2023 USU Aerolab",
        "executed" : "Wed Jul 17 16:11:02 2024"
    },
    "mesh_info" : {
        "N_body_panels" : 48,
        "N_body_vertices" : 26,
        "N_wake_panels" : 0,
        "N_wake_filaments" : 0,
        "average_characteristic_length" : 4.76931461379173E-001,
        "max_flow_turning_angle" : 9.00000000000000E+001
    },
    "solver_results" : {
        "solver_status_code" : 0,
        "system_dimension" : 26,
        "timing" : {
            "system_sorting" : 2.00000000000000E-006,
            "preconditioner" : 9.10000000000000E-006,
            "matrix_solver" : 2.44000000000000E-005
        },
        "iterations" : 9,
        "residual" : {
            "max" : 3.85802501057242E-014,
            "norm" : 8.23486657853391E-014
        }
    },
    "pressure_calculations" : {
        "incompressible_rule" : {
            "max" : 6.10008463535471E-001,
            "min" : -7.49560359805433E-001
        }
    },
    "total_forces" : {
        "Cx" : -1.14792485335358E-006,
        "Cy" : 1.35615107035858E-006,
        "Cz" : 6.97356152136452E-007
    },
    "total_moments" : {
        "CMx" : 2.26889469018277E-010,
        "CMy" : -3.97781036719572E-006,
        "CMz" : 5.16597188901513E-006
    },
    "input" : {
        "flow" : {
            "freestream_velocity" : [
                    1.00000000000000E+000,
                    0.00000000000000E+000,
                    0.00000000000000E+000
                ]
        },
        "geometry" : {
            "file" : "studies/adjoint_studies/central_diff_norm_cp_offset/meshes/sphere_coarse2.stl",
            "wake_model" : {
                "wake_present" : false
            },
            "adjoint_sensitivities" : {
                "calc_adjoint" : false
            },
            "perturbation" : {
                "perturb_point" : true,
                "point_index" : 25,
                "xyz_index" : 1,
                "step" : 1.00000000000000E-005
            }
        },
        "solver" : {
            "formulation" : "dirichlet-source-free",
            "control_point_offset" : 6.85488226452662E-002,
            "matrix_solver" : "GMRES"
        },
        "post_processing" : {
            "pressure_rules" : {
                "incompressible" : true
            }
        },
        "output" : {
            "report_file" : "studies/adjoint_studies/central_diff_norm_cp_offset/reports/cp_offset_0_0685488226452662_dirichlet_source_free.json"
        }
    },
    "total_runtime" : 1.50000000000000E-002
}
