{
    "info" : {
        "generated_by" : "MachLine (c) 2023 USU Aerolab",
        "executed" : "Wed Jul 17 16:10:33 2024"
    },
    "mesh_info" : {
        "N_body_panels" : 48,
        "N_body_vertices" : 26,
        "N_wake_panels" : 0,
        "N_wake_filaments" : 0,
        "average_characteristic_length" : 4.76931461379173E-001,
        "max_flow_turning_angle" : 9.00000000000000E+001
    },
    "solver_results" : {
        "solver_status_code" : 0,
        "system_dimension" : 26,
        "timing" : {
            "system_sorting" : 2.40000000000000E-006,
            "preconditioner" : 9.60000000000000E-006,
            "matrix_solver" : 1.75000000000000E-005
        },
        "iterations" : 6,
        "residual" : {
            "max" : 4.50750547997814E-014,
            "norm" : 8.99127596635855E-014
        }
    },
    "pressure_calculations" : {
        "incompressible_rule" : {
            "max" : 6.44567008431403E-001,
            "min" : -6.48266065340735E-001
        }
    },
    "total_forces" : {
        "Cx" : 3.45599452396261E-006,
        "Cy" : -2.01308665452593E-007,
        "Cz" : -1.17768229235260E-006
    },
    "total_moments" : {
        "CMx" : 1.70148580988516E-010,
        "CMy" : -2.27570855973469E-006,
        "CMz" : 3.05767884513364E-006
    },
    "input" : {
        "flow" : {
            "freestream_velocity" : [
                    1.00000000000000E+000,
                    0.00000000000000E+000,
                    0.00000000000000E+000
                ]
        },
        "geometry" : {
            "file" : "studies/adjoint_studies/central_diff_norm_cp_offset/meshes/sphere_coarse2.stl",
            "wake_model" : {
                "wake_present" : false
            },
            "adjoint_sensitivities" : {
                "calc_adjoint" : false
            },
            "perturbation" : {
                "perturb_point" : true,
                "point_index" : 25,
                "xyz_index" : 1,
                "step" : 1.00000000000000E-005
            }
        },
        "solver" : {
            "formulation" : "dirichlet-source-free",
            "control_point_offset" : 6.66806769213622E-011,
            "matrix_solver" : "GMRES"
        },
        "post_processing" : {
            "pressure_rules" : {
                "incompressible" : true
            }
        },
        "output" : {
            "report_file" : "studies/adjoint_studies/central_diff_norm_cp_offset/reports/cp_offset_6_668067692136218e-11_dirichlet_source_free.json"
        }
    },
    "total_runtime" : 3.10000000000000E-002
}
