{
    "info" : {
        "generated_by" : "MachLine (c) 2023 USU Aerolab",
        "executed" : "Fri Jul 19 09:03:47 2024"
    },
    "mesh_info" : {
        "N_body_panels" : 48,
        "N_body_vertices" : 26,
        "N_wake_panels" : 0,
        "N_wake_filaments" : 0,
        "average_characteristic_length" : 4.76887257362578E-001,
        "max_flow_turning_angle" : 9.00000000000000E+001
    },
    "solver_results" : {
        "solver_status_code" : 0,
        "system_dimension" : 26,
        "timing" : {
            "system_sorting" : 2.00000000000000E-006,
            "preconditioner" : 1.00000000000000E-005,
            "matrix_solver" : 2.52000000000000E-005
        },
        "iterations" : 10,
        "residual" : {
            "max" : 1.91013871386758E-013,
            "norm" : 2.91631119901921E-013
        }
    },
    "pressure_calculations" : {
        "incompressible_rule" : {
            "max" : 7.01596408948611E-001,
            "min" : -7.51949024331801E-001
        }
    },
    "total_forces" : {
        "Cx" : -7.47435927262931E-003,
        "Cy" : 2.49800180540660E-016,
        "Cz" : -9.78924010825824E-003
    },
    "total_moments" : {
        "CMx" : 1.69135538907739E-016,
        "CMy" : 5.81453450022109E-003,
        "CMz" : 4.71844785465692E-016
    },
    "input" : {
        "flow" : {
            "freestream_velocity" : [
                    1.00000000000000E+000,
                    0.00000000000000E+000,
                    0.00000000000000E+000
                ]
        },
        "geometry" : {
            "file" : "studies/adjoint_studies/central_diff_norm_cp_offset/meshes/sphere_coarse2.stl",
            "wake_model" : {
                "wake_present" : false
            },
            "adjoint_sensitivities" : {
                "calc_adjoint" : false
            },
            "perturbation" : {
                "perturb_point" : true,
                "point_index" : 26,
                "xyz_index" : 3,
                "step" : -1.00000000000000E-001
            }
        },
        "solver" : {
            "formulation" : "dirichlet-source-free",
            "control_point_offset" : 5.80764417521311E-002,
            "matrix_solver" : "GMRES"
        },
        "post_processing" : {
            "pressure_rules" : {
                "incompressible" : true
            }
        },
        "output" : {
            "report_file" : "studies/adjoint_studies/central_diff_norm_cp_offset/reports/cp_offset_0_05807644175213112_dirichlet_source_free.json"
        }
    },
    "total_runtime" : 1.60000000000000E-002
}
