{
    "info" : {
        "generated_by" : "MachLine (c) 2023 USU Aerolab",
        "executed" : "Fri Jul 19 09:03:12 2024"
    },
    "mesh_info" : {
        "N_body_panels" : 48,
        "N_body_vertices" : 26,
        "N_wake_panels" : 0,
        "N_wake_filaments" : 0,
        "average_characteristic_length" : 4.76887257362578E-001,
        "max_flow_turning_angle" : 9.00000000000000E+001
    },
    "solver_results" : {
        "solver_status_code" : 0,
        "system_dimension" : 26,
        "timing" : {
            "system_sorting" : 2.00000000000000E-006,
            "preconditioner" : 9.70000000000000E-006,
            "matrix_solver" : 1.92000000000000E-005
        },
        "iterations" : 8,
        "residual" : {
            "max" : 3.66373598126302E-015,
            "norm" : 1.10140466363700E-014
        }
    },
    "pressure_calculations" : {
        "incompressible_rule" : {
            "max" : 7.23209088400572E-001,
            "min" : -6.52327078936935E-001
        }
    },
    "total_forces" : {
        "Cx" : -7.48859406171931E-003,
        "Cy" : -1.87937941396182E-006,
        "Cz" : -1.94996613581271E-002
    },
    "total_moments" : {
        "CMx" : -3.26712632208598E-009,
        "CMy" : 1.55484724753036E-002,
        "CMz" : -1.51988435356798E-006
    },
    "input" : {
        "flow" : {
            "freestream_velocity" : [
                    1.00000000000000E+000,
                    0.00000000000000E+000,
                    0.00000000000000E+000
                ]
        },
        "geometry" : {
            "file" : "studies/adjoint_studies/central_diff_norm_cp_offset/meshes/sphere_coarse2.stl",
            "wake_model" : {
                "wake_present" : false
            },
            "adjoint_sensitivities" : {
                "calc_adjoint" : false
            },
            "perturbation" : {
                "perturb_point" : true,
                "point_index" : 26,
                "xyz_index" : 3,
                "step" : -1.00000000000000E-001
            }
        },
        "solver" : {
            "formulation" : "dirichlet-source-free",
            "control_point_offset" : 3.66437574647833E-012,
            "matrix_solver" : "GMRES"
        },
        "post_processing" : {
            "pressure_rules" : {
                "incompressible" : true
            }
        },
        "output" : {
            "report_file" : "studies/adjoint_studies/central_diff_norm_cp_offset/reports/cp_offset_3_664375746478333e-12_dirichlet_source_free.json"
        }
    },
    "total_runtime" : 3.10000000000000E-002
}
