{
    "info" : {
        "generated_by" : "MachLine (c) 2023 USU Aerolab",
        "executed" : "Wed Jul 17 16:10:48 2024"
    },
    "mesh_info" : {
        "N_body_panels" : 48,
        "N_body_vertices" : 26,
        "N_wake_panels" : 0,
        "N_wake_filaments" : 0,
        "average_characteristic_length" : 4.76931461379173E-001,
        "max_flow_turning_angle" : 9.00000000000000E+001
    },
    "solver_results" : {
        "solver_status_code" : 0,
        "system_dimension" : 26,
        "timing" : {
            "system_sorting" : 2.10000000000000E-006,
            "preconditioner" : 9.80000000000000E-006,
            "matrix_solver" : 2.33000000000000E-005
        },
        "iterations" : 6,
        "residual" : {
            "max" : 5.15143483426073E-014,
            "norm" : 9.49555100892581E-014
        }
    },
    "pressure_calculations" : {
        "incompressible_rule" : {
            "max" : 6.44559149594076E-001,
            "min" : -6.48283210407208E-001
        }
    },
    "total_forces" : {
        "Cx" : -9.44225968788071E-007,
        "Cy" : 1.56725248187661E-006,
        "Cz" : 1.16224759879463E-006
    },
    "total_moments" : {
        "CMx" : 2.16577878894841E-010,
        "CMy" : -4.30112483659414E-006,
        "CMz" : 5.14131799025930E-006
    },
    "input" : {
        "flow" : {
            "freestream_velocity" : [
                    1.00000000000000E+000,
                    0.00000000000000E+000,
                    0.00000000000000E+000
                ]
        },
        "geometry" : {
            "file" : "studies/adjoint_studies/central_diff_norm_cp_offset/meshes/sphere_coarse2.stl",
            "wake_model" : {
                "wake_present" : false
            },
            "adjoint_sensitivities" : {
                "calc_adjoint" : false
            },
            "perturbation" : {
                "perturb_point" : true,
                "point_index" : 25,
                "xyz_index" : 1,
                "step" : 1.00000000000000E-005
            }
        },
        "solver" : {
            "formulation" : "dirichlet-source-free",
            "control_point_offset" : 2.93764965196153E-006,
            "matrix_solver" : "GMRES"
        },
        "post_processing" : {
            "pressure_rules" : {
                "incompressible" : true
            }
        },
        "output" : {
            "report_file" : "studies/adjoint_studies/central_diff_norm_cp_offset/reports/cp_offset_2_9376496519615305e-06_dirichlet_source_free.json"
        }
    },
    "total_runtime" : 1.60000000000000E-002
}
