{
    "info" : {
        "generated_by" : "MachLine (c) 2023 USU Aerolab",
        "executed" : "Wed Jul 17 16:11:05 2024"
    },
    "mesh_info" : {
        "N_body_panels" : 48,
        "N_body_vertices" : 26,
        "N_wake_panels" : 0,
        "N_wake_filaments" : 0,
        "average_characteristic_length" : 4.76931461379173E-001,
        "max_flow_turning_angle" : 9.00000000000000E+001
    },
    "solver_results" : {
        "solver_status_code" : 0,
        "system_dimension" : 26,
        "timing" : {
            "system_sorting" : 3.10000000000000E-006,
            "preconditioner" : 4.20000000000000E-006,
            "matrix_solver" : 4.38000000000000E-005
        },
        "iterations" : 24,
        "residual" : {
            "max" : 5.77315972805081E-015,
            "norm" : 1.51365382158579E-014
        }
    },
    "pressure_calculations" : {
        "incompressible_rule" : {
            "max" : 5.95496399625791E-001,
            "min" : -8.70295848984596E-001
        }
    },
    "total_forces" : {
        "Cx" : -2.87809307371323E-006,
        "Cy" : 2.81245372252964E-006,
        "Cz" : -4.85999463853415E-007
    },
    "total_moments" : {
        "CMx" : 5.84157696173482E-011,
        "CMy" : -3.16446202325640E-006,
        "CMz" : 7.71519415892347E-006
    },
    "input" : {
        "flow" : {
            "freestream_velocity" : [
                    1.00000000000000E+000,
                    0.00000000000000E+000,
                    0.00000000000000E+000
                ]
        },
        "geometry" : {
            "file" : "studies/adjoint_studies/central_diff_norm_cp_offset/meshes/sphere_coarse2.stl",
            "wake_model" : {
                "wake_present" : false
            },
            "adjoint_sensitivities" : {
                "calc_adjoint" : false
            },
            "perturbation" : {
                "perturb_point" : true,
                "point_index" : 25,
                "xyz_index" : 1,
                "step" : 1.00000000000000E-005
            }
        },
        "solver" : {
            "formulation" : "dirichlet-source-free",
            "control_point_offset" : 7.58577575029185E-001,
            "matrix_solver" : "GMRES"
        },
        "post_processing" : {
            "pressure_rules" : {
                "incompressible" : true
            }
        },
        "output" : {
            "report_file" : "studies/adjoint_studies/central_diff_norm_cp_offset/reports/cp_offset_0_7585775750291851_dirichlet_source_free.json"
        }
    },
    "total_runtime" : 1.60000000000000E-002
}
