{
    "info" : {
        "generated_by" : "MachLine (c) 2023 USU Aerolab",
        "executed" : "Wed Jul 17 16:10:36 2024"
    },
    "mesh_info" : {
        "N_body_panels" : 48,
        "N_body_vertices" : 26,
        "N_wake_panels" : 0,
        "N_wake_filaments" : 0,
        "average_characteristic_length" : 4.76931461379173E-001,
        "max_flow_turning_angle" : 9.00000000000000E+001
    },
    "solver_results" : {
        "solver_status_code" : 0,
        "system_dimension" : 26,
        "timing" : {
            "system_sorting" : 2.10000000000000E-006,
            "preconditioner" : 9.70000000000000E-006,
            "matrix_solver" : 1.73000000000000E-005
        },
        "iterations" : 6,
        "residual" : {
            "max" : 5.10702591327572E-014,
            "norm" : 9.35278499489082E-014
        }
    },
    "pressure_calculations" : {
        "incompressible_rule" : {
            "max" : 6.44567029578114E-001,
            "min" : -6.48258504433556E-001
        }
    },
    "total_forces" : {
        "Cx" : -8.30440582313963E-007,
        "Cy" : 1.41384319118920E-006,
        "Cz" : 9.85399407165549E-007
    },
    "total_moments" : {
        "CMx" : 2.16060553129283E-010,
        "CMy" : -4.13528503149380E-006,
        "CMz" : 4.97355515113179E-006
    },
    "input" : {
        "flow" : {
            "freestream_velocity" : [
                    1.00000000000000E+000,
                    0.00000000000000E+000,
                    0.00000000000000E+000
                ]
        },
        "geometry" : {
            "file" : "studies/adjoint_studies/central_diff_norm_cp_offset/meshes/sphere_coarse2.stl",
            "wake_model" : {
                "wake_present" : false
            },
            "adjoint_sensitivities" : {
                "calc_adjoint" : false
            },
            "perturbation" : {
                "perturb_point" : true,
                "point_index" : 25,
                "xyz_index" : 1,
                "step" : 1.00000000000000E-005
            }
        },
        "solver" : {
            "formulation" : "dirichlet-source-free",
            "control_point_offset" : 8.24138115013003E-010,
            "matrix_solver" : "GMRES"
        },
        "post_processing" : {
            "pressure_rules" : {
                "incompressible" : true
            }
        },
        "output" : {
            "report_file" : "studies/adjoint_studies/central_diff_norm_cp_offset/reports/cp_offset_8_24138115013003e-10_dirichlet_source_free.json"
        }
    },
    "total_runtime" : 3.10000000000000E-002
}
