{
    "info" : {
        "generated_by" : "MachLine (c) 2023 USU Aerolab",
        "executed" : "Fri Jul 19 09:03:30 2024"
    },
    "mesh_info" : {
        "N_body_panels" : 48,
        "N_body_vertices" : 26,
        "N_wake_panels" : 0,
        "N_wake_filaments" : 0,
        "average_characteristic_length" : 4.76887257362578E-001,
        "max_flow_turning_angle" : 9.00000000000000E+001
    },
    "solver_results" : {
        "solver_status_code" : 0,
        "system_dimension" : 26,
        "timing" : {
            "system_sorting" : 2.10000000000000E-006,
            "preconditioner" : 9.50000000000000E-006,
            "matrix_solver" : 1.89000000000000E-005
        },
        "iterations" : 8,
        "residual" : {
            "max" : 3.55271367880050E-015,
            "norm" : 1.05964168570497E-014
        }
    },
    "pressure_calculations" : {
        "incompressible_rule" : {
            "max" : 7.23251313408366E-001,
            "min" : -6.52309995815509E-001
        }
    },
    "total_forces" : {
        "Cx" : -7.60273977280021E-003,
        "Cy" : -4.32267902028549E-011,
        "Cz" : -1.94695101411038E-002
    },
    "total_moments" : {
        "CMx" : 8.25355409017625E-014,
        "CMy" : 1.55205116402819E-002,
        "CMz" : -3.43712835970678E-011
    },
    "input" : {
        "flow" : {
            "freestream_velocity" : [
                    1.00000000000000E+000,
                    0.00000000000000E+000,
                    0.00000000000000E+000
                ]
        },
        "geometry" : {
            "file" : "studies/adjoint_studies/central_diff_norm_cp_offset/meshes/sphere_coarse2.stl",
            "wake_model" : {
                "wake_present" : false
            },
            "adjoint_sensitivities" : {
                "calc_adjoint" : false
            },
            "perturbation" : {
                "perturb_point" : true,
                "point_index" : 26,
                "xyz_index" : 3,
                "step" : -1.00000000000000E-001
            }
        },
        "solver" : {
            "formulation" : "dirichlet-source-free",
            "control_point_offset" : 6.98232404077172E-007,
            "matrix_solver" : "GMRES"
        },
        "post_processing" : {
            "pressure_rules" : {
                "incompressible" : true
            }
        },
        "output" : {
            "report_file" : "studies/adjoint_studies/central_diff_norm_cp_offset/reports/cp_offset_6_982324040771719e-07_dirichlet_source_free.json"
        }
    },
    "total_runtime" : 3.10000000000000E-002
}
