{
    "info" : {
        "generated_by" : "MachLine (c) 2023 USU Aerolab",
        "executed" : "Fri Jul 19 09:03:22 2024"
    },
    "mesh_info" : {
        "N_body_panels" : 48,
        "N_body_vertices" : 26,
        "N_wake_panels" : 0,
        "N_wake_filaments" : 0,
        "average_characteristic_length" : 4.76887257362578E-001,
        "max_flow_turning_angle" : 9.00000000000000E+001
    },
    "solver_results" : {
        "solver_status_code" : 0,
        "system_dimension" : 26,
        "timing" : {
            "system_sorting" : 2.10000000000000E-006,
            "preconditioner" : 9.60000000000000E-006,
            "matrix_solver" : 2.51000000000000E-005
        },
        "iterations" : 8,
        "residual" : {
            "max" : 3.77475828372553E-015,
            "norm" : 1.13218708836759E-014
        }
    },
    "pressure_calculations" : {
        "incompressible_rule" : {
            "max" : 7.23252723536561E-001,
            "min" : -6.52303128171279E-001
        }
    },
    "total_forces" : {
        "Cx" : -7.60246719023189E-003,
        "Cy" : 2.44093981138782E-009,
        "Cz" : -1.94699064907536E-002
    },
    "total_moments" : {
        "CMx" : -1.86506365906780E-011,
        "CMy" : 1.55209163669511E-002,
        "CMz" : 2.95408714851009E-009
    },
    "input" : {
        "flow" : {
            "freestream_velocity" : [
                    1.00000000000000E+000,
                    0.00000000000000E+000,
                    0.00000000000000E+000
                ]
        },
        "geometry" : {
            "file" : "studies/adjoint_studies/central_diff_norm_cp_offset/meshes/sphere_coarse2.stl",
            "wake_model" : {
                "wake_present" : false
            },
            "adjoint_sensitivities" : {
                "calc_adjoint" : false
            },
            "perturbation" : {
                "perturb_point" : true,
                "point_index" : 26,
                "xyz_index" : 3,
                "step" : -1.00000000000000E-001
            }
        },
        "solver" : {
            "formulation" : "dirichlet-source-free",
            "control_point_offset" : 2.85759054337494E-009,
            "matrix_solver" : "GMRES"
        },
        "post_processing" : {
            "pressure_rules" : {
                "incompressible" : true
            }
        },
        "output" : {
            "report_file" : "studies/adjoint_studies/central_diff_norm_cp_offset/reports/cp_offset_2_857590543374944e-09_dirichlet_source_free.json"
        }
    },
    "total_runtime" : 1.50000000000000E-002
}
