{
    "info" : {
        "generated_by" : "MachLine (c) 2023 USU Aerolab",
        "executed" : "Wed Jul 17 16:10:58 2024"
    },
    "mesh_info" : {
        "N_body_panels" : 48,
        "N_body_vertices" : 26,
        "N_wake_panels" : 0,
        "N_wake_filaments" : 0,
        "average_characteristic_length" : 4.76931461379173E-001,
        "max_flow_turning_angle" : 9.00000000000000E+001
    },
    "solver_results" : {
        "solver_status_code" : 0,
        "system_dimension" : 26,
        "timing" : {
            "system_sorting" : 2.20000000000000E-006,
            "preconditioner" : 1.01000000000000E-005,
            "matrix_solver" : 1.89000000000000E-005
        },
        "iterations" : 7,
        "residual" : {
            "max" : 3.33066907387547E-015,
            "norm" : 6.88004239182160E-015
        }
    },
    "pressure_calculations" : {
        "incompressible_rule" : {
            "max" : 6.38970268283021E-001,
            "min" : -6.65963233262253E-001
        }
    },
    "total_forces" : {
        "Cx" : -9.65466017008310E-007,
        "Cy" : 1.52703306362939E-006,
        "Cz" : 1.08695745585849E-006
    },
    "total_moments" : {
        "CMx" : 2.18971749586794E-010,
        "CMy" : -4.25158367784589E-006,
        "CMz" : 5.14141930093442E-006
    },
    "input" : {
        "flow" : {
            "freestream_velocity" : [
                    1.00000000000000E+000,
                    0.00000000000000E+000,
                    0.00000000000000E+000
                ]
        },
        "geometry" : {
            "file" : "studies/adjoint_studies/central_diff_norm_cp_offset/meshes/sphere_coarse2.stl",
            "wake_model" : {
                "wake_present" : false
            },
            "adjoint_sensitivities" : {
                "calc_adjoint" : false
            },
            "perturbation" : {
                "perturb_point" : true,
                "point_index" : 25,
                "xyz_index" : 1,
                "step" : 1.00000000000000E-005
            }
        },
        "solver" : {
            "formulation" : "dirichlet-source-free",
            "control_point_offset" : 5.70164272280748E-003,
            "matrix_solver" : "GMRES"
        },
        "post_processing" : {
            "pressure_rules" : {
                "incompressible" : true
            }
        },
        "output" : {
            "report_file" : "studies/adjoint_studies/central_diff_norm_cp_offset/reports/cp_offset_0_005701642722807478_dirichlet_source_free.json"
        }
    },
    "total_runtime" : 1.60000000000000E-002
}
