{
    "info" : {
        "generated_by" : "MachLine (c) 2023 USU Aerolab",
        "executed" : "Fri Jul 19 09:03:26 2024"
    },
    "mesh_info" : {
        "N_body_panels" : 48,
        "N_body_vertices" : 26,
        "N_wake_panels" : 0,
        "N_wake_filaments" : 0,
        "average_characteristic_length" : 4.76887257362578E-001,
        "max_flow_turning_angle" : 9.00000000000000E+001
    },
    "solver_results" : {
        "solver_status_code" : 0,
        "system_dimension" : 26,
        "timing" : {
            "system_sorting" : 2.00000000000000E-006,
            "preconditioner" : 5.00000000000000E-006,
            "matrix_solver" : 2.69000000000000E-005
        },
        "iterations" : 8,
        "residual" : {
            "max" : 2.99760216648792E-015,
            "norm" : 1.01382566474668E-014
        }
    },
    "pressure_calculations" : {
        "incompressible_rule" : {
            "max" : 7.23252693468747E-001,
            "min" : -6.52303610901319E-001
        }
    },
    "total_forces" : {
        "Cx" : -7.60270404099178E-003,
        "Cy" : 1.35189660854795E-009,
        "Cz" : -1.94698875323714E-002
    },
    "total_moments" : {
        "CMx" : -5.09476141830056E-012,
        "CMy" : 1.55208967851771E-002,
        "CMz" : 1.27657982101903E-009
    },
    "input" : {
        "flow" : {
            "freestream_velocity" : [
                    1.00000000000000E+000,
                    0.00000000000000E+000,
                    0.00000000000000E+000
                ]
        },
        "geometry" : {
            "file" : "studies/adjoint_studies/central_diff_norm_cp_offset/meshes/sphere_coarse2.stl",
            "wake_model" : {
                "wake_present" : false
            },
            "adjoint_sensitivities" : {
                "calc_adjoint" : false
            },
            "perturbation" : {
                "perturb_point" : true,
                "point_index" : 26,
                "xyz_index" : 3,
                "step" : -1.00000000000000E-001
            }
        },
        "solver" : {
            "formulation" : "dirichlet-source-free",
            "control_point_offset" : 4.65586093522959E-008,
            "matrix_solver" : "GMRES"
        },
        "post_processing" : {
            "pressure_rules" : {
                "incompressible" : true
            }
        },
        "output" : {
            "report_file" : "studies/adjoint_studies/central_diff_norm_cp_offset/reports/cp_offset_4_655860935229591e-08_dirichlet_source_free.json"
        }
    },
    "total_runtime" : 3.20000000000000E-002
}
