{
    "info" : {
        "generated_by" : "MachLine (c) 2023 USU Aerolab",
        "executed" : "Wed Jul 17 16:11:03 2024"
    },
    "mesh_info" : {
        "N_body_panels" : 48,
        "N_body_vertices" : 26,
        "N_wake_panels" : 0,
        "N_wake_filaments" : 0,
        "average_characteristic_length" : 4.76931461379173E-001,
        "max_flow_turning_angle" : 9.00000000000000E+001
    },
    "solver_results" : {
        "solver_status_code" : 0,
        "system_dimension" : 26,
        "timing" : {
            "system_sorting" : 2.40000000000000E-006,
            "preconditioner" : 9.10000000000000E-006,
            "matrix_solver" : 2.16000000000000E-005
        },
        "iterations" : 11,
        "residual" : {
            "max" : 3.44169137633799E-014,
            "norm" : 7.64962043254460E-014
        }
    },
    "pressure_calculations" : {
        "incompressible_rule" : {
            "max" : 5.90725242684939E-001,
            "min" : -7.95258347355570E-001
        }
    },
    "total_forces" : {
        "Cx" : -1.34307518087629E-006,
        "Cy" : 1.27503144491808E-006,
        "Cz" : 4.26705157111074E-007
    },
    "total_moments" : {
        "CMx" : 2.27108267088216E-010,
        "CMy" : -3.75933233506473E-006,
        "CMz" : 5.20424512510248E-006
    },
    "input" : {
        "flow" : {
            "freestream_velocity" : [
                    1.00000000000000E+000,
                    0.00000000000000E+000,
                    0.00000000000000E+000
                ]
        },
        "geometry" : {
            "file" : "studies/adjoint_studies/central_diff_norm_cp_offset/meshes/sphere_coarse2.stl",
            "wake_model" : {
                "wake_present" : false
            },
            "adjoint_sensitivities" : {
                "calc_adjoint" : false
            },
            "perturbation" : {
                "perturb_point" : true,
                "point_index" : 25,
                "xyz_index" : 1,
                "step" : 1.00000000000000E-005
            }
        },
        "solver" : {
            "formulation" : "dirichlet-source-free",
            "control_point_offset" : 1.40604752412991E-001,
            "matrix_solver" : "GMRES"
        },
        "post_processing" : {
            "pressure_rules" : {
                "incompressible" : true
            }
        },
        "output" : {
            "report_file" : "studies/adjoint_studies/central_diff_norm_cp_offset/reports/cp_offset_0_14060475241299128_dirichlet_source_free.json"
        }
    },
    "total_runtime" : 1.50000000000000E-002
}
