{
    "info" : {
        "generated_by" : "MachLine (c) 2023 USU Aerolab",
        "executed" : "Fri Jul 19 09:03:21 2024"
    },
    "mesh_info" : {
        "N_body_panels" : 48,
        "N_body_vertices" : 26,
        "N_wake_panels" : 0,
        "N_wake_filaments" : 0,
        "average_characteristic_length" : 4.76887257362578E-001,
        "max_flow_turning_angle" : 9.00000000000000E+001
    },
    "solver_results" : {
        "solver_status_code" : 0,
        "system_dimension" : 26,
        "timing" : {
            "system_sorting" : 2.10000000000000E-006,
            "preconditioner" : 1.04000000000000E-005,
            "matrix_solver" : 2.14000000000000E-005
        },
        "iterations" : 8,
        "residual" : {
            "max" : 3.99680288865056E-015,
            "norm" : 1.11461440376015E-014
        }
    },
    "pressure_calculations" : {
        "incompressible_rule" : {
            "max" : 7.23252736480768E-001,
            "min" : -6.52303064424825E-001
        }
    },
    "total_forces" : {
        "Cx" : -7.60253786109111E-003,
        "Cy" : -3.35785785288145E-009,
        "Cz" : -1.94700023253896E-002
    },
    "total_moments" : {
        "CMx" : 3.33212103742486E-012,
        "CMy" : 1.55210038941276E-002,
        "CMz" : -6.63215467266998E-009
    },
    "input" : {
        "flow" : {
            "freestream_velocity" : [
                    1.00000000000000E+000,
                    0.00000000000000E+000,
                    0.00000000000000E+000
                ]
        },
        "geometry" : {
            "file" : "studies/adjoint_studies/central_diff_norm_cp_offset/meshes/sphere_coarse2.stl",
            "wake_model" : {
                "wake_present" : false
            },
            "adjoint_sensitivities" : {
                "calc_adjoint" : false
            },
            "perturbation" : {
                "perturb_point" : true,
                "point_index" : 26,
                "xyz_index" : 3,
                "step" : -1.00000000000000E-001
            }
        },
        "solver" : {
            "formulation" : "dirichlet-source-free",
            "control_point_offset" : 1.83653834334834E-009,
            "matrix_solver" : "GMRES"
        },
        "post_processing" : {
            "pressure_rules" : {
                "incompressible" : true
            }
        },
        "output" : {
            "report_file" : "studies/adjoint_studies/central_diff_norm_cp_offset/reports/cp_offset_1_8365383433483436e-09_dirichlet_source_free.json"
        }
    },
    "total_runtime" : 1.60000000000000E-002
}
