{
    "info" : {
        "generated_by" : "MachLine (c) 2023 USU Aerolab",
        "executed" : "Fri Jul 19 09:03:46 2024"
    },
    "mesh_info" : {
        "N_body_panels" : 48,
        "N_body_vertices" : 26,
        "N_wake_panels" : 0,
        "N_wake_filaments" : 0,
        "average_characteristic_length" : 4.76887257362578E-001,
        "max_flow_turning_angle" : 9.00000000000000E+001
    },
    "solver_results" : {
        "solver_status_code" : 0,
        "system_dimension" : 26,
        "timing" : {
            "system_sorting" : 2.90000000000000E-006,
            "preconditioner" : 1.14000000000000E-005,
            "matrix_solver" : 1.97000000000000E-005
        },
        "iterations" : 9,
        "residual" : {
            "max" : 3.15303338993544E-014,
            "norm" : 6.75490601279069E-014
        }
    },
    "pressure_calculations" : {
        "incompressible_rule" : {
            "max" : 7.10733453558960E-001,
            "min" : -7.10711170489780E-001
        }
    },
    "total_forces" : {
        "Cx" : -7.64296092391961E-003,
        "Cy" : 1.47798440153224E-015,
        "Cz" : -1.46109003003253E-002
    },
    "total_moments" : {
        "CMx" : 5.89805981832114E-017,
        "CMy" : 1.06310148401023E-002,
        "CMz" : 1.06165076729781E-015
    },
    "input" : {
        "flow" : {
            "freestream_velocity" : [
                    1.00000000000000E+000,
                    0.00000000000000E+000,
                    0.00000000000000E+000
                ]
        },
        "geometry" : {
            "file" : "studies/adjoint_studies/central_diff_norm_cp_offset/meshes/sphere_coarse2.stl",
            "wake_model" : {
                "wake_present" : false
            },
            "adjoint_sensitivities" : {
                "calc_adjoint" : false
            },
            "perturbation" : {
                "perturb_point" : true,
                "point_index" : 26,
                "xyz_index" : 3,
                "step" : -1.00000000000000E-001
            }
        },
        "solver" : {
            "formulation" : "dirichlet-source-free",
            "control_point_offset" : 2.60615354999890E-002,
            "matrix_solver" : "GMRES"
        },
        "post_processing" : {
            "pressure_rules" : {
                "incompressible" : true
            }
        },
        "output" : {
            "report_file" : "studies/adjoint_studies/central_diff_norm_cp_offset/reports/cp_offset_0_026061535499988978_dirichlet_source_free.json"
        }
    },
    "total_runtime" : 1.60000000000000E-002
}
