{
    "info" : {
        "generated_by" : "MachLine (c) 2023 USU Aerolab",
        "executed" : "Fri Jul 19 09:03:47 2024"
    },
    "mesh_info" : {
        "N_body_panels" : 48,
        "N_body_vertices" : 26,
        "N_wake_panels" : 0,
        "N_wake_filaments" : 0,
        "average_characteristic_length" : 4.76887257362578E-001,
        "max_flow_turning_angle" : 9.00000000000000E+001
    },
    "solver_results" : {
        "solver_status_code" : 0,
        "system_dimension" : 26,
        "timing" : {
            "system_sorting" : 2.00000000000000E-006,
            "preconditioner" : 1.79000000000000E-005,
            "matrix_solver" : 2.09000000000000E-005
        },
        "iterations" : 10,
        "residual" : {
            "max" : 1.57318602589385E-013,
            "norm" : 2.39487755404520E-013
        }
    },
    "pressure_calculations" : {
        "incompressible_rule" : {
            "max" : 7.01984039944573E-001,
            "min" : -7.50232819924773E-001
        }
    },
    "total_forces" : {
        "Cx" : -7.48582442051665E-003,
        "Cy" : 3.43475248243408E-015,
        "Cz" : -1.00173156595195E-002
    },
    "total_moments" : {
        "CMx" : 6.33174068731535E-017,
        "CMy" : 6.04192314138843E-003,
        "CMz" : 3.57353036051222E-015
    },
    "input" : {
        "flow" : {
            "freestream_velocity" : [
                    1.00000000000000E+000,
                    0.00000000000000E+000,
                    0.00000000000000E+000
                ]
        },
        "geometry" : {
            "file" : "studies/adjoint_studies/central_diff_norm_cp_offset/meshes/sphere_coarse2.stl",
            "wake_model" : {
                "wake_present" : false
            },
            "adjoint_sensitivities" : {
                "calc_adjoint" : false
            },
            "perturbation" : {
                "perturb_point" : true,
                "point_index" : 26,
                "xyz_index" : 3,
                "step" : -1.00000000000000E-001
            }
        },
        "solver" : {
            "formulation" : "dirichlet-source-free",
            "control_point_offset" : 5.64936974812303E-002,
            "matrix_solver" : "GMRES"
        },
        "post_processing" : {
            "pressure_rules" : {
                "incompressible" : true
            }
        },
        "output" : {
            "report_file" : "studies/adjoint_studies/central_diff_norm_cp_offset/reports/cp_offset_0_05649369748123034_dirichlet_source_free.json"
        }
    },
    "total_runtime" : 1.60000000000000E-002
}
