{
    "info" : {
        "generated_by" : "MachLine (c) 2023 USU Aerolab",
        "executed" : "Wed Jul 17 16:11:03 2024"
    },
    "mesh_info" : {
        "N_body_panels" : 48,
        "N_body_vertices" : 26,
        "N_wake_panels" : 0,
        "N_wake_filaments" : 0,
        "average_characteristic_length" : 4.76931461379173E-001,
        "max_flow_turning_angle" : 9.00000000000000E+001
    },
    "solver_results" : {
        "solver_status_code" : 0,
        "system_dimension" : 26,
        "timing" : {
            "system_sorting" : 2.10000000000000E-006,
            "preconditioner" : 1.08000000000000E-005,
            "matrix_solver" : 2.46000000000000E-005
        },
        "iterations" : 14,
        "residual" : {
            "max" : 6.35047570085590E-014,
            "norm" : 1.38711792971304E-013
        }
    },
    "pressure_calculations" : {
        "incompressible_rule" : {
            "max" : 5.74382391414612E-001,
            "min" : -8.26853245423426E-001
        }
    },
    "total_forces" : {
        "Cx" : -1.59225703721955E-006,
        "Cy" : 1.25461285653550E-006,
        "Cz" : 1.84683335003460E-007
    },
    "total_moments" : {
        "CMx" : 2.21220716224713E-010,
        "CMy" : -3.54195559253492E-006,
        "CMz" : 5.29401398519785E-006
    },
    "input" : {
        "flow" : {
            "freestream_velocity" : [
                    1.00000000000000E+000,
                    0.00000000000000E+000,
                    0.00000000000000E+000
                ]
        },
        "geometry" : {
            "file" : "studies/adjoint_studies/central_diff_norm_cp_offset/meshes/sphere_coarse2.stl",
            "wake_model" : {
                "wake_present" : false
            },
            "adjoint_sensitivities" : {
                "calc_adjoint" : false
            },
            "perturbation" : {
                "perturb_point" : true,
                "point_index" : 25,
                "xyz_index" : 1,
                "step" : 1.00000000000000E-005
            }
        },
        "solver" : {
            "formulation" : "dirichlet-source-free",
            "control_point_offset" : 2.37684028662487E-001,
            "matrix_solver" : "GMRES"
        },
        "post_processing" : {
            "pressure_rules" : {
                "incompressible" : true
            }
        },
        "output" : {
            "report_file" : "studies/adjoint_studies/central_diff_norm_cp_offset/reports/cp_offset_0_23768402866248736_dirichlet_source_free.json"
        }
    },
    "total_runtime" : 3.10000000000000E-002
}
