{
    "info" : {
        "generated_by" : "MachLine (c) 2023 USU Aerolab",
        "executed" : "Fri Jul 19 09:03:46 2024"
    },
    "mesh_info" : {
        "N_body_panels" : 48,
        "N_body_vertices" : 26,
        "N_wake_panels" : 0,
        "N_wake_filaments" : 0,
        "average_characteristic_length" : 4.76887257362578E-001,
        "max_flow_turning_angle" : 9.00000000000000E+001
    },
    "solver_results" : {
        "solver_status_code" : 0,
        "system_dimension" : 26,
        "timing" : {
            "system_sorting" : 2.60000000000000E-006,
            "preconditioner" : 9.80000000000000E-006,
            "matrix_solver" : 2.02000000000000E-005
        },
        "iterations" : 9,
        "residual" : {
            "max" : 2.24265050974282E-013,
            "norm" : 4.63606014882242E-013
        }
    },
    "pressure_calculations" : {
        "incompressible_rule" : {
            "max" : 7.06532523186579E-001,
            "min" : -7.29865713314996E-001
        }
    },
    "total_forces" : {
        "Cx" : -7.59011469847803E-003,
        "Cy" : 1.10328413072125E-015,
        "Cz" : -1.25341835123380E-002
    },
    "total_moments" : {
        "CMx" : 1.32706345912226E-016,
        "CMy" : 8.55383883945598E-003,
        "CMz" : 1.01307850997046E-015
    },
    "input" : {
        "flow" : {
            "freestream_velocity" : [
                    1.00000000000000E+000,
                    0.00000000000000E+000,
                    0.00000000000000E+000
                ]
        },
        "geometry" : {
            "file" : "studies/adjoint_studies/central_diff_norm_cp_offset/meshes/sphere_coarse2.stl",
            "wake_model" : {
                "wake_present" : false
            },
            "adjoint_sensitivities" : {
                "calc_adjoint" : false
            },
            "perturbation" : {
                "perturb_point" : true,
                "point_index" : 26,
                "xyz_index" : 3,
                "step" : -1.00000000000000E-001
            }
        },
        "solver" : {
            "formulation" : "dirichlet-source-free",
            "control_point_offset" : 3.94457302075278E-002,
            "matrix_solver" : "GMRES"
        },
        "post_processing" : {
            "pressure_rules" : {
                "incompressible" : true
            }
        },
        "output" : {
            "report_file" : "studies/adjoint_studies/central_diff_norm_cp_offset/reports/cp_offset_0_03944573020752785_dirichlet_source_free.json"
        }
    },
    "total_runtime" : 1.50000000000000E-002
}
