{
    "info" : {
        "generated_by" : "MachLine (c) 2023 USU Aerolab",
        "executed" : "Wed Jul 17 16:10:56 2024"
    },
    "mesh_info" : {
        "N_body_panels" : 48,
        "N_body_vertices" : 26,
        "N_wake_panels" : 0,
        "N_wake_filaments" : 0,
        "average_characteristic_length" : 4.76931461379173E-001,
        "max_flow_turning_angle" : 9.00000000000000E+001
    },
    "solver_results" : {
        "solver_status_code" : 0,
        "system_dimension" : 26,
        "timing" : {
            "system_sorting" : 3.90000000000000E-006,
            "preconditioner" : 1.26000000000000E-005,
            "matrix_solver" : 2.91000000000000E-005
        },
        "iterations" : 6,
        "residual" : {
            "max" : 8.32667268468867E-014,
            "norm" : 1.75596922909365E-013
        }
    },
    "pressure_calculations" : {
        "incompressible_rule" : {
            "max" : 6.43493558788723E-001,
            "min" : -6.51676584088990E-001
        }
    },
    "total_forces" : {
        "Cx" : -9.47655182007012E-007,
        "Cy" : 1.55912916759843E-006,
        "Cz" : 1.14765248029891E-006
    },
    "total_moments" : {
        "CMx" : 2.17069525548785E-010,
        "CMy" : -4.29143709795854E-006,
        "CMz" : 5.14095137953835E-006
    },
    "input" : {
        "flow" : {
            "freestream_velocity" : [
                    1.00000000000000E+000,
                    0.00000000000000E+000,
                    0.00000000000000E+000
                ]
        },
        "geometry" : {
            "file" : "studies/adjoint_studies/central_diff_norm_cp_offset/meshes/sphere_coarse2.stl",
            "wake_model" : {
                "wake_present" : false
            },
            "adjoint_sensitivities" : {
                "calc_adjoint" : false
            },
            "perturbation" : {
                "perturb_point" : true,
                "point_index" : 25,
                "xyz_index" : 1,
                "step" : 1.00000000000000E-005
            }
        },
        "solver" : {
            "formulation" : "dirichlet-source-free",
            "control_point_offset" : 7.58577575029185E-004,
            "matrix_solver" : "GMRES"
        },
        "post_processing" : {
            "pressure_rules" : {
                "incompressible" : true
            }
        },
        "output" : {
            "report_file" : "studies/adjoint_studies/central_diff_norm_cp_offset/reports/cp_offset_0_0007585775750291852_dirichlet_source_free.json"
        }
    },
    "total_runtime" : 1.50000000000000E-002
}
