{
    "info" : {
        "generated_by" : "MachLine (c) 2023 USU Aerolab",
        "executed" : "Fri Jul 19 09:03:20 2024"
    },
    "mesh_info" : {
        "N_body_panels" : 48,
        "N_body_vertices" : 26,
        "N_wake_panels" : 0,
        "N_wake_filaments" : 0,
        "average_characteristic_length" : 4.76887257362578E-001,
        "max_flow_turning_angle" : 9.00000000000000E+001
    },
    "solver_results" : {
        "solver_status_code" : 0,
        "system_dimension" : 26,
        "timing" : {
            "system_sorting" : 2.10000000000000E-006,
            "preconditioner" : 8.70000000000000E-006,
            "matrix_solver" : 1.81000000000000E-005
        },
        "iterations" : 8,
        "residual" : {
            "max" : 3.44169137633799E-015,
            "norm" : 1.03672579553026E-014
        }
    },
    "pressure_calculations" : {
        "incompressible_rule" : {
            "max" : 7.23252575013436E-001,
            "min" : -6.52302993478813E-001
        }
    },
    "total_forces" : {
        "Cx" : -7.60213991997452E-003,
        "Cy" : 5.59640062069988E-008,
        "Cz" : -1.94701332964954E-002
    },
    "total_moments" : {
        "CMx" : -1.84757536526858E-010,
        "CMy" : 1.55211261857803E-002,
        "CMz" : 5.16557707164189E-008
    },
    "input" : {
        "flow" : {
            "freestream_velocity" : [
                    1.00000000000000E+000,
                    0.00000000000000E+000,
                    0.00000000000000E+000
                ]
        },
        "geometry" : {
            "file" : "studies/adjoint_studies/central_diff_norm_cp_offset/meshes/sphere_coarse2.stl",
            "wake_model" : {
                "wake_present" : false
            },
            "adjoint_sensitivities" : {
                "calc_adjoint" : false
            },
            "perturbation" : {
                "perturb_point" : true,
                "point_index" : 26,
                "xyz_index" : 3,
                "step" : -1.00000000000000E-001
            }
        },
        "solver" : {
            "formulation" : "dirichlet-source-free",
            "control_point_offset" : 1.05681750921366E-009,
            "matrix_solver" : "GMRES"
        },
        "post_processing" : {
            "pressure_rules" : {
                "incompressible" : true
            }
        },
        "output" : {
            "report_file" : "studies/adjoint_studies/central_diff_norm_cp_offset/reports/cp_offset_1_0568175092136608e-09_dirichlet_source_free.json"
        }
    },
    "total_runtime" : 1.60000000000000E-002
}
