{
    "info" : {
        "generated_by" : "MachLine (c) 2023 USU Aerolab",
        "executed" : "Fri Jul 19 09:03:45 2024"
    },
    "mesh_info" : {
        "N_body_panels" : 48,
        "N_body_vertices" : 26,
        "N_wake_panels" : 0,
        "N_wake_filaments" : 0,
        "average_characteristic_length" : 4.76887257362578E-001,
        "max_flow_turning_angle" : 9.00000000000000E+001
    },
    "solver_results" : {
        "solver_status_code" : 0,
        "system_dimension" : 26,
        "timing" : {
            "system_sorting" : 2.30000000000000E-006,
            "preconditioner" : 8.80000000000000E-006,
            "matrix_solver" : 2.00000000000000E-005
        },
        "iterations" : 9,
        "residual" : {
            "max" : 1.84297022087776E-014,
            "norm" : 3.26884230959344E-014
        }
    },
    "pressure_calculations" : {
        "incompressible_rule" : {
            "max" : 7.11912026438172E-001,
            "min" : -7.05284743072393E-001
        }
    },
    "total_forces" : {
        "Cx" : -7.65122204887067E-003,
        "Cy" : 9.71445146547012E-016,
        "Cz" : -1.51528755188793E-002
    },
    "total_moments" : {
        "CMx" : -6.93889390390723E-018,
        "CMy" : 1.11739792934685E-002,
        "CMz" : 1.08940634291343E-015
    },
    "input" : {
        "flow" : {
            "freestream_velocity" : [
                    1.00000000000000E+000,
                    0.00000000000000E+000,
                    0.00000000000000E+000
                ]
        },
        "geometry" : {
            "file" : "studies/adjoint_studies/central_diff_norm_cp_offset/meshes/sphere_coarse2.stl",
            "wake_model" : {
                "wake_present" : false
            },
            "adjoint_sensitivities" : {
                "calc_adjoint" : false
            },
            "perturbation" : {
                "perturb_point" : true,
                "point_index" : 26,
                "xyz_index" : 3,
                "step" : -1.00000000000000E-001
            }
        },
        "solver" : {
            "formulation" : "dirichlet-source-free",
            "control_point_offset" : 2.26986485188382E-002,
            "matrix_solver" : "GMRES"
        },
        "post_processing" : {
            "pressure_rules" : {
                "incompressible" : true
            }
        },
        "output" : {
            "report_file" : "studies/adjoint_studies/central_diff_norm_cp_offset/reports/cp_offset_0_022698648518838214_dirichlet_source_free.json"
        }
    },
    "total_runtime" : 1.60000000000000E-002
}
