{
    "info" : {
        "generated_by" : "MachLine (c) 2023 USU Aerolab",
        "executed" : "Fri Jul 19 09:03:48 2024"
    },
    "mesh_info" : {
        "N_body_panels" : 48,
        "N_body_vertices" : 26,
        "N_wake_panels" : 0,
        "N_wake_filaments" : 0,
        "average_characteristic_length" : 4.76887257362578E-001,
        "max_flow_turning_angle" : 9.00000000000000E+001
    },
    "solver_results" : {
        "solver_status_code" : 0,
        "system_dimension" : 26,
        "timing" : {
            "system_sorting" : 2.00000000000000E-006,
            "preconditioner" : 9.00000000000000E-006,
            "matrix_solver" : 2.29000000000000E-005
        },
        "iterations" : 13,
        "residual" : {
            "max" : 1.14352971536391E-013,
            "norm" : 2.50113461732343E-013
        }
    },
    "pressure_calculations" : {
        "incompressible_rule" : {
            "max" : 6.84734675103398E-001,
            "min" : -8.23412922469333E-001
        }
    },
    "total_forces" : {
        "Cx" : -6.38186638009049E-003,
        "Cy" : -1.40165656858926E-015,
        "Cz" : 2.55115477772669E-003
    },
    "total_moments" : {
        "CMx" : -1.73472347597681E-017,
        "CMy" : -6.45438899479724E-003,
        "CMz" : -1.40859546249317E-015
    },
    "input" : {
        "flow" : {
            "freestream_velocity" : [
                    1.00000000000000E+000,
                    0.00000000000000E+000,
                    0.00000000000000E+000
                ]
        },
        "geometry" : {
            "file" : "studies/adjoint_studies/central_diff_norm_cp_offset/meshes/sphere_coarse2.stl",
            "wake_model" : {
                "wake_present" : false
            },
            "adjoint_sensitivities" : {
                "calc_adjoint" : false
            },
            "perturbation" : {
                "perturb_point" : true,
                "point_index" : 26,
                "xyz_index" : 3,
                "step" : -1.00000000000000E-001
            }
        },
        "solver" : {
            "formulation" : "dirichlet-source-free",
            "control_point_offset" : 1.52756605823808E-001,
            "matrix_solver" : "GMRES"
        },
        "post_processing" : {
            "pressure_rules" : {
                "incompressible" : true
            }
        },
        "output" : {
            "report_file" : "studies/adjoint_studies/central_diff_norm_cp_offset/reports/cp_offset_0_15275660582380762_dirichlet_source_free.json"
        }
    },
    "total_runtime" : 1.60000000000000E-002
}
