{
    "info" : {
        "generated_by" : "MachLine (c) 2023 USU Aerolab",
        "executed" : "Wed Jul 17 16:11:07 2024"
    },
    "mesh_info" : {
        "N_body_panels" : 48,
        "N_body_vertices" : 26,
        "N_wake_panels" : 0,
        "N_wake_filaments" : 0,
        "average_characteristic_length" : 4.76931259248353E-001,
        "max_flow_turning_angle" : 9.00000000000000E+001
    },
    "solver_results" : {
        "solver_status_code" : 0,
        "system_dimension" : 26,
        "timing" : {
            "system_sorting" : 1.80000000000000E-006,
            "preconditioner" : 1.87000000000000E-005,
            "matrix_solver" : 1.70000000000000E-005
        },
        "iterations" : 6,
        "residual" : {
            "max" : 2.60458321577062E-013,
            "norm" : 4.93197747435589E-013
        }
    },
    "pressure_calculations" : {
        "incompressible_rule" : {
            "max" : 6.44614999024907E-001,
            "min" : -6.48291407953836E-001
        }
    },
    "total_forces" : {
        "Cx" : -3.65653118709897E-006,
        "Cy" : -9.62483660787994E-006,
        "Cz" : -1.55563034426147E-005
    },
    "total_moments" : {
        "CMx" : -3.06572989217102E-010,
        "CMy" : 1.55803233514683E-005,
        "CMz" : -1.54008465459987E-005
    },
    "input" : {
        "flow" : {
            "freestream_velocity" : [
                    1.00000000000000E+000,
                    0.00000000000000E+000,
                    0.00000000000000E+000
                ]
        },
        "geometry" : {
            "file" : "studies/adjoint_studies/central_diff_norm_cp_offset/meshes/sphere_coarse2.stl",
            "wake_model" : {
                "wake_present" : false
            },
            "adjoint_sensitivities" : {
                "calc_adjoint" : false
            },
            "perturbation" : {
                "perturb_point" : true,
                "point_index" : 25,
                "xyz_index" : 1,
                "step" : -1.00000000000000E-005
            }
        },
        "solver" : {
            "formulation" : "dirichlet-source-free",
            "control_point_offset" : 3.76703798983909E-012,
            "matrix_solver" : "GMRES"
        },
        "post_processing" : {
            "pressure_rules" : {
                "incompressible" : true
            }
        },
        "output" : {
            "report_file" : "studies/adjoint_studies/central_diff_norm_cp_offset/reports/cp_offset_3_767037989839093e-12_dirichlet_source_free.json"
        }
    },
    "total_runtime" : 1.60000000000000E-002
}
