{
    "info" : {
        "generated_by" : "MachLine (c) 2023 USU Aerolab",
        "executed" : "Wed Jul 17 16:10:32 2024"
    },
    "mesh_info" : {
        "N_body_panels" : 48,
        "N_body_vertices" : 26,
        "N_wake_panels" : 0,
        "N_wake_filaments" : 0,
        "average_characteristic_length" : 4.76931461379173E-001,
        "max_flow_turning_angle" : 9.00000000000000E+001
    },
    "solver_results" : {
        "solver_status_code" : 0,
        "system_dimension" : 26,
        "timing" : {
            "system_sorting" : 2.20000000000000E-006,
            "preconditioner" : 9.20000000000000E-006,
            "matrix_solver" : 1.82000000000000E-005
        },
        "iterations" : 6,
        "residual" : {
            "max" : 3.93018950717305E-014,
            "norm" : 8.76445206451831E-014
        }
    },
    "pressure_calculations" : {
        "incompressible_rule" : {
            "max" : 6.44567393045056E-001,
            "min" : -6.48263590749661E-001
        }
    },
    "total_forces" : {
        "Cx" : 2.57994836676267E-006,
        "Cy" : -1.77987348248809E-007,
        "Cz" : -1.91068810692294E-006
    },
    "total_moments" : {
        "CMx" : 2.07688108030957E-010,
        "CMy" : -1.58659138871364E-006,
        "CMz" : 3.15580848465197E-006
    },
    "input" : {
        "flow" : {
            "freestream_velocity" : [
                    1.00000000000000E+000,
                    0.00000000000000E+000,
                    0.00000000000000E+000
                ]
        },
        "geometry" : {
            "file" : "studies/adjoint_studies/central_diff_norm_cp_offset/meshes/sphere_coarse2.stl",
            "wake_model" : {
                "wake_present" : false
            },
            "adjoint_sensitivities" : {
                "calc_adjoint" : false
            },
            "perturbation" : {
                "perturb_point" : true,
                "point_index" : 25,
                "xyz_index" : 1,
                "step" : 1.00000000000000E-005
            }
        },
        "solver" : {
            "formulation" : "dirichlet-source-free",
            "control_point_offset" : 5.19995996533515E-011,
            "matrix_solver" : "GMRES"
        },
        "post_processing" : {
            "pressure_rules" : {
                "incompressible" : true
            }
        },
        "output" : {
            "report_file" : "studies/adjoint_studies/central_diff_norm_cp_offset/reports/cp_offset_5_199959965335152e-11_dirichlet_source_free.json"
        }
    },
    "total_runtime" : 3.20000000000000E-002
}
