{
    "info" : {
        "generated_by" : "MachLine (c) 2023 USU Aerolab",
        "executed" : "Wed Jul 17 16:10:48 2024"
    },
    "mesh_info" : {
        "N_body_panels" : 48,
        "N_body_vertices" : 26,
        "N_wake_panels" : 0,
        "N_wake_filaments" : 0,
        "average_characteristic_length" : 4.76931461379173E-001,
        "max_flow_turning_angle" : 9.00000000000000E+001
    },
    "solver_results" : {
        "solver_status_code" : 0,
        "system_dimension" : 26,
        "timing" : {
            "system_sorting" : 2.30000000000000E-006,
            "preconditioner" : 1.01000000000000E-005,
            "matrix_solver" : 2.08000000000000E-005
        },
        "iterations" : 6,
        "residual" : {
            "max" : 5.21804821573824E-014,
            "norm" : 9.51211739419740E-014
        }
    },
    "pressure_calculations" : {
        "incompressible_rule" : {
            "max" : 6.44558534784399E-001,
            "min" : -6.48285164944144E-001
        }
    },
    "total_forces" : {
        "Cx" : -9.44196544117037E-007,
        "Cy" : 1.56729284363222E-006,
        "Cz" : 1.16231220539248E-006
    },
    "total_moments" : {
        "CMx" : 2.16579450554311E-010,
        "CMy" : -4.30118498908130E-006,
        "CMz" : 5.14136815837202E-006
    },
    "input" : {
        "flow" : {
            "freestream_velocity" : [
                    1.00000000000000E+000,
                    0.00000000000000E+000,
                    0.00000000000000E+000
                ]
        },
        "geometry" : {
            "file" : "studies/adjoint_studies/central_diff_norm_cp_offset/meshes/sphere_coarse2.stl",
            "wake_model" : {
                "wake_present" : false
            },
            "adjoint_sensitivities" : {
                "calc_adjoint" : false
            },
            "perturbation" : {
                "perturb_point" : true,
                "point_index" : 25,
                "xyz_index" : 1,
                "step" : 1.00000000000000E-005
            }
        },
        "solver" : {
            "formulation" : "dirichlet-source-free",
            "control_point_offset" : 3.19153785510076E-006,
            "matrix_solver" : "GMRES"
        },
        "post_processing" : {
            "pressure_rules" : {
                "incompressible" : true
            }
        },
        "output" : {
            "report_file" : "studies/adjoint_studies/central_diff_norm_cp_offset/reports/cp_offset_3_191537855100765e-06_dirichlet_source_free.json"
        }
    },
    "total_runtime" : 1.50000000000000E-002
}
