{
    "info" : {
        "generated_by" : "MachLine (c) 2023 USU Aerolab",
        "executed" : "Fri Jul 19 09:03:48 2024"
    },
    "mesh_info" : {
        "N_body_panels" : 48,
        "N_body_vertices" : 26,
        "N_wake_panels" : 0,
        "N_wake_filaments" : 0,
        "average_characteristic_length" : 4.76887257362578E-001,
        "max_flow_turning_angle" : 9.00000000000000E+001
    },
    "solver_results" : {
        "solver_status_code" : 0,
        "system_dimension" : 26,
        "timing" : {
            "system_sorting" : 2.00000000000000E-006,
            "preconditioner" : 4.20000000000000E-006,
            "matrix_solver" : 3.09000000000000E-005
        },
        "iterations" : 14,
        "residual" : {
            "max" : 4.47974990436251E-014,
            "norm" : 1.09447565736326E-013
        }
    },
    "pressure_calculations" : {
        "incompressible_rule" : {
            "max" : 6.82521216103036E-001,
            "min" : -8.32419332212127E-001
        }
    },
    "total_forces" : {
        "Cx" : -6.10332160774782E-003,
        "Cy" : 1.74166236988071E-015,
        "Cz" : 4.59589388102065E-003
    },
    "total_moments" : {
        "CMx" : 6.50521303491303E-017,
        "CMy" : -8.48329823578829E-003,
        "CMz" : 1.78329573330416E-015
    },
    "input" : {
        "flow" : {
            "freestream_velocity" : [
                    1.00000000000000E+000,
                    0.00000000000000E+000,
                    0.00000000000000E+000
                ]
        },
        "geometry" : {
            "file" : "studies/adjoint_studies/central_diff_norm_cp_offset/meshes/sphere_coarse2.stl",
            "wake_model" : {
                "wake_present" : false
            },
            "adjoint_sensitivities" : {
                "calc_adjoint" : false
            },
            "perturbation" : {
                "perturb_point" : true,
                "point_index" : 26,
                "xyz_index" : 3,
                "step" : -1.00000000000000E-001
            }
        },
        "solver" : {
            "formulation" : "dirichlet-source-free",
            "control_point_offset" : 1.70608238900313E-001,
            "matrix_solver" : "GMRES"
        },
        "post_processing" : {
            "pressure_rules" : {
                "incompressible" : true
            }
        },
        "output" : {
            "report_file" : "studies/adjoint_studies/central_diff_norm_cp_offset/reports/cp_offset_0_1706082389003128_dirichlet_source_free.json"
        }
    },
    "total_runtime" : 1.60000000000000E-002
}
