{
    "info" : {
        "generated_by" : "MachLine (c) 2023 USU Aerolab",
        "executed" : "Fri Jul 19 09:03:30 2024"
    },
    "mesh_info" : {
        "N_body_panels" : 48,
        "N_body_vertices" : 26,
        "N_wake_panels" : 0,
        "N_wake_filaments" : 0,
        "average_characteristic_length" : 4.76887257362578E-001,
        "max_flow_turning_angle" : 9.00000000000000E+001
    },
    "solver_results" : {
        "solver_status_code" : 0,
        "system_dimension" : 26,
        "timing" : {
            "system_sorting" : 2.20000000000000E-006,
            "preconditioner" : 1.02000000000000E-005,
            "matrix_solver" : 2.40000000000000E-005
        },
        "iterations" : 8,
        "residual" : {
            "max" : 3.66373598126302E-015,
            "norm" : 1.07439001419199E-014
        }
    },
    "pressure_calculations" : {
        "incompressible_rule" : {
            "max" : 7.23251459494619E-001,
            "min" : -6.52309320829590E-001
        }
    },
    "total_forces" : {
        "Cx" : -7.60273700132816E-003,
        "Cy" : 6.96576130110316E-012,
        "Cz" : -1.94695498412658E-002
    },
    "total_moments" : {
        "CMx" : -3.63866922703515E-014,
        "CMy" : 1.55205521387370E-002,
        "CMz" : 1.72444697410512E-012
    },
    "input" : {
        "flow" : {
            "freestream_velocity" : [
                    1.00000000000000E+000,
                    0.00000000000000E+000,
                    0.00000000000000E+000
                ]
        },
        "geometry" : {
            "file" : "studies/adjoint_studies/central_diff_norm_cp_offset/meshes/sphere_coarse2.stl",
            "wake_model" : {
                "wake_present" : false
            },
            "adjoint_sensitivities" : {
                "calc_adjoint" : false
            },
            "perturbation" : {
                "perturb_point" : true,
                "point_index" : 26,
                "xyz_index" : 3,
                "step" : -1.00000000000000E-001
            }
        },
        "solver" : {
            "formulation" : "dirichlet-source-free",
            "control_point_offset" : 6.25172692775686E-007,
            "matrix_solver" : "GMRES"
        },
        "post_processing" : {
            "pressure_rules" : {
                "incompressible" : true
            }
        },
        "output" : {
            "report_file" : "studies/adjoint_studies/central_diff_norm_cp_offset/reports/cp_offset_6_251726927756862e-07_dirichlet_source_free.json"
        }
    },
    "total_runtime" : 1.60000000000000E-002
}
