{
    "info" : {
        "generated_by" : "MachLine (c) 2023 USU Aerolab",
        "executed" : "Wed Jul 17 16:10:43 2024"
    },
    "mesh_info" : {
        "N_body_panels" : 48,
        "N_body_vertices" : 26,
        "N_wake_panels" : 0,
        "N_wake_filaments" : 0,
        "average_characteristic_length" : 4.76931461379173E-001,
        "max_flow_turning_angle" : 9.00000000000000E+001
    },
    "solver_results" : {
        "solver_status_code" : 0,
        "system_dimension" : 26,
        "timing" : {
            "system_sorting" : 2.10000000000000E-006,
            "preconditioner" : 5.30000000000000E-006,
            "matrix_solver" : 2.48000000000000E-005
        },
        "iterations" : 6,
        "residual" : {
            "max" : 5.19584375524573E-014,
            "norm" : 9.43416669399326E-014
        }
    },
    "pressure_calculations" : {
        "incompressible_rule" : {
            "max" : 6.44566656588711E-001,
            "min" : -6.48259356856472E-001
        }
    },
    "total_forces" : {
        "Cx" : -9.45083222375631E-007,
        "Cy" : 1.56632645015309E-006,
        "Cz" : 1.16105470614539E-006
    },
    "total_moments" : {
        "CMx" : 2.16574948946890E-010,
        "CMy" : -4.30012783933162E-006,
        "CMz" : 5.14014238623545E-006
    },
    "input" : {
        "flow" : {
            "freestream_velocity" : [
                    1.00000000000000E+000,
                    0.00000000000000E+000,
                    0.00000000000000E+000
                ]
        },
        "geometry" : {
            "file" : "studies/adjoint_studies/central_diff_norm_cp_offset/meshes/sphere_coarse2.stl",
            "wake_model" : {
                "wake_present" : false
            },
            "adjoint_sensitivities" : {
                "calc_adjoint" : false
            },
            "perturbation" : {
                "perturb_point" : true,
                "point_index" : 25,
                "xyz_index" : 1,
                "step" : 1.00000000000000E-005
            }
        },
        "solver" : {
            "formulation" : "dirichlet-source-free",
            "control_point_offset" : 8.55066712884684E-008,
            "matrix_solver" : "GMRES"
        },
        "post_processing" : {
            "pressure_rules" : {
                "incompressible" : true
            }
        },
        "output" : {
            "report_file" : "studies/adjoint_studies/central_diff_norm_cp_offset/reports/cp_offset_8_550667128846841e-08_dirichlet_source_free.json"
        }
    },
    "total_runtime" : 3.10000000000000E-002
}
