{
    "info" : {
        "generated_by" : "MachLine (c) 2023 USU Aerolab",
        "executed" : "Wed Jul 17 16:10:50 2024"
    },
    "mesh_info" : {
        "N_body_panels" : 48,
        "N_body_vertices" : 26,
        "N_wake_panels" : 0,
        "N_wake_filaments" : 0,
        "average_characteristic_length" : 4.76931461379173E-001,
        "max_flow_turning_angle" : 9.00000000000000E+001
    },
    "solver_results" : {
        "solver_status_code" : 0,
        "system_dimension" : 26,
        "timing" : {
            "system_sorting" : 2.00000000000000E-006,
            "preconditioner" : 8.00000000000000E-006,
            "matrix_solver" : 1.85000000000000E-005
        },
        "iterations" : 6,
        "residual" : {
            "max" : 5.24025267623074E-014,
            "norm" : 9.53264370416503E-014
        }
    },
    "pressure_calculations" : {
        "incompressible_rule" : {
            "max" : 6.44531744950532E-001,
            "min" : -6.48370377365528E-001
        }
    },
    "total_forces" : {
        "Cx" : -9.44336871686047E-007,
        "Cy" : 1.56709804770283E-006,
        "Cz" : 1.16194050808413E-006
    },
    "total_moments" : {
        "CMx" : 2.16592821802863E-010,
        "CMy" : -4.30093690931624E-006,
        "CMz" : 5.14137005678400E-006
    },
    "input" : {
        "flow" : {
            "freestream_velocity" : [
                    1.00000000000000E+000,
                    0.00000000000000E+000,
                    0.00000000000000E+000
                ]
        },
        "geometry" : {
            "file" : "studies/adjoint_studies/central_diff_norm_cp_offset/meshes/sphere_coarse2.stl",
            "wake_model" : {
                "wake_present" : false
            },
            "adjoint_sensitivities" : {
                "calc_adjoint" : false
            },
            "perturbation" : {
                "perturb_point" : true,
                "point_index" : 25,
                "xyz_index" : 1,
                "step" : 1.00000000000000E-005
            }
        },
        "solver" : {
            "formulation" : "dirichlet-source-free",
            "control_point_offset" : 1.54170045294956E-005,
            "matrix_solver" : "GMRES"
        },
        "post_processing" : {
            "pressure_rules" : {
                "incompressible" : true
            }
        },
        "output" : {
            "report_file" : "studies/adjoint_studies/central_diff_norm_cp_offset/reports/cp_offset_1_5417004529495585e-05_dirichlet_source_free.json"
        }
    },
    "total_runtime" : 1.60000000000000E-002
}
