{
    "info" : {
        "generated_by" : "MachLine (c) 2023 USU Aerolab",
        "executed" : "Fri Jul 19 09:03:22 2024"
    },
    "mesh_info" : {
        "N_body_panels" : 48,
        "N_body_vertices" : 26,
        "N_wake_panels" : 0,
        "N_wake_filaments" : 0,
        "average_characteristic_length" : 4.76887257362578E-001,
        "max_flow_turning_angle" : 9.00000000000000E+001
    },
    "solver_results" : {
        "solver_status_code" : 0,
        "system_dimension" : 26,
        "timing" : {
            "system_sorting" : 2.20000000000000E-006,
            "preconditioner" : 1.04000000000000E-005,
            "matrix_solver" : 2.99000000000000E-005
        },
        "iterations" : 8,
        "residual" : {
            "max" : 3.33066907387547E-015,
            "norm" : 1.04718638017591E-014
        }
    },
    "pressure_calculations" : {
        "incompressible_rule" : {
            "max" : 7.23252757427626E-001,
            "min" : -6.52303161199395E-001
        }
    },
    "total_forces" : {
        "Cx" : -7.60257800412670E-003,
        "Cy" : -4.77346599053741E-009,
        "Cz" : -1.94699601051651E-002
    },
    "total_moments" : {
        "CMx" : -5.87217774405957E-013,
        "CMy" : 1.55209753286158E-002,
        "CMz" : -4.76730314946661E-009
    },
    "input" : {
        "flow" : {
            "freestream_velocity" : [
                    1.00000000000000E+000,
                    0.00000000000000E+000,
                    0.00000000000000E+000
                ]
        },
        "geometry" : {
            "file" : "studies/adjoint_studies/central_diff_norm_cp_offset/meshes/sphere_coarse2.stl",
            "wake_model" : {
                "wake_present" : false
            },
            "adjoint_sensitivities" : {
                "calc_adjoint" : false
            },
            "perturbation" : {
                "perturb_point" : true,
                "point_index" : 26,
                "xyz_index" : 3,
                "step" : -1.00000000000000E-001
            }
        },
        "solver" : {
            "formulation" : "dirichlet-source-free",
            "control_point_offset" : 3.98107170553497E-009,
            "matrix_solver" : "GMRES"
        },
        "post_processing" : {
            "pressure_rules" : {
                "incompressible" : true
            }
        },
        "output" : {
            "report_file" : "studies/adjoint_studies/central_diff_norm_cp_offset/reports/cp_offset_3_981071705534969e-09_dirichlet_source_free.json"
        }
    },
    "total_runtime" : 1.50000000000000E-002
}
