{
    "info" : {
        "generated_by" : "MachLine (c) 2023 USU Aerolab",
        "executed" : "Fri Jul 19 09:03:18 2024"
    },
    "mesh_info" : {
        "N_body_panels" : 48,
        "N_body_vertices" : 26,
        "N_wake_panels" : 0,
        "N_wake_filaments" : 0,
        "average_characteristic_length" : 4.76887257362578E-001,
        "max_flow_turning_angle" : 9.00000000000000E+001
    },
    "solver_results" : {
        "solver_status_code" : 0,
        "system_dimension" : 26,
        "timing" : {
            "system_sorting" : 3.10000000000000E-006,
            "preconditioner" : 1.08000000000000E-005,
            "matrix_solver" : 1.96000000000000E-005
        },
        "iterations" : 8,
        "residual" : {
            "max" : 3.55271367880050E-015,
            "norm" : 1.09937073366910E-014
        }
    },
    "pressure_calculations" : {
        "incompressible_rule" : {
            "max" : 7.23252504861214E-001,
            "min" : -6.52303447819887E-001
        }
    },
    "total_forces" : {
        "Cx" : -7.60118191767328E-003,
        "Cy" : 9.00595246988711E-009,
        "Cz" : -1.94696740774566E-002
    },
    "total_moments" : {
        "CMx" : -2.46993100451454E-010,
        "CMy" : 1.55206606893483E-002,
        "CMz" : 2.73517273413626E-009
    },
    "input" : {
        "flow" : {
            "freestream_velocity" : [
                    1.00000000000000E+000,
                    0.00000000000000E+000,
                    0.00000000000000E+000
                ]
        },
        "geometry" : {
            "file" : "studies/adjoint_studies/central_diff_norm_cp_offset/meshes/sphere_coarse2.stl",
            "wake_model" : {
                "wake_present" : false
            },
            "adjoint_sensitivities" : {
                "calc_adjoint" : false
            },
            "perturbation" : {
                "perturb_point" : true,
                "point_index" : 26,
                "xyz_index" : 3,
                "step" : -1.00000000000000E-001
            }
        },
        "solver" : {
            "formulation" : "dirichlet-source-free",
            "control_point_offset" : 2.65460556197554E-010,
            "matrix_solver" : "GMRES"
        },
        "post_processing" : {
            "pressure_rules" : {
                "incompressible" : true
            }
        },
        "output" : {
            "report_file" : "studies/adjoint_studies/central_diff_norm_cp_offset/reports/cp_offset_2_654605561975536e-10_dirichlet_source_free.json"
        }
    },
    "total_runtime" : 1.60000000000000E-002
}
