{
    "info" : {
        "generated_by" : "MachLine (c) 2023 USU Aerolab",
        "executed" : "Fri Jul 19 09:03:50 2024"
    },
    "mesh_info" : {
        "N_body_panels" : 48,
        "N_body_vertices" : 26,
        "N_wake_panels" : 0,
        "N_wake_filaments" : 0,
        "average_characteristic_length" : 4.76887257362578E-001,
        "max_flow_turning_angle" : 9.00000000000000E+001
    },
    "solver_results" : {
        "solver_status_code" : 0,
        "system_dimension" : 26,
        "timing" : {
            "system_sorting" : 2.10000000000000E-006,
            "preconditioner" : 9.60000000000000E-006,
            "matrix_solver" : 3.06000000000000E-005
        },
        "iterations" : 17,
        "residual" : {
            "max" : 3.06421554796543E-014,
            "norm" : 8.35889746459031E-014
        }
    },
    "pressure_calculations" : {
        "incompressible_rule" : {
            "max" : 6.71055457895954E-001,
            "min" : -8.90748892609410E-001
        }
    },
    "total_forces" : {
        "Cx" : -1.99631928838517E-003,
        "Cy" : 9.24954557390834E-015,
        "Cz" : 2.02930873452790E-002
    },
    "total_moments" : {
        "CMx" : -9.08995101411847E-016,
        "CMy" : -2.40075535763580E-002,
        "CMz" : 8.32667268468867E-015
    },
    "input" : {
        "flow" : {
            "freestream_velocity" : [
                    1.00000000000000E+000,
                    0.00000000000000E+000,
                    0.00000000000000E+000
                ]
        },
        "geometry" : {
            "file" : "studies/adjoint_studies/central_diff_norm_cp_offset/meshes/sphere_coarse2.stl",
            "wake_model" : {
                "wake_present" : false
            },
            "adjoint_sensitivities" : {
                "calc_adjoint" : false
            },
            "perturbation" : {
                "perturb_point" : true,
                "point_index" : 26,
                "xyz_index" : 3,
                "step" : -1.00000000000000E-001
            }
        },
        "solver" : {
            "formulation" : "dirichlet-source-free",
            "control_point_offset" : 3.69828179780266E-001,
            "matrix_solver" : "GMRES"
        },
        "post_processing" : {
            "pressure_rules" : {
                "incompressible" : true
            }
        },
        "output" : {
            "report_file" : "studies/adjoint_studies/central_diff_norm_cp_offset/reports/cp_offset_0_3698281797802659_dirichlet_source_free.json"
        }
    },
    "total_runtime" : 1.60000000000000E-002
}
