{
    "info" : {
        "generated_by" : "MachLine (c) 2023 USU Aerolab",
        "executed" : "Fri Jul 19 09:03:33 2024"
    },
    "mesh_info" : {
        "N_body_panels" : 48,
        "N_body_vertices" : 26,
        "N_wake_panels" : 0,
        "N_wake_filaments" : 0,
        "average_characteristic_length" : 4.76887257362578E-001,
        "max_flow_turning_angle" : 9.00000000000000E+001
    },
    "solver_results" : {
        "solver_status_code" : 0,
        "system_dimension" : 26,
        "timing" : {
            "system_sorting" : 2.00000000000000E-006,
            "preconditioner" : 1.03000000000000E-005,
            "matrix_solver" : 1.98000000000000E-005
        },
        "iterations" : 8,
        "residual" : {
            "max" : 3.77475828372553E-015,
            "norm" : 1.13197489607280E-014
        }
    },
    "pressure_calculations" : {
        "incompressible_rule" : {
            "max" : 7.23238134516025E-001,
            "min" : -6.52371019083009E-001
        }
    },
    "total_forces" : {
        "Cx" : -7.60296938396865E-003,
        "Cy" : -2.79472972541939E-012,
        "Cz" : -1.94658494855511E-002
    },
    "total_moments" : {
        "CMx" : 1.57339419271096E-015,
        "CMy" : 1.55167826985569E-002,
        "CMz" : -2.43330355864657E-012
    },
    "input" : {
        "flow" : {
            "freestream_velocity" : [
                    1.00000000000000E+000,
                    0.00000000000000E+000,
                    0.00000000000000E+000
                ]
        },
        "geometry" : {
            "file" : "studies/adjoint_studies/central_diff_norm_cp_offset/meshes/sphere_coarse2.stl",
            "wake_model" : {
                "wake_present" : false
            },
            "adjoint_sensitivities" : {
                "calc_adjoint" : false
            },
            "perturbation" : {
                "perturb_point" : true,
                "point_index" : 26,
                "xyz_index" : 3,
                "step" : -1.00000000000000E-001
            }
        },
        "solver" : {
            "formulation" : "dirichlet-source-free",
            "control_point_offset" : 8.39459986519398E-006,
            "matrix_solver" : "GMRES"
        },
        "post_processing" : {
            "pressure_rules" : {
                "incompressible" : true
            }
        },
        "output" : {
            "report_file" : "studies/adjoint_studies/central_diff_norm_cp_offset/reports/cp_offset_8_394599865193982e-06_dirichlet_source_free.json"
        }
    },
    "total_runtime" : 1.50000000000000E-002
}
