{
    "info" : {
        "generated_by" : "MachLine (c) 2023 USU Aerolab",
        "executed" : "Fri Jul 19 09:03:49 2024"
    },
    "mesh_info" : {
        "N_body_panels" : 48,
        "N_body_vertices" : 26,
        "N_wake_panels" : 0,
        "N_wake_filaments" : 0,
        "average_characteristic_length" : 4.76887257362578E-001,
        "max_flow_turning_angle" : 9.00000000000000E+001
    },
    "solver_results" : {
        "solver_status_code" : 0,
        "system_dimension" : 26,
        "timing" : {
            "system_sorting" : 2.00000000000000E-006,
            "preconditioner" : 9.20000000000000E-006,
            "matrix_solver" : 3.14000000000000E-005
        },
        "iterations" : 16,
        "residual" : {
            "max" : 1.11022302462516E-015,
            "norm" : 2.96101392749653E-015
        }
    },
    "pressure_calculations" : {
        "incompressible_rule" : {
            "max" : 6.77131493723259E-001,
            "min" : -8.54630214179925E-001
        }
    },
    "total_forces" : {
        "Cx" : -5.14530904615004E-003,
        "Cy" : 1.37390099297363E-015,
        "Cz" : 1.02047643066484E-002
    },
    "total_moments" : {
        "CMx" : 6.15826833971767E-017,
        "CMy" : -1.40447878807310E-002,
        "CMz" : 6.66133814775094E-016
    },
    "input" : {
        "flow" : {
            "freestream_velocity" : [
                    1.00000000000000E+000,
                    0.00000000000000E+000,
                    0.00000000000000E+000
                ]
        },
        "geometry" : {
            "file" : "studies/adjoint_studies/central_diff_norm_cp_offset/meshes/sphere_coarse2.stl",
            "wake_model" : {
                "wake_present" : false
            },
            "adjoint_sensitivities" : {
                "calc_adjoint" : false
            },
            "perturbation" : {
                "perturb_point" : true,
                "point_index" : 26,
                "xyz_index" : 3,
                "step" : -1.00000000000000E-001
            }
        },
        "solver" : {
            "formulation" : "dirichlet-source-free",
            "control_point_offset" : 2.24905460583578E-001,
            "matrix_solver" : "GMRES"
        },
        "post_processing" : {
            "pressure_rules" : {
                "incompressible" : true
            }
        },
        "output" : {
            "report_file" : "studies/adjoint_studies/central_diff_norm_cp_offset/reports/cp_offset_0_22490546058357827_dirichlet_source_free.json"
        }
    },
    "total_runtime" : 1.50000000000000E-002
}
