{
    "info" : {
        "generated_by" : "MachLine (c) 2023 USU Aerolab",
        "executed" : "Fri Jul 19 09:03:27 2024"
    },
    "mesh_info" : {
        "N_body_panels" : 48,
        "N_body_vertices" : 26,
        "N_wake_panels" : 0,
        "N_wake_filaments" : 0,
        "average_characteristic_length" : 4.76887257362578E-001,
        "max_flow_turning_angle" : 9.00000000000000E+001
    },
    "solver_results" : {
        "solver_status_code" : 0,
        "system_dimension" : 26,
        "timing" : {
            "system_sorting" : 2.30000000000000E-006,
            "preconditioner" : 9.30000000000000E-006,
            "matrix_solver" : 1.90000000000000E-005
        },
        "iterations" : 8,
        "residual" : {
            "max" : 4.21884749357559E-015,
            "norm" : 1.06067883107638E-014
        }
    },
    "pressure_calculations" : {
        "incompressible_rule" : {
            "max" : 7.23252510703059E-001,
            "min" : -6.52304465026744E-001
        }
    },
    "total_forces" : {
        "Cx" : -7.60271375121946E-003,
        "Cy" : -1.43587031153913E-010,
        "Cz" : -1.94698360290841E-002
    },
    "total_moments" : {
        "CMx" : -3.79607803524529E-013,
        "CMy" : 1.55208439695184E-002,
        "CMz" : -1.25413110452222E-010
    },
    "input" : {
        "flow" : {
            "freestream_velocity" : [
                    1.00000000000000E+000,
                    0.00000000000000E+000,
                    0.00000000000000E+000
                ]
        },
        "geometry" : {
            "file" : "studies/adjoint_studies/central_diff_norm_cp_offset/meshes/sphere_coarse2.stl",
            "wake_model" : {
                "wake_present" : false
            },
            "adjoint_sensitivities" : {
                "calc_adjoint" : false
            },
            "perturbation" : {
                "perturb_point" : true,
                "point_index" : 26,
                "xyz_index" : 3,
                "step" : -1.00000000000000E-001
            }
        },
        "solver" : {
            "formulation" : "dirichlet-source-free",
            "control_point_offset" : 1.25892541179417E-007,
            "matrix_solver" : "GMRES"
        },
        "post_processing" : {
            "pressure_rules" : {
                "incompressible" : true
            }
        },
        "output" : {
            "report_file" : "studies/adjoint_studies/central_diff_norm_cp_offset/reports/cp_offset_1_2589254117941688e-07_dirichlet_source_free.json"
        }
    },
    "total_runtime" : 3.10000000000000E-002
}
