{
    "info" : {
        "generated_by" : "MachLine (c) 2023 USU Aerolab",
        "executed" : "Fri Jul 19 09:03:32 2024"
    },
    "mesh_info" : {
        "N_body_panels" : 48,
        "N_body_vertices" : 26,
        "N_wake_panels" : 0,
        "N_wake_filaments" : 0,
        "average_characteristic_length" : 4.76887257362578E-001,
        "max_flow_turning_angle" : 9.00000000000000E+001
    },
    "solver_results" : {
        "solver_status_code" : 0,
        "system_dimension" : 26,
        "timing" : {
            "system_sorting" : 2.40000000000000E-006,
            "preconditioner" : 4.10000000000000E-006,
            "matrix_solver" : 2.35000000000000E-005
        },
        "iterations" : 8,
        "residual" : {
            "max" : 3.10862446895044E-015,
            "norm" : 1.05502343375303E-014
        }
    },
    "pressure_calculations" : {
        "incompressible_rule" : {
            "max" : 7.23245369804175E-001,
            "min" : -6.52337492925350E-001
        }
    },
    "total_forces" : {
        "Cx" : -7.60284482035115E-003,
        "Cy" : -4.50049719713519E-013,
        "Cz" : -1.94678696423237E-002
    },
    "total_moments" : {
        "CMx" : -1.74504508065887E-014,
        "CMy" : 1.55188400568077E-002,
        "CMz" : -1.19077664395562E-012
    },
    "input" : {
        "flow" : {
            "freestream_velocity" : [
                    1.00000000000000E+000,
                    0.00000000000000E+000,
                    0.00000000000000E+000
                ]
        },
        "geometry" : {
            "file" : "studies/adjoint_studies/central_diff_norm_cp_offset/meshes/sphere_coarse2.stl",
            "wake_model" : {
                "wake_present" : false
            },
            "adjoint_sensitivities" : {
                "calc_adjoint" : false
            },
            "perturbation" : {
                "perturb_point" : true,
                "point_index" : 26,
                "xyz_index" : 3,
                "step" : -1.00000000000000E-001
            }
        },
        "solver" : {
            "formulation" : "dirichlet-source-free",
            "control_point_offset" : 3.98107170553498E-006,
            "matrix_solver" : "GMRES"
        },
        "post_processing" : {
            "pressure_rules" : {
                "incompressible" : true
            }
        },
        "output" : {
            "report_file" : "studies/adjoint_studies/central_diff_norm_cp_offset/reports/cp_offset_3_981071705534978e-06_dirichlet_source_free.json"
        }
    },
    "total_runtime" : 1.60000000000000E-002
}
