{
    "info" : {
        "generated_by" : "MachLine (c) 2023 USU Aerolab",
        "executed" : "Fri Jul 19 09:03:47 2024"
    },
    "mesh_info" : {
        "N_body_panels" : 48,
        "N_body_vertices" : 26,
        "N_wake_panels" : 0,
        "N_wake_filaments" : 0,
        "average_characteristic_length" : 4.76887257362578E-001,
        "max_flow_turning_angle" : 9.00000000000000E+001
    },
    "solver_results" : {
        "solver_status_code" : 0,
        "system_dimension" : 26,
        "timing" : {
            "system_sorting" : 2.10000000000000E-006,
            "preconditioner" : 9.50000000000000E-006,
            "matrix_solver" : 2.24000000000000E-005
        },
        "iterations" : 11,
        "residual" : {
            "max" : 1.41553435639707E-014,
            "norm" : 3.78528256784313E-014
        }
    },
    "pressure_calculations" : {
        "incompressible_rule" : {
            "max" : 6.99574881021675E-001,
            "min" : -7.60846829019548E-001
        }
    },
    "total_forces" : {
        "Cx" : -7.40726158546763E-003,
        "Cy" : 1.24900090270330E-015,
        "Cz" : -8.56372193432040E-003
    },
    "total_moments" : {
        "CMx" : -7.80625564189563E-018,
        "CMy" : 4.59327885645739E-003,
        "CMz" : 1.63064006741820E-015
    },
    "input" : {
        "flow" : {
            "freestream_velocity" : [
                    1.00000000000000E+000,
                    0.00000000000000E+000,
                    0.00000000000000E+000
                ]
        },
        "geometry" : {
            "file" : "studies/adjoint_studies/central_diff_norm_cp_offset/meshes/sphere_coarse2.stl",
            "wake_model" : {
                "wake_present" : false
            },
            "adjoint_sensitivities" : {
                "calc_adjoint" : false
            },
            "perturbation" : {
                "perturb_point" : true,
                "point_index" : 26,
                "xyz_index" : 3,
                "step" : -1.00000000000000E-001
            }
        },
        "solver" : {
            "formulation" : "dirichlet-source-free",
            "control_point_offset" : 6.66806769213622E-002,
            "matrix_solver" : "GMRES"
        },
        "post_processing" : {
            "pressure_rules" : {
                "incompressible" : true
            }
        },
        "output" : {
            "report_file" : "studies/adjoint_studies/central_diff_norm_cp_offset/reports/cp_offset_0_06668067692136219_dirichlet_source_free.json"
        }
    },
    "total_runtime" : 1.60000000000000E-002
}
