{
    "info" : {
        "generated_by" : "MachLine (c) 2023 USU Aerolab",
        "executed" : "Wed Jul 17 16:10:58 2024"
    },
    "mesh_info" : {
        "N_body_panels" : 48,
        "N_body_vertices" : 26,
        "N_wake_panels" : 0,
        "N_wake_filaments" : 0,
        "average_characteristic_length" : 4.76931461379173E-001,
        "max_flow_turning_angle" : 9.00000000000000E+001
    },
    "solver_results" : {
        "solver_status_code" : 0,
        "system_dimension" : 26,
        "timing" : {
            "system_sorting" : 2.10000000000000E-006,
            "preconditioner" : 9.70000000000000E-006,
            "matrix_solver" : 1.85000000000000E-005
        },
        "iterations" : 7,
        "residual" : {
            "max" : 2.22044604925031E-015,
            "norm" : 4.27179098975257E-015
        }
    },
    "pressure_calculations" : {
        "incompressible_rule" : {
            "max" : 6.41122382734964E-001,
            "min" : -6.59195571162804E-001
        }
    },
    "total_forces" : {
        "Cx" : -9.56497063026029E-007,
        "Cy" : 1.54195927483392E-006,
        "Cz" : 1.11568095300871E-006
    },
    "total_moments" : {
        "CMx" : 2.18093458223545E-010,
        "CMy" : -4.27043315458925E-006,
        "CMz" : 5.14091648203679E-006
    },
    "input" : {
        "flow" : {
            "freestream_velocity" : [
                    1.00000000000000E+000,
                    0.00000000000000E+000,
                    0.00000000000000E+000
                ]
        },
        "geometry" : {
            "file" : "studies/adjoint_studies/central_diff_norm_cp_offset/meshes/sphere_coarse2.stl",
            "wake_model" : {
                "wake_present" : false
            },
            "adjoint_sensitivities" : {
                "calc_adjoint" : false
            },
            "perturbation" : {
                "perturb_point" : true,
                "point_index" : 25,
                "xyz_index" : 1,
                "step" : 1.00000000000000E-005
            }
        },
        "solver" : {
            "formulation" : "dirichlet-source-free",
            "control_point_offset" : 3.10455958812836E-003,
            "matrix_solver" : "GMRES"
        },
        "post_processing" : {
            "pressure_rules" : {
                "incompressible" : true
            }
        },
        "output" : {
            "report_file" : "studies/adjoint_studies/central_diff_norm_cp_offset/reports/cp_offset_0_0031045595881283618_dirichlet_source_free.json"
        }
    },
    "total_runtime" : 1.50000000000000E-002
}
