{
    "info" : {
        "generated_by" : "MachLine (c) 2023 USU Aerolab",
        "executed" : "Fri Jul 19 09:03:40 2024"
    },
    "mesh_info" : {
        "N_body_panels" : 48,
        "N_body_vertices" : 26,
        "N_wake_panels" : 0,
        "N_wake_filaments" : 0,
        "average_characteristic_length" : 4.76887257362578E-001,
        "max_flow_turning_angle" : 9.00000000000000E+001
    },
    "solver_results" : {
        "solver_status_code" : 0,
        "system_dimension" : 26,
        "timing" : {
            "system_sorting" : 2.00000000000000E-006,
            "preconditioner" : 1.01000000000000E-005,
            "matrix_solver" : 2.38000000000000E-005
        },
        "iterations" : 8,
        "residual" : {
            "max" : 3.77475828372553E-015,
            "norm" : 1.06778790819346E-014
        }
    },
    "pressure_calculations" : {
        "incompressible_rule" : {
            "max" : 7.22721969276228E-001,
            "min" : -6.54781326857959E-001
        }
    },
    "total_forces" : {
        "Cx" : -7.61071458751814E-003,
        "Cy" : -4.06688571708003E-014,
        "Cz" : -1.93121527460020E-002
    },
    "total_moments" : {
        "CMx" : -6.33174068731535E-017,
        "CMy" : 1.53606860295782E-002,
        "CMz" : -5.08482145278322E-014
    },
    "input" : {
        "flow" : {
            "freestream_velocity" : [
                    1.00000000000000E+000,
                    0.00000000000000E+000,
                    0.00000000000000E+000
                ]
        },
        "geometry" : {
            "file" : "studies/adjoint_studies/central_diff_norm_cp_offset/meshes/sphere_coarse2.stl",
            "wake_model" : {
                "wake_present" : false
            },
            "adjoint_sensitivities" : {
                "calc_adjoint" : false
            },
            "perturbation" : {
                "perturb_point" : true,
                "point_index" : 26,
                "xyz_index" : 3,
                "step" : -1.00000000000000E-001
            }
        },
        "solver" : {
            "formulation" : "dirichlet-source-free",
            "control_point_offset" : 4.87528490103387E-004,
            "matrix_solver" : "GMRES"
        },
        "post_processing" : {
            "pressure_rules" : {
                "incompressible" : true
            }
        },
        "output" : {
            "report_file" : "studies/adjoint_studies/central_diff_norm_cp_offset/reports/cp_offset_0_000487528490103387_dirichlet_source_free.json"
        }
    },
    "total_runtime" : 3.10000000000000E-002
}
