{
    "info" : {
        "generated_by" : "MachLine (c) 2023 USU Aerolab",
        "executed" : "Fri Jul 19 09:03:43 2024"
    },
    "mesh_info" : {
        "N_body_panels" : 48,
        "N_body_vertices" : 26,
        "N_wake_panels" : 0,
        "N_wake_filaments" : 0,
        "average_characteristic_length" : 4.76887257362578E-001,
        "max_flow_turning_angle" : 9.00000000000000E+001
    },
    "solver_results" : {
        "solver_status_code" : 0,
        "system_dimension" : 26,
        "timing" : {
            "system_sorting" : 2.20000000000000E-006,
            "preconditioner" : 1.34000000000000E-005,
            "matrix_solver" : 1.90000000000000E-005
        },
        "iterations" : 8,
        "residual" : {
            "max" : 7.32747196252603E-015,
            "norm" : 1.89275792935512E-014
        }
    },
    "pressure_calculations" : {
        "incompressible_rule" : {
            "max" : 7.20034720281595E-001,
            "min" : -6.67404649352086E-001
        }
    },
    "total_forces" : {
        "Cx" : -7.63996449821869E-003,
        "Cy" : -5.41927613895155E-015,
        "Cz" : -1.84215747619928E-002
    },
    "total_moments" : {
        "CMx" : 1.55257751099924E-016,
        "CMy" : 1.44599092207646E-002,
        "CMz" : -5.44703171456717E-015
    },
    "input" : {
        "flow" : {
            "freestream_velocity" : [
                    1.00000000000000E+000,
                    0.00000000000000E+000,
                    0.00000000000000E+000
                ]
        },
        "geometry" : {
            "file" : "studies/adjoint_studies/central_diff_norm_cp_offset/meshes/sphere_coarse2.stl",
            "wake_model" : {
                "wake_present" : false
            },
            "adjoint_sensitivities" : {
                "calc_adjoint" : false
            },
            "perturbation" : {
                "perturb_point" : true,
                "point_index" : 26,
                "xyz_index" : 3,
                "step" : -1.00000000000000E-001
            }
        },
        "solver" : {
            "formulation" : "dirichlet-source-free",
            "control_point_offset" : 4.32513831035010E-003,
            "matrix_solver" : "GMRES"
        },
        "post_processing" : {
            "pressure_rules" : {
                "incompressible" : true
            }
        },
        "output" : {
            "report_file" : "studies/adjoint_studies/central_diff_norm_cp_offset/reports/cp_offset_0_004325138310350097_dirichlet_source_free.json"
        }
    },
    "total_runtime" : 1.50000000000000E-002
}
