{
    "info" : {
        "generated_by" : "MachLine (c) 2023 USU Aerolab",
        "executed" : "Wed Jul 17 16:11:01 2024"
    },
    "mesh_info" : {
        "N_body_panels" : 48,
        "N_body_vertices" : 26,
        "N_wake_panels" : 0,
        "N_wake_filaments" : 0,
        "average_characteristic_length" : 4.76931461379173E-001,
        "max_flow_turning_angle" : 9.00000000000000E+001
    },
    "solver_results" : {
        "solver_status_code" : 0,
        "system_dimension" : 26,
        "timing" : {
            "system_sorting" : 1.16000000000000E-005,
            "preconditioner" : 1.06000000000000E-005,
            "matrix_solver" : 1.98000000000000E-005
        },
        "iterations" : 7,
        "residual" : {
            "max" : 3.13749026759069E-013,
            "norm" : 5.60116665182583E-013
        }
    },
    "pressure_calculations" : {
        "incompressible_rule" : {
            "max" : 6.25021277135557E-001,
            "min" : -7.08149173197914E-001
        }
    },
    "total_forces" : {
        "Cx" : -1.03929291948857E-006,
        "Cy" : 1.43864967427215E-006,
        "Cz" : 9.01244079021951E-007
    },
    "total_moments" : {
        "CMx" : 2.23711919648817E-010,
        "CMy" : -4.12625694640872E-006,
        "CMz" : 5.15006649140504E-006
    },
    "input" : {
        "flow" : {
            "freestream_velocity" : [
                    1.00000000000000E+000,
                    0.00000000000000E+000,
                    0.00000000000000E+000
                ]
        },
        "geometry" : {
            "file" : "studies/adjoint_studies/central_diff_norm_cp_offset/meshes/sphere_coarse2.stl",
            "wake_model" : {
                "wake_present" : false
            },
            "adjoint_sensitivities" : {
                "calc_adjoint" : false
            },
            "perturbation" : {
                "perturb_point" : true,
                "point_index" : 25,
                "xyz_index" : 1,
                "step" : 1.00000000000000E-005
            }
        },
        "solver" : {
            "formulation" : "dirichlet-source-free",
            "control_point_offset" : 2.99226463660820E-002,
            "matrix_solver" : "GMRES"
        },
        "post_processing" : {
            "pressure_rules" : {
                "incompressible" : true
            }
        },
        "output" : {
            "report_file" : "studies/adjoint_studies/central_diff_norm_cp_offset/reports/cp_offset_0_02992264636608195_dirichlet_source_free.json"
        }
    },
    "total_runtime" : 1.60000000000000E-002
}
