{
    "info" : {
        "generated_by" : "MachLine (c) 2023 USU Aerolab",
        "executed" : "Fri Jul 19 09:03:40 2024"
    },
    "mesh_info" : {
        "N_body_panels" : 48,
        "N_body_vertices" : 26,
        "N_wake_panels" : 0,
        "N_wake_filaments" : 0,
        "average_characteristic_length" : 4.76887257362578E-001,
        "max_flow_turning_angle" : 9.00000000000000E+001
    },
    "solver_results" : {
        "solver_status_code" : 0,
        "system_dimension" : 26,
        "timing" : {
            "system_sorting" : 2.00000000000000E-006,
            "preconditioner" : 4.10000000000000E-006,
            "matrix_solver" : 2.49000000000000E-005
        },
        "iterations" : 8,
        "residual" : {
            "max" : 3.99680288865056E-015,
            "norm" : 1.04256594346533E-014
        }
    },
    "pressure_calculations" : {
        "incompressible_rule" : {
            "max" : 7.22669612729581E-001,
            "min" : -6.55026576124628E-001
        }
    },
    "total_forces" : {
        "Cx" : -7.61143847278356E-003,
        "Cy" : 3.20923843055709E-014,
        "Cz" : -1.92960476572507E-002
    },
    "total_moments" : {
        "CMx" : -9.10729824887824E-017,
        "CMy" : 1.53443509437820E-002,
        "CMz" : 3.15789061566818E-014
    },
    "input" : {
        "flow" : {
            "freestream_velocity" : [
                    1.00000000000000E+000,
                    0.00000000000000E+000,
                    0.00000000000000E+000
                ]
        },
        "geometry" : {
            "file" : "studies/adjoint_studies/central_diff_norm_cp_offset/meshes/sphere_coarse2.stl",
            "wake_model" : {
                "wake_present" : false
            },
            "adjoint_sensitivities" : {
                "calc_adjoint" : false
            },
            "perturbation" : {
                "perturb_point" : true,
                "point_index" : 26,
                "xyz_index" : 3,
                "step" : -1.00000000000000E-001
            }
        },
        "solver" : {
            "formulation" : "dirichlet-source-free",
            "control_point_offset" : 5.44502652842422E-004,
            "matrix_solver" : "GMRES"
        },
        "post_processing" : {
            "pressure_rules" : {
                "incompressible" : true
            }
        },
        "output" : {
            "report_file" : "studies/adjoint_studies/central_diff_norm_cp_offset/reports/cp_offset_0_000544502652842422_dirichlet_source_free.json"
        }
    },
    "total_runtime" : 1.60000000000000E-002
}
