{
    "info" : {
        "generated_by" : "MachLine (c) 2023 USU Aerolab",
        "executed" : "Fri Jul 19 09:03:16 2024"
    },
    "mesh_info" : {
        "N_body_panels" : 48,
        "N_body_vertices" : 26,
        "N_wake_panels" : 0,
        "N_wake_filaments" : 0,
        "average_characteristic_length" : 4.76887257362578E-001,
        "max_flow_turning_angle" : 9.00000000000000E+001
    },
    "solver_results" : {
        "solver_status_code" : 0,
        "system_dimension" : 26,
        "timing" : {
            "system_sorting" : 2.00000000000000E-006,
            "preconditioner" : 9.50000000000000E-006,
            "matrix_solver" : 2.43000000000000E-005
        },
        "iterations" : 8,
        "residual" : {
            "max" : 3.44169137633799E-015,
            "norm" : 1.06206515376055E-014
        }
    },
    "pressure_calculations" : {
        "incompressible_rule" : {
            "max" : 7.23251883919339E-001,
            "min" : -6.52302057004557E-001
        }
    },
    "total_forces" : {
        "Cx" : -7.59708639921036E-003,
        "Cy" : -7.32011896632800E-007,
        "Cz" : -1.94707514567006E-002
    },
    "total_moments" : {
        "CMx" : 2.29021670811874E-009,
        "CMy" : 1.55217438384305E-002,
        "CMz" : -7.45555612330362E-007
    },
    "input" : {
        "flow" : {
            "freestream_velocity" : [
                    1.00000000000000E+000,
                    0.00000000000000E+000,
                    0.00000000000000E+000
                ]
        },
        "geometry" : {
            "file" : "studies/adjoint_studies/central_diff_norm_cp_offset/meshes/sphere_coarse2.stl",
            "wake_model" : {
                "wake_present" : false
            },
            "adjoint_sensitivities" : {
                "calc_adjoint" : false
            },
            "perturbation" : {
                "perturb_point" : true,
                "point_index" : 26,
                "xyz_index" : 3,
                "step" : -1.00000000000000E-001
            }
        },
        "solver" : {
            "formulation" : "dirichlet-source-free",
            "control_point_offset" : 5.05824662003115E-011,
            "matrix_solver" : "GMRES"
        },
        "post_processing" : {
            "pressure_rules" : {
                "incompressible" : true
            }
        },
        "output" : {
            "report_file" : "studies/adjoint_studies/central_diff_norm_cp_offset/reports/cp_offset_5_0582466200311476e-11_dirichlet_source_free.json"
        }
    },
    "total_runtime" : 1.50000000000000E-002
}
