{
    "info" : {
        "generated_by" : "MachLine (c) 2023 USU Aerolab",
        "executed" : "Fri Jul 19 09:03:43 2024"
    },
    "mesh_info" : {
        "N_body_panels" : 48,
        "N_body_vertices" : 26,
        "N_wake_panels" : 0,
        "N_wake_filaments" : 0,
        "average_characteristic_length" : 4.76887257362578E-001,
        "max_flow_turning_angle" : 9.00000000000000E+001
    },
    "solver_results" : {
        "solver_status_code" : 0,
        "system_dimension" : 26,
        "timing" : {
            "system_sorting" : 1.90000000000000E-006,
            "preconditioner" : 1.02000000000000E-005,
            "matrix_solver" : 2.34000000000000E-005
        },
        "iterations" : 8,
        "residual" : {
            "max" : 1.26565424807268E-014,
            "norm" : 3.17904851045875E-014
        }
    },
    "pressure_calculations" : {
        "incompressible_rule" : {
            "max" : 7.19336846849684E-001,
            "min" : -6.70683155287211E-001
        }
    },
    "total_forces" : {
        "Cx" : -7.64536877886093E-003,
        "Cy" : 8.74300631892311E-016,
        "Cz" : -1.81730346161476E-002
    },
    "total_moments" : {
        "CMx" : 0.00000000000000E+000,
        "CMy" : 1.42091421154884E-002,
        "CMz" : 7.07767178198537E-016
    },
    "input" : {
        "flow" : {
            "freestream_velocity" : [
                    1.00000000000000E+000,
                    0.00000000000000E+000,
                    0.00000000000000E+000
                ]
        },
        "geometry" : {
            "file" : "studies/adjoint_studies/central_diff_norm_cp_offset/meshes/sphere_coarse2.stl",
            "wake_model" : {
                "wake_present" : false
            },
            "adjoint_sensitivities" : {
                "calc_adjoint" : false
            },
            "perturbation" : {
                "perturb_point" : true,
                "point_index" : 26,
                "xyz_index" : 3,
                "step" : -1.00000000000000E-001
            }
        },
        "solver" : {
            "formulation" : "dirichlet-source-free",
            "control_point_offset" : 5.54625712957911E-003,
            "matrix_solver" : "GMRES"
        },
        "post_processing" : {
            "pressure_rules" : {
                "incompressible" : true
            }
        },
        "output" : {
            "report_file" : "studies/adjoint_studies/central_diff_norm_cp_offset/reports/cp_offset_0_005546257129579105_dirichlet_source_free.json"
        }
    },
    "total_runtime" : 3.10000000000000E-002
}
