{
    "info" : {
        "generated_by" : "MachLine (c) 2023 USU Aerolab",
        "executed" : "Fri Jul 19 09:03:49 2024"
    },
    "mesh_info" : {
        "N_body_panels" : 48,
        "N_body_vertices" : 26,
        "N_wake_panels" : 0,
        "N_wake_filaments" : 0,
        "average_characteristic_length" : 4.76887257362578E-001,
        "max_flow_turning_angle" : 9.00000000000000E+001
    },
    "solver_results" : {
        "solver_status_code" : 0,
        "system_dimension" : 26,
        "timing" : {
            "system_sorting" : 2.00000000000000E-006,
            "preconditioner" : 2.46000000000000E-005,
            "matrix_solver" : 2.61000000000000E-005
        },
        "iterations" : 15,
        "residual" : {
            "max" : 1.03472785895065E-013,
            "norm" : 2.55514399595522E-013
        }
    },
    "pressure_calculations" : {
        "incompressible_rule" : {
            "max" : 6.78698238306632E-001,
            "min" : -8.48058113676507E-001
        }
    },
    "total_forces" : {
        "Cx" : -5.47809248609728E-003,
        "Cy" : 1.23512311489549E-015,
        "Cz" : 8.46172516811475E-003
    },
    "total_moments" : {
        "CMx" : -2.25514051876985E-017,
        "CMy" : -1.23171479743087E-002,
        "CMz" : 1.80411241501588E-015
    },
    "input" : {
        "flow" : {
            "freestream_velocity" : [
                    1.00000000000000E+000,
                    0.00000000000000E+000,
                    0.00000000000000E+000
                ]
        },
        "geometry" : {
            "file" : "studies/adjoint_studies/central_diff_norm_cp_offset/meshes/sphere_coarse2.stl",
            "wake_model" : {
                "wake_present" : false
            },
            "adjoint_sensitivities" : {
                "calc_adjoint" : false
            },
            "perturbation" : {
                "perturb_point" : true,
                "point_index" : 26,
                "xyz_index" : 3,
                "step" : -1.00000000000000E-001
            }
        },
        "solver" : {
            "formulation" : "dirichlet-source-free",
            "control_point_offset" : 2.07014134879105E-001,
            "matrix_solver" : "GMRES"
        },
        "post_processing" : {
            "pressure_rules" : {
                "incompressible" : true
            }
        },
        "output" : {
            "report_file" : "studies/adjoint_studies/central_diff_norm_cp_offset/reports/cp_offset_0_20701413487910456_dirichlet_source_free.json"
        }
    },
    "total_runtime" : 1.50000000000000E-002
}
