{
    "info" : {
        "generated_by" : "MachLine (c) 2023 USU Aerolab",
        "executed" : "Fri Jul 19 09:03:15 2024"
    },
    "mesh_info" : {
        "N_body_panels" : 48,
        "N_body_vertices" : 26,
        "N_wake_panels" : 0,
        "N_wake_filaments" : 0,
        "average_characteristic_length" : 4.76887257362578E-001,
        "max_flow_turning_angle" : 9.00000000000000E+001
    },
    "solver_results" : {
        "solver_status_code" : 0,
        "system_dimension" : 26,
        "timing" : {
            "system_sorting" : 2.20000000000000E-006,
            "preconditioner" : 1.08000000000000E-005,
            "matrix_solver" : 2.14000000000000E-005
        },
        "iterations" : 8,
        "residual" : {
            "max" : 3.33066907387547E-015,
            "norm" : 1.06348010090825E-014
        }
    },
    "pressure_calculations" : {
        "incompressible_rule" : {
            "max" : 7.23246512594004E-001,
            "min" : -6.52310000104059E-001
        }
    },
    "total_forces" : {
        "Cx" : -7.58796730296218E-003,
        "Cy" : -1.07463131003571E-006,
        "Cz" : -1.94723226319149E-002
    },
    "total_moments" : {
        "CMx" : 3.94269576795697E-009,
        "CMy" : 1.55235035337855E-002,
        "CMz" : -1.29890393605475E-006
    },
    "input" : {
        "flow" : {
            "freestream_velocity" : [
                    1.00000000000000E+000,
                    0.00000000000000E+000,
                    0.00000000000000E+000
                ]
        },
        "geometry" : {
            "file" : "studies/adjoint_studies/central_diff_norm_cp_offset/meshes/sphere_coarse2.stl",
            "wake_model" : {
                "wake_present" : false
            },
            "adjoint_sensitivities" : {
                "calc_adjoint" : false
            },
            "perturbation" : {
                "perturb_point" : true,
                "point_index" : 26,
                "xyz_index" : 3,
                "step" : -1.00000000000000E-001
            }
        },
        "solver" : {
            "formulation" : "dirichlet-source-free",
            "control_point_offset" : 2.67916832481904E-011,
            "matrix_solver" : "GMRES"
        },
        "post_processing" : {
            "pressure_rules" : {
                "incompressible" : true
            }
        },
        "output" : {
            "report_file" : "studies/adjoint_studies/central_diff_norm_cp_offset/reports/cp_offset_2_679168324819037e-11_dirichlet_source_free.json"
        }
    },
    "total_runtime" : 1.60000000000000E-002
}
