{
    "info" : {
        "generated_by" : "MachLine (c) 2023 USU Aerolab",
        "executed" : "Wed Jul 17 16:11:07 2024"
    },
    "mesh_info" : {
        "N_body_panels" : 48,
        "N_body_vertices" : 26,
        "N_wake_panels" : 0,
        "N_wake_filaments" : 0,
        "average_characteristic_length" : 4.76931259248353E-001,
        "max_flow_turning_angle" : 9.00000000000000E+001
    },
    "solver_results" : {
        "solver_status_code" : 0,
        "system_dimension" : 26,
        "timing" : {
            "system_sorting" : 2.20000000000000E-006,
            "preconditioner" : 9.70000000000000E-006,
            "matrix_solver" : 1.71000000000000E-005
        },
        "iterations" : 6,
        "residual" : {
            "max" : 3.20632409511745E-013,
            "norm" : 6.59938948950640E-013
        }
    },
    "pressure_calculations" : {
        "incompressible_rule" : {
            "max" : 6.44609797168071E-001,
            "min" : -6.48310942798912E-001
        }
    },
    "total_forces" : {
        "Cx" : -6.67667848941039E-005,
        "Cy" : -2.70032031870551E-005,
        "Cz" : -6.70503511779122E-005
    },
    "total_moments" : {
        "CMx" : -6.81250812706313E-010,
        "CMy" : 6.13412473149041E-005,
        "CMz" : -3.41851911072194E-005
    },
    "input" : {
        "flow" : {
            "freestream_velocity" : [
                    1.00000000000000E+000,
                    0.00000000000000E+000,
                    0.00000000000000E+000
                ]
        },
        "geometry" : {
            "file" : "studies/adjoint_studies/central_diff_norm_cp_offset/meshes/sphere_coarse2.stl",
            "wake_model" : {
                "wake_present" : false
            },
            "adjoint_sensitivities" : {
                "calc_adjoint" : false
            },
            "perturbation" : {
                "perturb_point" : true,
                "point_index" : 25,
                "xyz_index" : 1,
                "step" : -1.00000000000000E-005
            }
        },
        "solver" : {
            "formulation" : "dirichlet-source-free",
            "control_point_offset" : 2.93764965196153E-012,
            "matrix_solver" : "GMRES"
        },
        "post_processing" : {
            "pressure_rules" : {
                "incompressible" : true
            }
        },
        "output" : {
            "report_file" : "studies/adjoint_studies/central_diff_norm_cp_offset/reports/cp_offset_2_9376496519615307e-12_dirichlet_source_free.json"
        }
    },
    "total_runtime" : 1.60000000000000E-002
}
