{
    "info" : {
        "generated_by" : "MachLine (c) 2023 USU Aerolab",
        "executed" : "Wed Jul 17 16:11:06 2024"
    },
    "mesh_info" : {
        "N_body_panels" : 48,
        "N_body_vertices" : 26,
        "N_wake_panels" : 0,
        "N_wake_filaments" : 0,
        "average_characteristic_length" : 4.76931259248353E-001,
        "max_flow_turning_angle" : 9.00000000000000E+001
    },
    "solver_results" : {
        "solver_status_code" : 0,
        "system_dimension" : 26,
        "timing" : {
            "system_sorting" : 2.00000000000000E-006,
            "preconditioner" : 4.10000000000000E-006,
            "matrix_solver" : 2.22000000000000E-005
        },
        "iterations" : 7,
        "residual" : {
            "max" : 1.47659662275146E-014,
            "norm" : 3.28135317516472E-014
        }
    },
    "pressure_calculations" : {
        "incompressible_rule" : {
            "max" : 6.44624875182077E-001,
            "min" : -6.48285331333190E-001
        }
    },
    "total_forces" : {
        "Cx" : -1.18457457127241E-005,
        "Cy" : -2.63461283827315E-005,
        "Cz" : -4.69472001640436E-005
    },
    "total_moments" : {
        "CMx" : -1.00355296989152E-010,
        "CMy" : 3.88563407568328E-005,
        "CMz" : -3.84270951379606E-005
    },
    "input" : {
        "flow" : {
            "freestream_velocity" : [
                    1.00000000000000E+000,
                    0.00000000000000E+000,
                    0.00000000000000E+000
                ]
        },
        "geometry" : {
            "file" : "studies/adjoint_studies/central_diff_norm_cp_offset/meshes/sphere_coarse2.stl",
            "wake_model" : {
                "wake_present" : false
            },
            "adjoint_sensitivities" : {
                "calc_adjoint" : false
            },
            "perturbation" : {
                "perturb_point" : true,
                "point_index" : 25,
                "xyz_index" : 1,
                "step" : -1.00000000000000E-005
            }
        },
        "solver" : {
            "formulation" : "dirichlet-source-free",
            "control_point_offset" : 1.83653834334834E-012,
            "matrix_solver" : "GMRES"
        },
        "post_processing" : {
            "pressure_rules" : {
                "incompressible" : true
            }
        },
        "output" : {
            "report_file" : "studies/adjoint_studies/central_diff_norm_cp_offset/reports/cp_offset_1_836538343348344e-12_dirichlet_source_free.json"
        }
    },
    "total_runtime" : 1.50000000000000E-002
}
