{
    "info" : {
        "generated_by" : "MachLine (c) 2023 USU Aerolab",
        "executed" : "Fri Jul 19 09:03:41 2024"
    },
    "mesh_info" : {
        "N_body_panels" : 48,
        "N_body_vertices" : 26,
        "N_wake_panels" : 0,
        "N_wake_filaments" : 0,
        "average_characteristic_length" : 4.76887257362578E-001,
        "max_flow_turning_angle" : 9.00000000000000E+001
    },
    "solver_results" : {
        "solver_status_code" : 0,
        "system_dimension" : 26,
        "timing" : {
            "system_sorting" : 2.70000000000000E-006,
            "preconditioner" : 9.40000000000000E-006,
            "matrix_solver" : 2.01000000000000E-005
        },
        "iterations" : 8,
        "residual" : {
            "max" : 4.10782519111308E-015,
            "norm" : 9.62672107822483E-015
        }
    },
    "pressure_calculations" : {
        "incompressible_rule" : {
            "max" : 7.22027112169841E-001,
            "min" : -6.58040809480861E-001
        }
    },
    "total_forces" : {
        "Cx" : -7.61972205501610E-003,
        "Cy" : 2.26346719145454E-014,
        "Cz" : -1.90934832999641E-002
    },
    "total_moments" : {
        "CMx" : -7.54604712049911E-017,
        "CMy" : 1.51390900201187E-002,
        "CMz" : 1.77427517122908E-014
    },
    "input" : {
        "flow" : {
            "freestream_velocity" : [
                    1.00000000000000E+000,
                    0.00000000000000E+000,
                    0.00000000000000E+000
                ]
        },
        "geometry" : {
            "file" : "studies/adjoint_studies/central_diff_norm_cp_offset/meshes/sphere_coarse2.stl",
            "wake_model" : {
                "wake_present" : false
            },
            "adjoint_sensitivities" : {
                "calc_adjoint" : false
            },
            "perturbation" : {
                "perturb_point" : true,
                "point_index" : 26,
                "xyz_index" : 3,
                "step" : -1.00000000000000E-001
            }
        },
        "solver" : {
            "formulation" : "dirichlet-source-free",
            "control_point_offset" : 1.31825673855641E-003,
            "matrix_solver" : "GMRES"
        },
        "post_processing" : {
            "pressure_rules" : {
                "incompressible" : true
            }
        },
        "output" : {
            "report_file" : "studies/adjoint_studies/central_diff_norm_cp_offset/reports/cp_offset_0_0013182567385564101_dirichlet_source_free.json"
        }
    },
    "total_runtime" : 1.50000000000000E-002
}
