{
    "info" : {
        "generated_by" : "MachLine (c) 2023 USU Aerolab",
        "executed" : "Fri Jul 19 09:03:47 2024"
    },
    "mesh_info" : {
        "N_body_panels" : 48,
        "N_body_vertices" : 26,
        "N_wake_panels" : 0,
        "N_wake_filaments" : 0,
        "average_characteristic_length" : 4.76887257362578E-001,
        "max_flow_turning_angle" : 9.00000000000000E+001
    },
    "solver_results" : {
        "solver_status_code" : 0,
        "system_dimension" : 26,
        "timing" : {
            "system_sorting" : 2.10000000000000E-006,
            "preconditioner" : 1.07000000000000E-005,
            "matrix_solver" : 2.17000000000000E-005
        },
        "iterations" : 10,
        "residual" : {
            "max" : 2.79665179903077E-013,
            "norm" : 4.27932206681587E-013
        }
    },
    "pressure_calculations" : {
        "incompressible_rule" : {
            "max" : 7.00804517055315E-001,
            "min" : -7.55445101171970E-001
        }
    },
    "total_forces" : {
        "Cx" : -7.44956398554279E-003,
        "Cy" : -5.82867087928207E-016,
        "Cz" : -9.31643814386955E-003
    },
    "total_moments" : {
        "CMx" : -2.60208521396521E-018,
        "CMy" : 5.34326608403430E-003,
        "CMz" : -5.68989300120393E-016
    },
    "input" : {
        "flow" : {
            "freestream_velocity" : [
                    1.00000000000000E+000,
                    0.00000000000000E+000,
                    0.00000000000000E+000
                ]
        },
        "geometry" : {
            "file" : "studies/adjoint_studies/central_diff_norm_cp_offset/meshes/sphere_coarse2.stl",
            "wake_model" : {
                "wake_present" : false
            },
            "adjoint_sensitivities" : {
                "calc_adjoint" : false
            },
            "perturbation" : {
                "perturb_point" : true,
                "point_index" : 26,
                "xyz_index" : 3,
                "step" : -1.00000000000000E-001
            }
        },
        "solver" : {
            "formulation" : "dirichlet-source-free",
            "control_point_offset" : 6.13762005164795E-002,
            "matrix_solver" : "GMRES"
        },
        "post_processing" : {
            "pressure_rules" : {
                "incompressible" : true
            }
        },
        "output" : {
            "report_file" : "studies/adjoint_studies/central_diff_norm_cp_offset/reports/cp_offset_0_061376200516479455_dirichlet_source_free.json"
        }
    },
    "total_runtime" : 1.60000000000000E-002
}
