{
    "info" : {
        "generated_by" : "MachLine (c) 2023 USU Aerolab",
        "executed" : "Fri Jul 19 09:03:42 2024"
    },
    "mesh_info" : {
        "N_body_panels" : 48,
        "N_body_vertices" : 26,
        "N_wake_panels" : 0,
        "N_wake_filaments" : 0,
        "average_characteristic_length" : 4.76887257362578E-001,
        "max_flow_turning_angle" : 9.00000000000000E+001
    },
    "solver_results" : {
        "solver_status_code" : 0,
        "system_dimension" : 26,
        "timing" : {
            "system_sorting" : 2.80000000000000E-006,
            "preconditioner" : 1.00000000000000E-005,
            "matrix_solver" : 1.93000000000000E-005
        },
        "iterations" : 8,
        "residual" : {
            "max" : 3.66373598126302E-015,
            "norm" : 7.64437684494748E-015
        }
    },
    "pressure_calculations" : {
        "incompressible_rule" : {
            "max" : 7.21448574540131E-001,
            "min" : -6.60758925201256E-001
        }
    },
    "total_forces" : {
        "Cx" : -7.62638084153699E-003,
        "Cy" : 8.43769498715119E-015,
        "Cz" : -1.89045857158771E-002
    },
    "total_moments" : {
        "CMx" : 1.12757025938492E-017,
        "CMy" : 1.49479279634586E-002,
        "CMz" : 6.54337695138452E-015
    },
    "input" : {
        "flow" : {
            "freestream_velocity" : [
                    1.00000000000000E+000,
                    0.00000000000000E+000,
                    0.00000000000000E+000
                ]
        },
        "geometry" : {
            "file" : "studies/adjoint_studies/central_diff_norm_cp_offset/meshes/sphere_coarse2.stl",
            "wake_model" : {
                "wake_present" : false
            },
            "adjoint_sensitivities" : {
                "calc_adjoint" : false
            },
            "perturbation" : {
                "perturb_point" : true,
                "point_index" : 26,
                "xyz_index" : 3,
                "step" : -1.00000000000000E-001
            }
        },
        "solver" : {
            "formulation" : "dirichlet-source-free",
            "control_point_offset" : 2.10862814993329E-003,
            "matrix_solver" : "GMRES"
        },
        "post_processing" : {
            "pressure_rules" : {
                "incompressible" : true
            }
        },
        "output" : {
            "report_file" : "studies/adjoint_studies/central_diff_norm_cp_offset/reports/cp_offset_0_002108628149933289_dirichlet_source_free.json"
        }
    },
    "total_runtime" : 1.60000000000000E-002
}
