{
    "info" : {
        "generated_by" : "MachLine (c) 2023 USU Aerolab",
        "executed" : "Wed Jul 17 16:11:04 2024"
    },
    "mesh_info" : {
        "N_body_panels" : 48,
        "N_body_vertices" : 26,
        "N_wake_panels" : 0,
        "N_wake_filaments" : 0,
        "average_characteristic_length" : 4.76931461379173E-001,
        "max_flow_turning_angle" : 9.00000000000000E+001
    },
    "solver_results" : {
        "solver_status_code" : 0,
        "system_dimension" : 26,
        "timing" : {
            "system_sorting" : 2.10000000000000E-006,
            "preconditioner" : 4.40000000000000E-006,
            "matrix_solver" : 3.99000000000000E-005
        },
        "iterations" : 20,
        "residual" : {
            "max" : 1.47659662275146E-014,
            "norm" : 3.93731795036593E-014
        }
    },
    "pressure_calculations" : {
        "incompressible_rule" : {
            "max" : 5.67937303799036E-001,
            "min" : -8.55175771007769E-001
        }
    },
    "total_forces" : {
        "Cx" : -2.13081769376289E-006,
        "Cy" : 1.61498031959334E-006,
        "Cz" : -8.18281764743134E-008
    },
    "total_moments" : {
        "CMx" : 1.79006179670815E-010,
        "CMy" : -3.32980462998400E-006,
        "CMz" : 5.94899944945243E-006
    },
    "input" : {
        "flow" : {
            "freestream_velocity" : [
                    1.00000000000000E+000,
                    0.00000000000000E+000,
                    0.00000000000000E+000
                ]
        },
        "geometry" : {
            "file" : "studies/adjoint_studies/central_diff_norm_cp_offset/meshes/sphere_coarse2.stl",
            "wake_model" : {
                "wake_present" : false
            },
            "adjoint_sensitivities" : {
                "calc_adjoint" : false
            },
            "perturbation" : {
                "perturb_point" : true,
                "point_index" : 25,
                "xyz_index" : 1,
                "step" : 1.00000000000000E-005
            }
        },
        "solver" : {
            "formulation" : "dirichlet-source-free",
            "control_point_offset" : 5.01187233627273E-001,
            "matrix_solver" : "GMRES"
        },
        "post_processing" : {
            "pressure_rules" : {
                "incompressible" : true
            }
        },
        "output" : {
            "report_file" : "studies/adjoint_studies/central_diff_norm_cp_offset/reports/cp_offset_0_5011872336272735_dirichlet_source_free.json"
        }
    },
    "total_runtime" : 3.20000000000000E-002
}
