{
    "info" : {
        "generated_by" : "MachLine (c) 2023 USU Aerolab",
        "executed" : "Fri Jul 19 09:03:28 2024"
    },
    "mesh_info" : {
        "N_body_panels" : 48,
        "N_body_vertices" : 26,
        "N_wake_panels" : 0,
        "N_wake_filaments" : 0,
        "average_characteristic_length" : 4.76887257362578E-001,
        "max_flow_turning_angle" : 9.00000000000000E+001
    },
    "solver_results" : {
        "solver_status_code" : 0,
        "system_dimension" : 26,
        "timing" : {
            "system_sorting" : 2.10000000000000E-006,
            "preconditioner" : 4.30000000000000E-006,
            "matrix_solver" : 2.43000000000000E-005
        },
        "iterations" : 8,
        "residual" : {
            "max" : 3.55271367880050E-015,
            "norm" : 1.10817486580004E-014
        }
    },
    "pressure_calculations" : {
        "incompressible_rule" : {
            "max" : 7.23252410343676E-001,
            "min" : -6.52304927124724E-001
        }
    },
    "total_forces" : {
        "Cx" : -7.60271815088190E-003,
        "Cy" : -2.04183198126984E-010,
        "Cz" : -1.94698093897979E-002
    },
    "total_moments" : {
        "CMx" : 2.90501130095766E-013,
        "CMy" : 1.55208167174176E-002,
        "CMz" : -2.32717629888857E-010
    },
    "input" : {
        "flow" : {
            "freestream_velocity" : [
                    1.00000000000000E+000,
                    0.00000000000000E+000,
                    0.00000000000000E+000
                ]
        },
        "geometry" : {
            "file" : "studies/adjoint_studies/central_diff_norm_cp_offset/meshes/sphere_coarse2.stl",
            "wake_model" : {
                "wake_present" : false
            },
            "adjoint_sensitivities" : {
                "calc_adjoint" : false
            },
            "perturbation" : {
                "perturb_point" : true,
                "point_index" : 26,
                "xyz_index" : 3,
                "step" : -1.00000000000000E-001
            }
        },
        "solver" : {
            "formulation" : "dirichlet-source-free",
            "control_point_offset" : 1.70608238900312E-007,
            "matrix_solver" : "GMRES"
        },
        "post_processing" : {
            "pressure_rules" : {
                "incompressible" : true
            }
        },
        "output" : {
            "report_file" : "studies/adjoint_studies/central_diff_norm_cp_offset/reports/cp_offset_1_7060823890031244e-07_dirichlet_source_free.json"
        }
    },
    "total_runtime" : 1.60000000000000E-002
}
