{
    "info" : {
        "generated_by" : "MachLine (c) 2023 USU Aerolab",
        "executed" : "Wed Jul 17 16:11:00 2024"
    },
    "mesh_info" : {
        "N_body_panels" : 48,
        "N_body_vertices" : 26,
        "N_wake_panels" : 0,
        "N_wake_filaments" : 0,
        "average_characteristic_length" : 4.76931461379173E-001,
        "max_flow_turning_angle" : 9.00000000000000E+001
    },
    "solver_results" : {
        "solver_status_code" : 0,
        "system_dimension" : 26,
        "timing" : {
            "system_sorting" : 2.10000000000000E-006,
            "preconditioner" : 4.40000000000000E-006,
            "matrix_solver" : 2.51000000000000E-005
        },
        "iterations" : 7,
        "residual" : {
            "max" : 1.14797060746241E-013,
            "norm" : 2.27445318061523E-013
        }
    },
    "pressure_calculations" : {
        "incompressible_rule" : {
            "max" : 6.28556825296973E-001,
            "min" : -6.97760282120047E-001
        }
    },
    "total_forces" : {
        "Cx" : -1.01817783884628E-006,
        "Cy" : 1.45993605060735E-006,
        "Cz" : 9.48516904283880E-007
    },
    "total_moments" : {
        "CMx" : 2.22663641864795E-010,
        "CMy" : -4.15892332530227E-006,
        "CMz" : 5.14726294770923E-006
    },
    "input" : {
        "flow" : {
            "freestream_velocity" : [
                    1.00000000000000E+000,
                    0.00000000000000E+000,
                    0.00000000000000E+000
                ]
        },
        "geometry" : {
            "file" : "studies/adjoint_studies/central_diff_norm_cp_offset/meshes/sphere_coarse2.stl",
            "wake_model" : {
                "wake_present" : false
            },
            "adjoint_sensitivities" : {
                "calc_adjoint" : false
            },
            "perturbation" : {
                "perturb_point" : true,
                "point_index" : 25,
                "xyz_index" : 1,
                "step" : 1.00000000000000E-005
            }
        },
        "solver" : {
            "formulation" : "dirichlet-source-free",
            "control_point_offset" : 2.26986485188382E-002,
            "matrix_solver" : "GMRES"
        },
        "post_processing" : {
            "pressure_rules" : {
                "incompressible" : true
            }
        },
        "output" : {
            "report_file" : "studies/adjoint_studies/central_diff_norm_cp_offset/reports/cp_offset_0_022698648518838214_dirichlet_source_free.json"
        }
    },
    "total_runtime" : 1.60000000000000E-002
}
