{
    "info" : {
        "generated_by" : "MachLine (c) 2023 USU Aerolab",
        "executed" : "Wed Jul 17 16:10:31 2024"
    },
    "mesh_info" : {
        "N_body_panels" : 48,
        "N_body_vertices" : 26,
        "N_wake_panels" : 0,
        "N_wake_filaments" : 0,
        "average_characteristic_length" : 4.76931461379173E-001,
        "max_flow_turning_angle" : 9.00000000000000E+001
    },
    "solver_results" : {
        "solver_status_code" : 0,
        "system_dimension" : 26,
        "timing" : {
            "system_sorting" : 2.10000000000000E-006,
            "preconditioner" : 4.30000000000000E-006,
            "matrix_solver" : 2.41000000000000E-005
        },
        "iterations" : 6,
        "residual" : {
            "max" : 4.13002965160558E-014,
            "norm" : 9.10049712964947E-014
        }
    },
    "pressure_calculations" : {
        "incompressible_rule" : {
            "max" : 6.44568546404277E-001,
            "min" : -6.48269241756341E-001
        }
    },
    "total_forces" : {
        "Cx" : 2.05104362085984E-006,
        "Cy" : -6.30091437256453E-006,
        "Cz" : -1.08009245483355E-005
    },
    "total_moments" : {
        "CMx" : 2.74285195250856E-011,
        "CMy" : 6.55569985558505E-006,
        "CMz" : -3.54682778699877E-006
    },
    "input" : {
        "flow" : {
            "freestream_velocity" : [
                    1.00000000000000E+000,
                    0.00000000000000E+000,
                    0.00000000000000E+000
                ]
        },
        "geometry" : {
            "file" : "studies/adjoint_studies/central_diff_norm_cp_offset/meshes/sphere_coarse2.stl",
            "wake_model" : {
                "wake_present" : false
            },
            "adjoint_sensitivities" : {
                "calc_adjoint" : false
            },
            "perturbation" : {
                "perturb_point" : true,
                "point_index" : 25,
                "xyz_index" : 1,
                "step" : 1.00000000000000E-005
            }
        },
        "solver" : {
            "formulation" : "dirichlet-source-free",
            "control_point_offset" : 1.81970085860998E-011,
            "matrix_solver" : "GMRES"
        },
        "post_processing" : {
            "pressure_rules" : {
                "incompressible" : true
            }
        },
        "output" : {
            "report_file" : "studies/adjoint_studies/central_diff_norm_cp_offset/reports/cp_offset_1_8197008586099825e-11_dirichlet_source_free.json"
        }
    },
    "total_runtime" : 1.50000000000000E-002
}
