{
    "info" : {
        "generated_by" : "MachLine (c) 2023 USU Aerolab",
        "executed" : "Fri Jul 19 09:03:10 2024"
    },
    "mesh_info" : {
        "N_body_panels" : 48,
        "N_body_vertices" : 26,
        "N_wake_panels" : 0,
        "N_wake_filaments" : 0,
        "average_characteristic_length" : 4.76887257362578E-001,
        "max_flow_turning_angle" : 9.00000000000000E+001
    },
    "solver_results" : {
        "solver_status_code" : 0,
        "system_dimension" : 26,
        "timing" : {
            "system_sorting" : 2.10000000000000E-006,
            "preconditioner" : 1.62000000000000E-005,
            "matrix_solver" : 2.38000000000000E-005
        },
        "iterations" : 7,
        "residual" : {
            "max" : 2.66675570514963E-013,
            "norm" : 7.02403331743818E-013
        }
    },
    "pressure_calculations" : {
        "incompressible_rule" : {
            "max" : 7.23040536801340E-001,
            "min" : -6.52410891605302E-001
        }
    },
    "total_forces" : {
        "Cx" : -7.14917559547146E-003,
        "Cy" : 1.41698093424208E-005,
        "Cz" : -1.96585503946256E-002
    },
    "total_moments" : {
        "CMx" : -9.31439258170658E-008,
        "CMy" : 1.57206134356199E-002,
        "CMz" : 1.13674859880883E-005
    },
    "input" : {
        "flow" : {
            "freestream_velocity" : [
                    1.00000000000000E+000,
                    0.00000000000000E+000,
                    0.00000000000000E+000
                ]
        },
        "geometry" : {
            "file" : "studies/adjoint_studies/central_diff_norm_cp_offset/meshes/sphere_coarse2.stl",
            "wake_model" : {
                "wake_present" : false
            },
            "adjoint_sensitivities" : {
                "calc_adjoint" : false
            },
            "perturbation" : {
                "perturb_point" : true,
                "point_index" : 26,
                "xyz_index" : 3,
                "step" : -1.00000000000000E-001
            }
        },
        "solver" : {
            "formulation" : "dirichlet-source-free",
            "control_point_offset" : 1.05681750921366E-012,
            "matrix_solver" : "GMRES"
        },
        "post_processing" : {
            "pressure_rules" : {
                "incompressible" : true
            }
        },
        "output" : {
            "report_file" : "studies/adjoint_studies/central_diff_norm_cp_offset/reports/cp_offset_1_0568175092136564e-12_dirichlet_source_free.json"
        }
    },
    "total_runtime" : 4.70000000000000E-002
}
