{
    "info" : {
        "generated_by" : "MachLine (c) 2023 USU Aerolab",
        "executed" : "Wed Jul 17 16:10:59 2024"
    },
    "mesh_info" : {
        "N_body_panels" : 48,
        "N_body_vertices" : 26,
        "N_wake_panels" : 0,
        "N_wake_filaments" : 0,
        "average_characteristic_length" : 4.76931461379173E-001,
        "max_flow_turning_angle" : 9.00000000000000E+001
    },
    "solver_results" : {
        "solver_status_code" : 0,
        "system_dimension" : 26,
        "timing" : {
            "system_sorting" : 1.90000000000000E-006,
            "preconditioner" : 4.50000000000000E-006,
            "matrix_solver" : 2.43000000000000E-005
        },
        "iterations" : 7,
        "residual" : {
            "max" : 1.33226762955019E-014,
            "norm" : 3.08927790291740E-014
        }
    },
    "pressure_calculations" : {
        "incompressible_rule" : {
            "max" : 6.35004980945614E-001,
            "min" : -6.78267373858729E-001
        }
    },
    "total_forces" : {
        "Cx" : -9.83825372946612E-007,
        "Cy" : 1.50061964952763E-006,
        "Cz" : 1.03427300381445E-006
    },
    "total_moments" : {
        "CMx" : 2.20483522064829E-010,
        "CMy" : -4.21676653704350E-006,
        "CMz" : 5.14312162625680E-006
    },
    "input" : {
        "flow" : {
            "freestream_velocity" : [
                    1.00000000000000E+000,
                    0.00000000000000E+000,
                    0.00000000000000E+000
                ]
        },
        "geometry" : {
            "file" : "studies/adjoint_studies/central_diff_norm_cp_offset/meshes/sphere_coarse2.stl",
            "wake_model" : {
                "wake_present" : false
            },
            "adjoint_sensitivities" : {
                "calc_adjoint" : false
            },
            "perturbation" : {
                "perturb_point" : true,
                "point_index" : 25,
                "xyz_index" : 1,
                "step" : 1.00000000000000E-005
            }
        },
        "solver" : {
            "formulation" : "dirichlet-source-free",
            "control_point_offset" : 1.13762728582343E-002,
            "matrix_solver" : "GMRES"
        },
        "post_processing" : {
            "pressure_rules" : {
                "incompressible" : true
            }
        },
        "output" : {
            "report_file" : "studies/adjoint_studies/central_diff_norm_cp_offset/reports/cp_offset_0_011376272858234332_dirichlet_source_free.json"
        }
    },
    "total_runtime" : 1.60000000000000E-002
}
