{
    "info" : {
        "generated_by" : "MachLine (c) 2023 USU Aerolab",
        "executed" : "Fri Jul 19 09:03:12 2024"
    },
    "mesh_info" : {
        "N_body_panels" : 48,
        "N_body_vertices" : 26,
        "N_wake_panels" : 0,
        "N_wake_filaments" : 0,
        "average_characteristic_length" : 4.76887257362578E-001,
        "max_flow_turning_angle" : 9.00000000000000E+001
    },
    "solver_results" : {
        "solver_status_code" : 0,
        "system_dimension" : 26,
        "timing" : {
            "system_sorting" : 2.10000000000000E-006,
            "preconditioner" : 1.02000000000000E-005,
            "matrix_solver" : 1.97000000000000E-005
        },
        "iterations" : 8,
        "residual" : {
            "max" : 3.55271367880050E-015,
            "norm" : 1.08476067119978E-014
        }
    },
    "pressure_calculations" : {
        "incompressible_rule" : {
            "max" : 7.23227298448149E-001,
            "min" : -6.52351496748039E-001
        }
    },
    "total_forces" : {
        "Cx" : -7.49600223282007E-003,
        "Cy" : 6.99279621645815E-006,
        "Cz" : -1.94513584040729E-002
    },
    "total_moments" : {
        "CMx" : -3.81428483910498E-008,
        "CMy" : 1.55031383917401E-002,
        "CMz" : 5.82806381754092E-006
    },
    "input" : {
        "flow" : {
            "freestream_velocity" : [
                    1.00000000000000E+000,
                    0.00000000000000E+000,
                    0.00000000000000E+000
                ]
        },
        "geometry" : {
            "file" : "studies/adjoint_studies/central_diff_norm_cp_offset/meshes/sphere_coarse2.stl",
            "wake_model" : {
                "wake_present" : false
            },
            "adjoint_sensitivities" : {
                "calc_adjoint" : false
            },
            "perturbation" : {
                "perturb_point" : true,
                "point_index" : 26,
                "xyz_index" : 3,
                "step" : -1.00000000000000E-001
            }
        },
        "solver" : {
            "formulation" : "dirichlet-source-free",
            "control_point_offset" : 4.32513831035008E-012,
            "matrix_solver" : "GMRES"
        },
        "post_processing" : {
            "pressure_rules" : {
                "incompressible" : true
            }
        },
        "output" : {
            "report_file" : "studies/adjoint_studies/central_diff_norm_cp_offset/reports/cp_offset_4_32513831035008e-12_dirichlet_source_free.json"
        }
    },
    "total_runtime" : 3.10000000000000E-002
}
