{
    "info" : {
        "generated_by" : "MachLine (c) 2023 USU Aerolab",
        "executed" : "Wed Jul 17 16:11:08 2024"
    },
    "mesh_info" : {
        "N_body_panels" : 48,
        "N_body_vertices" : 26,
        "N_wake_panels" : 0,
        "N_wake_filaments" : 0,
        "average_characteristic_length" : 4.76931259248353E-001,
        "max_flow_turning_angle" : 9.00000000000000E+001
    },
    "solver_results" : {
        "solver_status_code" : 0,
        "system_dimension" : 26,
        "timing" : {
            "system_sorting" : 2.60000000000000E-006,
            "preconditioner" : 1.57000000000000E-005,
            "matrix_solver" : 1.95000000000000E-005
        },
        "iterations" : 6,
        "residual" : {
            "max" : 8.03801469828613E-014,
            "norm" : 1.35602393904783E-013
        }
    },
    "pressure_calculations" : {
        "incompressible_rule" : {
            "max" : 6.44580755608993E-001,
            "min" : -6.48287765218166E-001
        }
    },
    "total_forces" : {
        "Cx" : 1.14846441247873E-005,
        "Cy" : -9.44996851242469E-006,
        "Cz" : -8.12012891222846E-006
    },
    "total_moments" : {
        "CMx" : -4.27499835878309E-010,
        "CMy" : 9.56172129194452E-006,
        "CMz" : -1.52304384842122E-005
    },
    "input" : {
        "flow" : {
            "freestream_velocity" : [
                    1.00000000000000E+000,
                    0.00000000000000E+000,
                    0.00000000000000E+000
                ]
        },
        "geometry" : {
            "file" : "studies/adjoint_studies/central_diff_norm_cp_offset/meshes/sphere_coarse2.stl",
            "wake_model" : {
                "wake_present" : false
            },
            "adjoint_sensitivities" : {
                "calc_adjoint" : false
            },
            "perturbation" : {
                "perturb_point" : true,
                "point_index" : 25,
                "xyz_index" : 1,
                "step" : -1.00000000000000E-005
            }
        },
        "solver" : {
            "formulation" : "dirichlet-source-free",
            "control_point_offset" : 9.37562006925879E-012,
            "matrix_solver" : "GMRES"
        },
        "post_processing" : {
            "pressure_rules" : {
                "incompressible" : true
            }
        },
        "output" : {
            "report_file" : "studies/adjoint_studies/central_diff_norm_cp_offset/reports/cp_offset_9_375620069258793e-12_dirichlet_source_free.json"
        }
    },
    "total_runtime" : 1.50000000000000E-002
}
