{
    "info" : {
        "generated_by" : "MachLine (c) 2023 USU Aerolab",
        "executed" : "Wed Jul 17 16:10:35 2024"
    },
    "mesh_info" : {
        "N_body_panels" : 48,
        "N_body_vertices" : 26,
        "N_wake_panels" : 0,
        "N_wake_filaments" : 0,
        "average_characteristic_length" : 4.76931461379173E-001,
        "max_flow_turning_angle" : 9.00000000000000E+001
    },
    "solver_results" : {
        "solver_status_code" : 0,
        "system_dimension" : 26,
        "timing" : {
            "system_sorting" : 2.10000000000000E-006,
            "preconditioner" : 9.50000000000000E-006,
            "matrix_solver" : 1.67000000000000E-005
        },
        "iterations" : 6,
        "residual" : {
            "max" : 5.15143483426073E-014,
            "norm" : 9.28490239904912E-014
        }
    },
    "pressure_calculations" : {
        "incompressible_rule" : {
            "max" : 6.44566875438726E-001,
            "min" : -6.48258974476177E-001
        }
    },
    "total_forces" : {
        "Cx" : -5.55073951344354E-007,
        "Cy" : 1.47550031072419E-006,
        "Cz" : 8.52548387272195E-007
    },
    "total_moments" : {
        "CMx" : 2.10591504304358E-010,
        "CMy" : -4.01490680498190E-006,
        "CMz" : 5.05146105510973E-006
    },
    "input" : {
        "flow" : {
            "freestream_velocity" : [
                    1.00000000000000E+000,
                    0.00000000000000E+000,
                    0.00000000000000E+000
                ]
        },
        "geometry" : {
            "file" : "studies/adjoint_studies/central_diff_norm_cp_offset/meshes/sphere_coarse2.stl",
            "wake_model" : {
                "wake_present" : false
            },
            "adjoint_sensitivities" : {
                "calc_adjoint" : false
            },
            "perturbation" : {
                "perturb_point" : true,
                "point_index" : 25,
                "xyz_index" : 1,
                "step" : 1.00000000000000E-005
            }
        },
        "solver" : {
            "formulation" : "dirichlet-source-free",
            "control_point_offset" : 4.24619563946313E-010,
            "matrix_solver" : "GMRES"
        },
        "post_processing" : {
            "pressure_rules" : {
                "incompressible" : true
            }
        },
        "output" : {
            "report_file" : "studies/adjoint_studies/central_diff_norm_cp_offset/reports/cp_offset_4_24619563946313e-10_dirichlet_source_free.json"
        }
    },
    "total_runtime" : 1.60000000000000E-002
}
