{
    "info" : {
        "generated_by" : "MachLine (c) 2023 USU Aerolab",
        "executed" : "Fri Jul 19 09:03:51 2024"
    },
    "mesh_info" : {
        "N_body_panels" : 48,
        "N_body_vertices" : 26,
        "N_wake_panels" : 0,
        "N_wake_filaments" : 0,
        "average_characteristic_length" : 4.76887257362578E-001,
        "max_flow_turning_angle" : 9.00000000000000E+001
    },
    "solver_results" : {
        "solver_status_code" : 0,
        "system_dimension" : 26,
        "timing" : {
            "system_sorting" : 2.20000000000000E-006,
            "preconditioner" : 4.30000000000000E-006,
            "matrix_solver" : 5.04000000000000E-005
        },
        "iterations" : 24,
        "residual" : {
            "max" : 1.93178806284777E-014,
            "norm" : 2.97123145278826E-014
        }
    },
    "pressure_calculations" : {
        "incompressible_rule" : {
            "max" : 5.68492241141492E-001,
            "min" : -4.52741506735456E+000
        }
    },
    "total_forces" : {
        "Cx" : 7.37224047619009E-001,
        "Cy" : 1.19717640388855E-006,
        "Cz" : -4.86924872667595E-001
    },
    "total_moments" : {
        "CMx" : -9.77425086614442E-010,
        "CMy" : 4.85746042516155E-001,
        "CMz" : 1.29587649789565E-006
    },
    "input" : {
        "flow" : {
            "freestream_velocity" : [
                    1.00000000000000E+000,
                    0.00000000000000E+000,
                    0.00000000000000E+000
                ]
        },
        "geometry" : {
            "file" : "studies/adjoint_studies/central_diff_norm_cp_offset/meshes/sphere_coarse2.stl",
            "wake_model" : {
                "wake_present" : false
            },
            "adjoint_sensitivities" : {
                "calc_adjoint" : false
            },
            "perturbation" : {
                "perturb_point" : true,
                "point_index" : 26,
                "xyz_index" : 3,
                "step" : -1.00000000000000E-001
            }
        },
        "solver" : {
            "formulation" : "dirichlet-source-free",
            "control_point_offset" : 9.20449571753172E-001,
            "matrix_solver" : "GMRES"
        },
        "post_processing" : {
            "pressure_rules" : {
                "incompressible" : true
            }
        },
        "output" : {
            "report_file" : "studies/adjoint_studies/central_diff_norm_cp_offset/reports/cp_offset_0_9204495717531722_dirichlet_source_free.json"
        }
    },
    "total_runtime" : 1.60000000000000E-002
}
