{
    "info" : {
        "generated_by" : "MachLine (c) 2022 USU Aerolab",
        "executed" : "Thu May 19 17:18:05 2022"
    },
    "solver_results" : {
        "residual" : {
            "max" : 1.04083408558608E-016,
            "norm" : 1.18495091808908E-015
        }
    },
    "pressure_calculations" : {
        "isentropic_rule" : {
            "max" : 4.83831708381684E-001,
            "min" : -6.34466429781808E-001
        },
        "second_order_rule" : {
            "max" : 5.62744725958118E-001,
            "min" : -1.92449857300883E+000
        }
    },
    "total_forces" : {
        "Cx" : 2.75699739903419E-002,
        "Cy" : 8.52556217169843E-012,
        "Cz" : 1.66491069458840E-001
    },
    "input" : {
        "flow" : {
            "freestream_velocity" : [
                    5.20121897057503E+002,
                    0.00000000000000E+000,
                    2.72584335812663E+001
                ],
            "gamma" : 1.40000000000000E+000,
            "freestream_mach_number" : 1.50000000000000E+000
        },
        "geometry" : {
            "file" : "dev/meshes/diamond_5_deg_full_fine.stl",
            "spanwise_axis" : "+y",
            "wake_model" : {
                "append_wake" : false
            },
            "reference" : {
                "area" : 4.00000000000000E+000
            }
        },
        "solver" : {
            "formulation" : "morino",
            "control_point_offset" : 1.10000000000000E-008
        },
        "post_processing" : {
            "pressure_rules" : {
                "second-order" : true,
                "isentropic" : true,
                "slender-body" : true,
                "linear" : true
            }
        },
        "output" : {
            "body_file" : "dev/results/diamond_wing_comparison/meshes/M_1.5_aoa_3.0_5_deg_fine.vtk",
            "report_file" : "dev/results/diamond_wing_comparison/reports/M_1.5_aoa_3.0_5_deg_fine.json"
        }
    }
}
