{
    "info" : {
        "generated_by" : "MachLine (c) 2022 USU Aerolab",
        "executed" : "Fri May 20 16:24:50 2022"
    },
    "solver_results" : {
        "residual" : {
            "max" : 6.93889390390723E-018,
            "norm" : 3.43941470450447E-017
        }
    },
    "pressure_calculations" : {
        "isentropic_rule" : {
            "max" : 3.21767147030070E-003,
            "min" : -5.71428571428571E-002
        },
        "second_order_rule" : {
            "max" : 2.92126603362580E+000,
            "min" : -2.46739377335519E+000
        }
    },
    "total_forces" : {
        "Cx" : -8.27214924822092E-004,
        "Cy" : -1.17077916031207E-012,
        "Cz" : -1.14784438165475E-002
    },
    "input" : {
        "flow" : {
            "freestream_velocity" : [
                    1.72951249079385E+003,
                    0.00000000000000E+000,
                    1.51312736370946E+002
                ],
            "gamma" : 1.40000000000000E+000,
            "freestream_mach_number" : 5.00000000000000E+000
        },
        "geometry" : {
            "file" : "dev/meshes/diamond_5_deg_full_coarse.stl",
            "spanwise_axis" : "+y",
            "wake_model" : {
                "append_wake" : false
            },
            "reference" : {
                "area" : 4.00000000000000E+000
            }
        },
        "solver" : {
            "formulation" : "morino",
            "control_point_offset" : 1.10000000000000E-008
        },
        "post_processing" : {
            "pressure_rules" : {
                "second-order" : true,
                "isentropic" : true,
                "slender-body" : true,
                "linear" : true
            }
        },
        "output" : {
            "body_file" : "dev/results/diamond_wing_comparison/meshes/M_5.0_aoa_5.0_5_deg_coarse.vtk",
            "report_file" : "dev/results/diamond_wing_comparison/reports/M_5.0_aoa_5.0_5_deg_coarse.json"
        }
    }
}
