{
    "info" : {
        "generated_by" : "MachLine (c) 2023 USU Aerolab",
        "executed" : "Fri Jul 12 13:54:37 2024"
    },
    "mesh_info" : {
        "N_body_panels" : 48,
        "N_body_vertices" : 26,
        "N_wake_panels" : 0,
        "N_wake_filaments" : 0,
        "average_characteristic_length" : 4.76931360312427E-001,
        "max_flow_turning_angle" : 9.00000000000000E+001
    },
    "solver_results" : {
        "solver_status_code" : 0,
        "system_dimension" : 26,
        "timing" : {
            "system_sorting" : 1.90000000000000E-006,
            "preconditioner" : 5.70000000000000E-006,
            "matrix_solver" : 1.31000000000000E-005
        },
        "iterations" : 6,
        "residual" : {
            "max" : 1.06581410364015E-014,
            "norm" : 1.72416731609732E-014
        }
    },
    "pressure_calculations" : {
        "incompressible_rule" : {
            "max" : 6.44563482259014E-001,
            "min" : -6.48258400776570E-001
        }
    },
    "total_forces" : {
        "Cx" : 1.60170362667467E-007,
        "Cy" : -5.82867087928207E-016,
        "Cz" : -7.52869988573934E-016
    },
    "total_moments" : {
        "CMx" : -8.23210423439580E-012,
        "CMy" : 6.93889390390723E-016,
        "CMz" : -3.81639164714898E-016
    },
    "CF_sensitivities" : {
        "d_CFx" : [
                8.42883026353594E-001,
                -4.27886018771072E-002,
                -1.07860193646491E-001,
                -1.52918417208480E-001,
                -8.68963909102847E-002,
                -4.27892368714646E-002,
                -1.07861281337474E-001,
                -1.52917578189623E-001,
                -8.68961320729206E-002,
                1.66423209591295E-002,
                -1.88644933028970E-003,
                -1.57842707487208E-002,
                1.28150581699416E-003,
                1.66419356584044E-002,
                -1.88420512156640E-003,
                -1.57845663015199E-002,
                1.28265930979188E-003,
                -3.41536636696983E-001,
                -2.54014870140894E-001,
                -1.91040880619205E-001,
                -2.78141635677942E-001,
                -3.41546054123752E-001,
                -2.54026393002723E-001,
                -1.91040277429368E-001,
                -2.78143719989723E-001,
                2.06700296143280E+000,
                -1.38725033933761E-008,
                2.79185137444274E-001,
                3.27549965020398E-001,
                -6.34002765462091E-004,
                -3.13508759073644E-001,
                -2.79186116483007E-001,
                -3.27551161328887E-001,
                6.32988705600386E-004,
                3.13507473045345E-001,
                -1.31313979902086E-001,
                -2.96717185637892E-001,
                -1.44499328430385E-002,
                3.17863238968185E-001,
                1.31312891725489E-001,
                2.96716739270955E-001,
                1.44507099598090E-002,
                -3.17864430335066E-001,
                -1.70049574222862E-001,
                4.98507860606870E-002,
                -2.27719288155984E-002,
                -6.52971951810805E-002,
                1.70044473604718E-001,
                -4.98550559633476E-002,
                2.27646087337654E-002,
                6.52861772723144E-002,
                -1.64032443354935E-006,
                -3.80458075695064E-007,
                1.97055280569277E-002,
                -2.42986286767006E-001,
                -5.29610855405701E-001,
                -2.56021561202689E-001,
                -1.97061375269741E-002,
                2.42984947926733E-001,
                5.29609427798181E-001,
                2.56020716396047E-001,
                1.66948959162797E-002,
                1.74226323703392E-001,
                5.63941175053206E-001,
                1.92361063370091E-001,
                -1.66956870826814E-002,
                -1.74226942589173E-001,
                -5.63941405637057E-001,
                -1.92362526321259E-001,
                6.45560616835832E-004,
                3.46296696167499E-002,
                -1.90541165669285E-001,
                5.07096717590568E-002,
                -6.53429885741437E-004,
                -3.46392980755178E-002,
                1.90535994011574E-001,
                -5.07181449953915E-002,
                -6.65618590288943E-008
            ],
        "d_CFy" : [
                -3.05390095825930E-017,
                -2.59506540616747E-001,
                -1.12165317796862E-001,
                -2.84834791022553E-005,
                1.12285636479884E-001,
                2.59506498729409E-001,
                1.12165366161986E-001,
                2.85293471928985E-005,
                -1.12285665324457E-001,
                -1.32107871794813E-001,
                -1.75634782023727E-001,
                -1.47951781754668E-004,
                1.74774028880224E-001,
                1.32109449619454E-001,
                1.75633761631753E-001,
                1.47960341012731E-004,
                -1.74773392445645E-001,
                5.26526387323394E-001,
                4.20541295607214E-001,
                1.38762926648167E-003,
                -4.07801376296771E-001,
                -5.26522540945479E-001,
                -4.20536752484842E-001,
                -1.38428084277330E-003,
                4.07799457862777E-001,
                -3.13618379104982E-007,
                2.00416082267852E-001,
                2.83899702497371E-001,
                5.02480324198849E-002,
                1.09962079563946E-001,
                5.03942048185433E-002,
                2.83899759020116E-001,
                5.02480171095315E-002,
                1.09962050771991E-001,
                5.03941672123889E-002,
                -6.27767219006861E-001,
                -3.37887765300515E-001,
                -1.34703797858770E-001,
                -3.37073187156866E-001,
                -6.27764440196458E-001,
                -3.37887022516421E-001,
                -1.34703812531277E-001,
                -3.37073364116978E-001,
                6.26816950291689E-001,
                2.77353981550581E-001,
                -2.30411003259665E-001,
                2.88220143265127E-001,
                6.26817631987682E-001,
                2.77356836595607E-001,
                -2.30409000684879E-001,
                2.88221680654062E-001,
                -2.38537305854266E-001,
                -5.29741370673772E-005,
                -1.69196086417276E-004,
                1.58452361065010E-002,
                5.74919388887958E-006,
                -1.59419562647273E-002,
                -1.69189575211663E-004,
                1.58452298195274E-002,
                5.71715268074749E-006,
                -1.59420047950838E-002,
                7.58246472706929E-003,
                2.15976892476797E-001,
                1.39956192530789E-004,
                -2.14524868304508E-001,
                7.58472770388500E-003,
                2.15978216857025E-001,
                1.39936215888683E-004,
                -2.14525386201629E-001,
                -1.46430726697885E-003,
                -4.89875517774256E-001,
                2.42627764586236E-003,
                4.81941717795384E-001,
                -1.46374737372473E-003,
                -4.89872522638452E-001,
                2.42784256839332E-003,
                4.81943067427183E-001,
                -3.84467020572274E-003
            ],