{
    "info" : {
        "generated_by" : "MachLine (c) 2023 USU Aerolab",
        "executed" : "Fri Jul 12 13:55:35 2024"
    },
    "mesh_info" : {
        "N_body_panels" : 48,
        "N_body_vertices" : 26,
        "N_wake_panels" : 0,
        "N_wake_filaments" : 0,
        "average_characteristic_length" : 4.76931360312427E-001,
        "max_flow_turning_angle" : 9.00000000000000E+001
    },
    "solver_results" : {
        "solver_status_code" : 0,
        "system_dimension" : 26,
        "timing" : {
            "system_sorting" : 2.20000000000000E-006,
            "preconditioner" : 5.30000000000000E-006,
            "matrix_solver" : 1.47000000000000E-005
        },
        "iterations" : 6,
        "residual" : {
            "max" : 6.66133814775094E-016,
            "norm" : 1.43400747337850E-015
        }
    },
    "pressure_calculations" : {
        "incompressible_rule" : {
            "max" : 6.44547230285044E-001,
            "min" : -6.48305242805116E-001
        }
    },
    "total_forces" : {
        "Cx" : 3.24399118678542E-011,
        "Cy" : 8.67361737988404E-016,
        "Cz" : 1.52655665885959E-016
    },
    "total_moments" : {
        "CMx" : -1.40512601554121E-016,
        "CMy" : -1.63064006741820E-016,
        "CMz" : 9.29811783123569E-016
    },
    "CF_sensitivities" : {
        "d_CFx" : [
                6.75065134160094E-001,
                -6.88574015148400E-002,
                -1.21250020991887E-001,
                -1.71840320413340E-001,
                -1.18574279805896E-001,
                -6.88574015143021E-002,
                -1.21250020976243E-001,
                -1.71840320393228E-001,
                -1.18574279798270E-001,
                4.02206986793290E-002,
                1.99202558040876E-002,
                4.59967001404382E-003,
                2.35612900793358E-002,
                4.02206986553943E-002,
                1.99202558290981E-002,
                4.59967001404915E-003,
                2.35612900995164E-002,
                -3.46399449693738E-001,
                -2.42586269588833E-001,
                -1.46085781781358E-001,
                -2.48107854365080E-001,
                -3.46399449812362E-001,
                -2.42586269644666E-001,
                -1.46085781748106E-001,
                -2.48107854351083E-001,
                1.18378178324816E+000,
                -5.05299533041349E-012,
                2.43018176388053E-001,
                3.14881474237899E-001,
                -2.46110779532944E-003,
                -2.90696440922972E-001,
                -2.43018176399579E-001,
                -3.14881474256353E-001,
                2.46110778054037E-003,
                2.90696440908774E-001,
                2.43628831070910E-002,
                1.81384279141764E-002,
                -5.54843328883296E-005,
                -2.79206617120077E-002,
                -2.43628831304497E-002,
                -1.81384279128836E-002,
                5.54843418391476E-005,
                2.79206616829996E-002,
                -5.97853053063431E-002,
                4.58218480689856E-002,
                -5.70187566571483E-003,
                -3.30374560721374E-002,
                5.97853051530498E-002,
                -4.58218481764278E-002,
                5.70187552443418E-003,
                3.30374559109369E-002,
                -7.90158562136127E-011,
                -6.92662965457189E-012,
                5.77082579414874E-003,
                -2.26505612032981E-001,
                -5.13055819129646E-001,
                -2.28662205373248E-001,
                -5.77082580126410E-003,
                2.26505612009464E-001,
                5.13055819118684E-001,
                2.28662205362938E-001,
                6.63800539343251E-004,
                -1.37834886260051E-001,
                4.06763487197676E-001,
                -1.50035695476748E-001,
                -6.63800551050687E-004,
                1.37834886256406E-001,
                -4.06763487210038E-001,
                1.50035695446281E-001,
                4.19251031974760E-003,
                6.75642036549556E-002,
                -3.23220995157381E-001,
                9.67953464080510E-002,
                -4.19251044414207E-003,
                -6.75642037992352E-002,
                3.23220995037044E-001,
                -9.67953465775195E-002,
                -4.40773539098141E-011
            ],
        "d_CFy" : [
                -4.91527109980404E-017,
                -2.64953841005507E-001,
                -1.17123995948668E-001,
                -7.17647377354804E-005,
                1.17121394385955E-001,
                2.64953841005238E-001,
                1.17123995948577E-001,
                7.17647385340229E-005,
                -1.17121394385654E-001,
                -3.24776086178574E-002,
                -1.00956744213202E-001,
                -2.23223213934715E-005,
                8.98085856663079E-002,
                3.24776086576363E-002,
                1.00956744201517E-001,
                2.23223213531517E-005,
                -8.98085856522635E-002,
                -3.75030734789887E-002,
                7.26405944400326E-002,
                7.23492653115417E-003,
                -5.33858192630137E-002,
                3.75030735259008E-002,
                -7.26405943448819E-002,
                -7.23492646123663E-003,
                5.33858192283766E-002,
                5.59759438231684E-012,
                2.04058368625110E-001,
                2.87198376336127E-001,
                5.64600072474987E-002,
                1.06761559017703E-001,
                5.70261498448218E-002,
                2.87198376336654E-001,
                5.64600072471763E-002,
                1.06761559017132E-001,
                5.70261498437994E-002,
                -5.40567095611440E-001,
                -3.19104508595528E-001,
                -1.34902554838594E-001,
                -2.82955588533337E-001,
                -5.40567095575324E-001,
                -3.19104508585760E-001,
                -1.34902554838902E-001,
                -2.82955588540706E-001,
                2.74269164868943E-001,
                -6.51813075147739E-002,
                -1.78967167422574E-003,
                -9.71085253726029E-002,
                2.74269164890445E-001,
                -6.51813074627492E-002,
                -1.78967163376882E-003,
                -9.71085253753223E-002,
                -4.94986156147121E-001,
                -2.86762932128406E-004,
                -1.43477881595993E-005,
                8.87635930167488E-003,
                8.31466927930559E-004,
                -9.45302908685236E-003,
                -1.43477876110211E-005,
                8.87635930149511E-003,
                8.31466927431657E-004,
                -9.45302908767243E-003,
                2.94915357611162E-003,
                2.06796152790800E-001,
                1.17789904888748E-004,
                -1.54134955653519E-001,
                2.94915361381510E-003,
                2.06796152814683E-001,
                1.17789904568324E-004,
                -1.54134955659566E-001,
                9.60051241119286E-003,
                2.53007772776092E-002,
                -2.23063450635828E-002,
                -6.22459009909969E-002,
                9.60051242007482E-003,
                2.53007773123113E-002,
                -2.23063450459903E-002,
                -6.22459009686410E-002,
                -1.93015017747638E-002
            ],