{
    "info" : {
        "generated_by" : "MachLine (c) 2023 USU Aerolab",
        "executed" : "Fri Jul 12 13:54:53 2024"
    },
    "mesh_info" : {
        "N_body_panels" : 48,
        "N_body_vertices" : 26,
        "N_wake_panels" : 0,
        "N_wake_filaments" : 0,
        "average_characteristic_length" : 4.76931360312427E-001,
        "max_flow_turning_angle" : 9.00000000000000E+001
    },
    "solver_results" : {
        "solver_status_code" : 0,
        "system_dimension" : 26,
        "timing" : {
            "system_sorting" : 3.10000000000000E-006,
            "preconditioner" : 7.50000000000000E-006,
            "matrix_solver" : 1.56000000000000E-005
        },
        "iterations" : 6,
        "residual" : {
            "max" : 8.88178419700125E-016,
            "norm" : 1.90435372163947E-015
        }
    },
    "pressure_calculations" : {
        "incompressible_rule" : {
            "max" : 6.44562145481533E-001,
            "min" : -6.48258194934581E-001
        }
    },
    "total_forces" : {
        "Cx" : 9.62014904404285E-008,
        "Cy" : 2.98372437868011E-016,
        "Cz" : -8.63892291036450E-016
    },
    "total_moments" : {
        "CMx" : -9.81411132916499E-013,
        "CMy" : 9.50628464835290E-016,
        "CMz" : 3.26128013483640E-016
    },
    "CF_sensitivities" : {
        "d_CFx" : [
                8.42882961793313E-001,
                -4.27876936284243E-002,
                -1.07859544100109E-001,
                -1.52918322527555E-001,
                -8.68956124336241E-002,
                -4.27877188144992E-002,
                -1.07859532893772E-001,
                -1.52918309806710E-001,
                -8.68956124795639E-002,
                1.66423901765616E-002,
                -1.88601124234822E-003,
                -1.57833498274706E-002,
                1.28235147694844E-003,
                1.66423730382681E-002,
                -1.88595409769921E-003,
                -1.57833761440775E-002,
                1.28239271885899E-003,
                -3.41540456016673E-001,
                -2.54018579306318E-001,
                -1.91035816011107E-001,
                -2.78142034064614E-001,
                -3.41540717998612E-001,
                -2.54019069827100E-001,
                -1.91035980453296E-001,
                -2.78142071772164E-001,
                2.06700166804130E+000,
                -1.63570791520822E-008,
                2.79185237854051E-001,
                3.27550463689761E-001,
                -6.33724116252775E-004,
                -3.13507807370058E-001,
                -2.79185274050982E-001,
                -3.27550520881203E-001,
                6.33665759193208E-004,
                3.13507777109466E-001,
                -1.31317081238313E-001,
                -2.96715709687927E-001,
                -1.44500621349116E-002,
                3.17863006252133E-001,
                1.31317027865202E-001,
                2.96715709952307E-001,
                1.44500613062976E-002,
                -3.17863075393807E-001,
                -1.70047439005880E-001,
                4.98525860960329E-002,
                -2.27656467133689E-002,
                -6.52905960417064E-002,
                1.70047211231453E-001,
                -4.98528112075182E-002,
                2.27652520404768E-002,
                6.52899993707924E-002,
                -2.02069288201570E-007,
                -1.02774186028573E-008,
                1.97058273570651E-002,
                -2.42984940386119E-001,
                -5.29610502141221E-001,
                -2.56021027829391E-001,
                -1.97058606457601E-002,
                2.42984891697829E-001,
                5.29610458277471E-001,
                2.56020982472824E-001,
                1.66942939836961E-002,
                1.74226344971547E-001,
                5.63942510240939E-001,
                1.92361272663834E-001,
                -1.66943491451326E-002,
                -1.74226371678467E-001,
                -5.63942513259680E-001,
                -1.92361346030569E-001,
                6.49077649909355E-004,
                3.46329605762616E-002,
                -1.90542898026602E-001,
                5.07196574927524E-002,
                -6.49498138108915E-004,
                -3.46334181399838E-002,
                1.90542638717723E-001,
                -5.07200559490513E-002,
                -1.07369570757507E-007
            ],
        "d_CFy" : [
                -1.68703823420224E-016,
                -2.59506245401631E-001,
                -1.12165722457151E-001,
                -2.85089474539907E-005,
                1.12285922948971E-001,
                2.59506245963272E-001,
                1.12165723683385E-001,
                2.85107131361047E-005,
                -1.12285924910861E-001,
                -1.32105706188416E-001,
                -1.75634295860995E-001,
                -1.48074080431042E-004,
                1.74774284518244E-001,
                1.32105783763460E-001,
                1.75634257712219E-001,
                1.48073796896891E-004,
                -1.74774254226998E-001,
                5.26516357076965E-001,
                4.20544300193354E-001,
                1.39212013230993E-003,
                -4.07802972769863E-001,
                -5.26516343798011E-001,
                -4.20544054976142E-001,
                -1.39193117104586E-003,
                4.07802804406828E-001,
                -4.80690881077307E-008,
                2.00415902278235E-001,
                2.83900055764597E-001,
                5.02480874878137E-002,
                1.09962032391303E-001,
                5.03941478126766E-002,
                2.83900057785325E-001,
                5.02480867089939E-002,
                1.09962030782200E-001,
                5.03941451230199E-002,
                -6.27768130211054E-001,
                -3.37887294771771E-001,
                -1.34703595556800E-001,
                -3.37073466467150E-001,
                -6.27768015507701E-001,
                -3.37887255624655E-001,
                -1.34703596451050E-001,
                -3.37073475807280E-001,
                6.26815696805317E-001,
                2.77357959531419E-001,
                -2.30411110985048E-001,
                2.88223228721140E-001,
                6.26815708808219E-001,
                2.77358118441837E-001,
                -2.30410993457128E-001,
                2.88223314385949E-001,
                -2.38532129447021E-001,
                -5.30185513892552E-005,
                -1.69195355680134E-004,
                1.58450226805289E-002,
                5.70691219651902E-006,
                -1.59419754258369E-002,
                -1.69194949643611E-004,
                1.58450223060864E-002,
                5.70463707723096E-006,
                -1.59419786229246E-002,
                7.58319840162876E-003,
                2.15976680591986E-001,
                1.39871371501139E-004,
                -2.14524015876082E-001,
                7.58330342088486E-003,
                2.15976751738393E-001,
                1.39870506447374E-004,
                -2.14524026586633E-001,
                -1.46473779136920E-003,
                -4.89870837448178E-001,
                2.42709391700768E-003,
                4.81939862084926E-001,
                -1.46470767662952E-003,
                -4.89870758753957E-001,
                2.42721084477636E-003,
                4.81939880130791E-001,
                -3.84093343598046E-003
            ],