{
    "info" : {
        "generated_by" : "MachLine (c) 2023 USU Aerolab",
        "executed" : "Fri Jul 12 13:55:52 2024"
    },
    "mesh_info" : {
        "N_body_panels" : 48,
        "N_body_vertices" : 26,
        "N_wake_panels" : 0,
        "N_wake_filaments" : 0,
        "average_characteristic_length" : 4.76931360312427E-001,
        "max_flow_turning_angle" : 9.00000000000000E+001
    },
    "solver_results" : {
        "solver_status_code" : 0,
        "system_dimension" : 26,
        "timing" : {
            "system_sorting" : 2.80000000000000E-006,
            "preconditioner" : 5.40000000000000E-006,
            "matrix_solver" : 1.53000000000000E-005
        },
        "iterations" : 6,
        "residual" : {
            "max" : 8.88178419700125E-016,
            "norm" : 1.37520931641187E-015
        }
    },
    "pressure_calculations" : {
        "incompressible_rule" : {
            "max" : 6.44287177240937E-001,
            "min" : -6.49133331877678E-001
        }
    },
    "total_forces" : {
        "Cx" : -6.01459160254336E-012,
        "Cy" : -3.33066907387547E-016,
        "Cz" : 1.28716481917479E-015
    },
    "total_moments" : {
        "CMx" : 8.67361737988404E-017,
        "CMy" : -1.35655375821386E-015,
        "CMz" : -3.19189119579733E-016
    },
    "CF_sensitivities" : {
        "d_CFx" : [
                5.72528499104365E-001,
                -2.29517003936613E-002,
                -9.45015739478269E-002,
                -1.66980240787316E-001,
                -9.45015739460566E-002,
                -2.29517003941970E-002,
                -9.45015739472502E-002,
                -1.66980240786740E-001,
                -9.45015739464782E-002,
                4.68395649749640E-002,
                4.58602519679894E-002,
                4.68378122487343E-002,
                4.58602519672118E-002,
                4.68395649748830E-002,
                4.58602519680218E-002,
                4.68378122487458E-002,
                4.58602519679312E-002,
                -1.66980284200647E-001,
                -9.44746163605457E-002,
                -2.29569769103853E-002,
                -9.44746163693676E-002,
                -1.66980284203853E-001,
                -9.44746163646191E-002,
                -2.29569769071600E-002,
                -9.44746163605432E-002,
                5.72503076717581E-001,
                5.88470389515279E-014,
                1.44258619499021E-001,
                2.66169792306401E-001,
                -2.76079115547268E-013,
                -2.66169792307293E-001,
                -1.44258619499757E-001,
                -2.66169792307478E-001,
                -7.06459528313872E-013,
                2.66169792306797E-001,
                2.31940852725830E-001,
                -6.62847635440392E-002,
                1.34563894220692E-013,
                6.62847635430082E-002,
                -2.31940852726746E-001,
                6.62847635440918E-002,
                -1.25068314870987E-013,
                -6.62847635440934E-002,
                -4.76800370678121E-001,
                -1.71127138808002E-001,
                -5.16452236521834E-012,
                1.71127138802698E-001,
                4.76800370671594E-001,
                1.71127138806660E-001,
                -6.52705018114811E-013,
                -1.71127138810662E-001,
                -4.34416344889437E-012,
                -3.13131110024186E-013,
                1.23461706467029E-013,
                -1.71120512372067E-001,
                -4.76796181680723E-001,
                -1.71120512370900E-001,
                -5.61281200981696E-013,
                1.71120512370962E-001,
                4.76796181679986E-001,
                1.71120512370320E-001,
                -2.28219358563750E-014,
                -6.62815610876988E-002,
                2.31930748633001E-001,
                -6.62815610884954E-002,
                -5.06417295339360E-013,
                6.62815610873203E-002,
                -2.31930748633273E-001,
                6.62815610877042E-002,
                -2.82531451440894E-012,
                2.66174402505143E-001,
                1.44257344737489E-001,
                2.66174402502819E-001,
                -3.05713115874454E-012,
                -2.66174402511989E-001,
                -1.44257344738606E-001,
                -2.66174402509957E-001,
                -2.33249698039903E-012
            ],
        "d_CFy" : [
                5.72371793432698E-017,
                -2.63792192517133E-001,
                -1.15861032382988E-001,
                1.49320697953205E-014,
                1.15861032383060E-001,
                2.63792192517139E-001,
                1.15861032383039E-001,
                2.40875066206571E-014,
                -1.15861032383072E-001,
                1.03426939402084E-001,
                -3.08465095594368E-002,
                -5.93105201421600E-014,
                3.08465095590722E-002,
                -1.03426939400725E-001,
                3.08465095587930E-002,
                5.66800303555532E-014,
                -3.08465095586719E-002,
                1.22964179510597E-001,
                1.56521835722528E-001,
                -1.83427217885805E-012,
                -1.56521835725593E-001,
                -1.22964179511081E-001,
                -1.56521835719630E-001,
                4.04308198005383E-012,
                1.56521835723002E-001,
                -5.39140847516209E-013,
                1.93626914753553E-001,
                2.93058647121750E-001,
                5.20274516036785E-002,
                1.04685453675461E-001,
                5.20274516035553E-002,
                2.93058647121789E-001,
                5.20274516036861E-002,
                1.04685453675438E-001,
                5.20274516035057E-002,
                -4.64954382199879E-001,
                -2.99028142219987E-001,
                -1.35660566774682E-001,
                -2.99028142219643E-001,
                -4.64954382198205E-001,
                -2.99028142219295E-001,
                -1.35660566774694E-001,
                -2.99028142219819E-001,
                -5.99426154645125E-002,
                1.98056144847966E-001,
                1.66947065245515E-001,
                1.98056144849705E-001,
                -5.99426154638613E-002,
                1.98056144850140E-001,
                1.66947065247071E-001,
                1.98056144849394E-001,
                1.93995792023604E-001,
                2.01348269654456E-014,
                -1.17557873158258E-014,
                9.10094583408419E-003,
                1.14031234834268E-014,
                -9.10094583426138E-003,
                2.59017525310046E-014,
                9.10094583409388E-003,
                -1.26937577495535E-014,
                -9.10094583431717E-003,
                -8.82481587805017E-013,
                1.64021835239432E-001,
                -1.00598247043622E-013,
                -1.64021835239919E-001,
                8.00362272117272E-013,
                1.64021835240418E-001,
                -1.12462224999325E-013,
                -1.64021835240376E-001,
                2.44825427292428E-013,
                1.13940575090116E-002,
                -1.05699289094732E-012,
                -1.13940575097363E-002,
                8.13321298533793E-013,
                1.13940575109392E-002,
                8.01017528513052E-013,
                -1.13940575087810E-002,
                -2.53128941418712E-012
            ],