{
    "info" : {
        "generated_by" : "MachLine (c) 2023 USU Aerolab",
        "executed" : "Fri Jul 12 13:56:11 2024"
    },
    "mesh_info" : {
        "N_body_panels" : 48,
        "N_body_vertices" : 26,
        "N_wake_panels" : 0,
        "N_wake_filaments" : 0,
        "average_characteristic_length" : 4.76931360312427E-001,
        "max_flow_turning_angle" : 9.00000000000000E+001
    },
    "solver_results" : {
        "solver_status_code" : 0,
        "system_dimension" : 26,
        "timing" : {
            "system_sorting" : 3.00000000000000E-006,
            "preconditioner" : 5.80000000000000E-006,
            "matrix_solver" : 1.45000000000000E-005
        },
        "iterations" : 6,
        "residual" : {
            "max" : 4.44089209850063E-016,
            "norm" : 1.12219615630854E-015
        }
    },
    "pressure_calculations" : {
        "incompressible_rule" : {
            "max" : 6.39108495389800E-001,
            "min" : -6.65514697962887E-001
        }
    },
    "total_forces" : {
        "Cx" : -7.72223951450712E-012,
        "Cy" : 0.00000000000000E+000,
        "Cz" : -7.49400541621981E-016
    },
    "total_moments" : {
        "CMx" : 1.52655665885959E-016,
        "CMy" : 4.09394740330526E-016,
        "CMz" : 1.11022302462516E-016
    },
    "CF_sensitivities" : {
        "d_CFx" : [
                5.55299059442669E-001,
                -2.31040304684966E-002,
                -9.64896570076605E-002,
                -1.70565558500548E-001,
                -9.64896570076876E-002,
                -2.31040304684851E-002,
                -9.64896570076768E-002,
                -1.70565558500576E-001,
                -9.64896570076749E-002,
                5.48805412875584E-002,
                5.41188319746810E-002,
                5.48805412904170E-002,
                5.41188319746746E-002,
                5.48805412875704E-002,
                5.41188319746972E-002,
                5.48805412904332E-002,
                5.41188319746955E-002,
                -1.70565558500457E-001,
                -9.64896570086007E-002,
                -2.31040304707171E-002,
                -9.64896570087098E-002,
                -1.70565558500559E-001,
                -9.64896570086649E-002,
                -2.31040304707798E-002,
                -9.64896570085576E-002,
                5.55299059448731E-001,
                1.50740886210914E-014,
                1.31942146830323E-001,
                2.63972003834515E-001,
                -8.54008018047254E-016,
                -2.63972003834544E-001,
                -1.31942146830333E-001,
                -2.63972003834537E-001,
                -4.22571922831174E-015,
                2.63972003834525E-001,
                2.41264640482053E-001,
                -6.94073896675883E-002,
                -2.27635103007440E-015,
                6.94073896675303E-002,
                -2.41264640482086E-001,
                6.94073896675836E-002,
                -2.66868182918885E-014,
                -6.94073896675740E-002,
                -4.76468566133730E-001,
                -1.64849875173648E-001,
                -1.35209951284153E-013,
                1.64849875173469E-001,
                4.76468566133486E-001,
                1.64849875173540E-001,
                -2.68815102435375E-014,
                -1.64849875173681E-001,
                1.18694315913733E-014,
                6.89086740757743E-015,
                -1.79673763773776E-014,
                -1.64849875170115E-001,
                -4.76468566129379E-001,
                -1.64849875170091E-001,
                9.52918903224816E-016,
                1.64849875170092E-001,
                4.76468566129369E-001,
                1.64849875170084E-001,
                -3.86234288606191E-015,
                -6.94073896708347E-002,
                2.41264640477175E-001,
                -6.94073896708574E-002,
                -2.85265944263182E-014,
                6.94073896708065E-002,
                -2.41264640477195E-001,
                6.94073896708168E-002,
                -3.50284557395106E-014,
                2.63972003837526E-001,
                1.31942146835693E-001,
                2.63972003837373E-001,
                -1.02534326938695E-013,
                -2.63972003837729E-001,
                -1.31942146835818E-001,
                -2.63972003837580E-001,
                -9.75330739835747E-015
            ],
        "d_CFy" : [
                -1.05715713389673E-016,
                -2.60426345982312E-001,
                -1.08886772604474E-001,
                6.39872278895725E-017,
                1.08886772604478E-001,
                2.60426345982313E-001,
                1.08886772604475E-001,
                1.30774081714680E-016,
                -1.08886772604477E-001,
                1.07034738654768E-001,
                -3.14303164092149E-002,
                -1.21296036711091E-015,
                3.14303164092040E-002,
                -1.07034738654736E-001,
                3.14303164091958E-002,
                2.16975041104386E-015,
                -3.14303164091911E-002,
                1.10011364839164E-001,
                1.52798884336102E-001,
                -1.12511715844459E-013,
                -1.52798884336187E-001,
                -1.10011364839133E-001,
                -1.52798884336048E-001,
                1.60388042502308E-013,
                1.52798884336059E-001,
                -2.41822636899542E-014,
                1.81181433024709E-001,
                2.98390673190607E-001,
                4.94854844489910E-002,
                1.03551071661473E-001,
                4.94854844490017E-002,
                2.98390673190628E-001,
                4.94854844490058E-002,
                1.03551071661472E-001,
                4.94854844489853E-002,
                -4.56171009554599E-001,
                -2.95760224412516E-001,
                -1.35575015102294E-001,
                -2.95760224412488E-001,
                -4.56171009554560E-001,
                -2.95760224412488E-001,
                -1.35575015102295E-001,
                -2.95760224412501E-001,
                -6.69524915750113E-002,
                2.00716133841308E-001,
                1.66652770018467E-001,
                2.00716133841369E-001,
                -6.69524915749832E-002,
                2.00716133841367E-001,
                1.66652770018522E-001,
                2.00716133841399E-001,
                1.81260994186222E-001,
                7.29125960996502E-016,
                -1.00423142024297E-014,
                9.48124589763913E-003,
                5.00754628644863E-016,
                -9.48124589764449E-003,
                1.13003139831647E-014,
                9.48124589765478E-003,
                1.09000673160986E-016,
                -9.48124589766028E-003,
                -1.34822708552917E-014,
                1.60485558789721E-001,
                -2.39037209669153E-015,
                -1.60485558789732E-001,
                2.30136005738291E-014,
                1.60485558789758E-001,
                -3.38799180178721E-015,
                -1.60485558789757E-001,
                1.98200830747730E-014,
                9.95045664785926E-003,
                -8.74936282843755E-015,
                -9.95045664789981E-003,
                3.20311777048023E-015,
                9.95045664788663E-003,
                3.26347703691622E-014,
                -9.95045664787295E-003,
                -9.81905529107152E-014
            ],