{
    "info" : {
        "generated_by" : "MachLine (c) 2023 USU Aerolab",
        "executed" : "Fri Jul 12 13:55:25 2024"
    },
    "mesh_info" : {
        "N_body_panels" : 48,
        "N_body_vertices" : 26,
        "N_wake_panels" : 0,
        "N_wake_filaments" : 0,
        "average_characteristic_length" : 4.76931360312427E-001,
        "max_flow_turning_angle" : 9.00000000000000E+001
    },
    "solver_results" : {
        "solver_status_code" : 0,
        "system_dimension" : 26,
        "timing" : {
            "system_sorting" : 2.60000000000000E-006,
            "preconditioner" : 6.30000000000000E-006,
            "matrix_solver" : 1.47000000000000E-005
        },
        "iterations" : 6,
        "residual" : {
            "max" : 8.88178419700125E-016,
            "norm" : 2.26984656101577E-015
        }
    },
    "pressure_calculations" : {
        "incompressible_rule" : {
            "max" : 6.44559578445953E-001,
            "min" : -6.48265987536082E-001
        }
    },
    "total_forces" : {
        "Cx" : 5.59001997468833E-010,
        "Cy" : -9.99200722162641E-016,
        "Cz" : 7.97972798949331E-017
    },
    "total_moments" : {
        "CMx" : -1.46063716677247E-015,
        "CMy" : -2.42861286636753E-017,
        "CMz" : -1.11022302462516E-015
    },
    "CF_sensitivities" : {
        "d_CFx" : [
                8.03887956355232E-001,
                -4.19494037578836E-002,
                -9.71272614212580E-002,
                -1.36030662432463E-001,
                -7.99485672367327E-002,
                -4.19494038541444E-002,
                -9.71272614307118E-002,
                -1.36030662398012E-001,
                -7.99485671889884E-002,
                2.51318601770534E-002,
                -1.27934886103476E-003,
                -2.30727459071314E-002,
                2.14674461614184E-003,
                2.51318600510346E-002,
                -1.27934868168889E-003,
                -2.30727460281674E-002,
                2.14674485061783E-003,
                -3.19069369069113E-001,
                -2.29154867239866E-001,
                -1.61529140907529E-001,
                -2.51531126133215E-001,
                -3.19069369746591E-001,
                -2.29154867684628E-001,
                -1.61529140363013E-001,
                -2.51531126292742E-001,
                1.82293981835988E+000,
                5.22584027072768E-012,
                2.86901188201469E-001,
                3.11392437379059E-001,
                -2.43692311037665E-003,
                -3.01918440983975E-001,
                -2.86901188286924E-001,
                -3.11392437509719E-001,
                2.43692297985817E-003,
                3.01918440901634E-001,
                -1.18970214189020E-001,
                -2.70781401557401E-001,
                -1.48822928670635E-002,
                3.09291265594895E-001,
                1.18970214080873E-001,
                2.70781401556027E-001,
                1.48822928853905E-002,
                -3.09291265730111E-001,
                -1.76127156121228E-001,
                5.12570730215571E-002,
                -2.48175637896515E-002,
                -7.01227662304732E-002,
                1.76127155079675E-001,
                -5.12570737369500E-002,
                2.48175629215099E-002,
                7.01227647991297E-002,
                -3.30008186952000E-010,
                -4.56131375470277E-011,
                2.15531004769543E-002,
                -2.38108529088889E-001,
                -4.98627508455574E-001,
                -2.55807371472747E-001,
                -2.15531005191838E-002,
                2.38108528890723E-001,
                4.98627508367974E-001,
                2.55807371403400E-001,
                1.72242869329104E-002,
                1.53264708680094E-001,
                5.34953740113328E-001,
                1.88635217542099E-001,
                -1.72242870264330E-002,
                -1.53264708768977E-001,
                -5.34953740133036E-001,
                -1.88635217660378E-001,
                2.51176721998805E-003,
                3.76189890563294E-002,
                -2.00000821551815E-001,
                5.05408649544811E-002,
                -2.51176807968400E-003,
                -3.76189901995259E-002,
                2.00000821016063E-001,
                -5.05408660087706E-002,
                -1.08026498158487E-010
            ],
        "d_CFy" : [
                -2.68491483801209E-018,
                -2.60114811694564E-001,
                -1.12170789202597E-001,
                -7.17707216522937E-005,
                1.12358041889868E-001,
                2.60114811686396E-001,
                1.12170789201848E-001,
                7.17707244565580E-005,
                -1.12358041889501E-001,
                -1.40554955969119E-001,
                -1.68051028485730E-001,
                -1.49954337180699E-004,
                1.66131826344667E-001,
                1.40554956202285E-001,
                1.68051028374287E-001,
                1.49954336450960E-004,
                -1.66131826274417E-001,
                5.31036486320289E-001,
                4.07034649214796E-001,
                1.02904311409022E-003,
                -3.85883308506907E-001,
                -5.31036486157186E-001,
                -4.07034648759543E-001,
                -1.02904262990170E-003,
                3.85883308479963E-001,
                -4.99519464251853E-011,
                2.00529538856176E-001,
                2.85112358620593E-001,
                4.98833644483415E-002,
                1.09611143010817E-001,
                5.01247257027432E-002,
                2.85112358625887E-001,
                4.98833644475049E-002,
                1.09611143007488E-001,
                5.01247256965187E-002,
                -6.50183380257929E-001,
                -3.20036934873899E-001,
                -1.34587667678646E-001,
                -3.18023206721933E-001,
                -6.50183379988678E-001,
                -3.20036934749063E-001,
                -1.34587667680413E-001,
                -3.18023206754151E-001,
                6.54201334315260E-001,
                2.55938870713668E-001,
                -2.22301941875254E-001,
                2.63419564941931E-001,
                6.54201334393225E-001,
                2.55938871119785E-001,
                -2.22301941624577E-001,
                2.63419565099397E-001,
                -2.46846001834334E-001,
                -1.55567853563472E-004,
                -1.54537213415010E-004,
                1.56653014846666E-002,
                -1.66814552383235E-005,
                -1.56684272677154E-002,
                -1.54537211641806E-004,
                1.56653014832487E-002,
                -1.66814598091564E-005,
                -1.56684272769527E-002,
                8.43438346789153E-003,
                2.07415817347298E-001,
                1.52945629188808E-004,
                -2.03632718514367E-001,
                8.43438374278370E-003,
                2.07415817516017E-001,
                1.52945626685423E-004,
                -2.03632718541746E-001,
                -1.43509230789557E-003,
                -4.72748384038439E-001,
                6.57035402775146E-003,
                4.60507566457342E-001,
                -1.43509218310529E-003,
                -4.72748383775141E-001,
                6.57035432442447E-003,
                4.60507566575785E-001,
                -1.00254890240131E-002
            ],