{
    "info" : {
        "generated_by" : "MachLine (c) 2023 USU Aerolab",
        "executed" : "Fri Jul 12 13:56:06 2024"
    },
    "mesh_info" : {
        "N_body_panels" : 48,
        "N_body_vertices" : 26,
        "N_wake_panels" : 0,
        "N_wake_filaments" : 0,
        "average_characteristic_length" : 4.76931360312427E-001,
        "max_flow_turning_angle" : 9.00000000000000E+001
    },
    "solver_results" : {
        "solver_status_code" : 0,
        "system_dimension" : 26,
        "timing" : {
            "system_sorting" : 2.20000000000000E-006,
            "preconditioner" : 5.70000000000000E-006,
            "matrix_solver" : 1.44000000000000E-005
        },
        "iterations" : 6,
        "residual" : {
            "max" : 6.66133814775094E-016,
            "norm" : 1.49671410966054E-015
        }
    },
    "pressure_calculations" : {
        "incompressible_rule" : {
            "max" : 6.41884772531145E-001,
            "min" : -6.56768724894092E-001
        }
    },
    "total_forces" : {
        "Cx" : -7.53527795716025E-012,
        "Cy" : 5.68989300120393E-016,
        "Cz" : 2.15105711021124E-016
    },
    "total_moments" : {
        "CMx" : 5.89805981832114E-017,
        "CMy" : -2.11636264069170E-016,
        "CMz" : 4.78783679369599E-016
    },
    "CF_sensitivities" : {
        "d_CFx" : [
                5.64079897869633E-001,
                -2.29247554203984E-002,
                -9.53548802800983E-002,
                -1.68610219862369E-001,
                -9.53548802800703E-002,
                -2.29247554204012E-002,
                -9.53548802800805E-002,
                -1.68610219862329E-001,
                -9.53548802800817E-002,
                5.05453185592120E-002,
                4.96594683481064E-002,
                5.05453185620515E-002,
                4.96594683480875E-002,
                5.05453185591949E-002,
                4.96594683481750E-002,
                5.05453185620737E-002,
                4.96594683481248E-002,
                -1.68610219862688E-001,
                -9.53548802808801E-002,
                -2.29247554231229E-002,
                -9.53548802809758E-002,
                -1.68610219862752E-001,
                -9.53548802812614E-002,
                -2.29247554230256E-002,
                -9.53548802808998E-002,
                5.64079897875300E-001,
                7.37873310913650E-015,
                1.38640224766188E-001,
                2.65220020838362E-001,
                -1.30673317639610E-014,
                -2.65220020838409E-001,
                -1.38640224766213E-001,
                -2.65220020838408E-001,
                -4.01495807675559E-014,
                2.65220020838372E-001,
                2.36270738155517E-001,
                -6.77220807478915E-002,
                9.86159172557463E-015,
                6.77220807477976E-002,
                -2.36270738155595E-001,
                6.77220807478585E-002,
                -2.85821595452981E-014,
                -6.77220807478785E-002,
                -4.76780681130437E-001,
                -1.68289161865925E-001,
                -3.17655829555844E-013,
                1.68289161865594E-001,
                4.76780681129966E-001,
                1.68289161865802E-001,
                -7.08437658830440E-014,
                -1.68289161866101E-001,
                -1.27387334159013E-013,
                -7.23576519550923E-015,
                -2.55015732695147E-014,
                -1.68289161862531E-001,
                -4.76780681125781E-001,
                -1.68289161862457E-001,
                -1.37408760734305E-014,
                1.68289161862429E-001,
                4.76780681125755E-001,
                1.68289161862404E-001,
                5.44143846341938E-015,
                -6.77220807512912E-002,
                2.36270738150364E-001,
                -6.77220807512858E-002,
                -5.19610112634256E-014,
                6.77220807512436E-002,
                -2.36270738150401E-001,
                6.77220807512320E-002,
                -1.85201718782454E-013,
                2.65220020841254E-001,
                1.38640224771509E-001,
                2.65220020840981E-001,
                -1.84345429684254E-013,
                -2.65220020841715E-001,
                -1.38640224771801E-001,
                -2.65220020841454E-001,
                -6.05353236547197E-014
            ],
        "d_CFy" : [
                2.10325984839934E-017,
                -2.62163387113217E-001,
                -1.12597788947734E-001,
                1.65579161808698E-015,
                1.12597788947728E-001,
                2.62163387113218E-001,
                1.12597788947736E-001,
                1.04213318846018E-015,
                -1.12597788947729E-001,
                1.05115928305445E-001,
                -3.11411899872016E-002,
                -3.07741339078040E-015,
                3.11411899871869E-002,
                -1.05115928305375E-001,
                3.11411899871550E-002,
                3.66025258991352E-015,
                -3.11411899871507E-002,
                1.16941791930103E-001,
                1.54739224035572E-001,
                -3.66235290599736E-014,
                -1.54739224035889E-001,
                -1.16941791930164E-001,
                -1.54739224035422E-001,
                3.26912061459630E-013,
                1.54739224035751E-001,
                -5.28780994772655E-014,
                1.88115367789492E-001,
                2.95475745402791E-001,
                5.07762677809461E-002,
                1.04208553723352E-001,
                5.07762677809582E-002,
                2.95475745402813E-001,
                5.07762677809601E-002,
                1.04208553723351E-001,
                5.07762677809405E-002,
                -4.60905596382963E-001,
                -2.97493126847509E-001,
                -1.35635710580276E-001,
                -2.97493126847472E-001,
                -4.60905596382838E-001,
                -2.97493126847455E-001,
                -1.35635710580277E-001,
                -2.97493126847495E-001,
                -6.33843085343236E-002,
                1.99262153443328E-001,
                1.66909354255437E-001,
                1.99262153443400E-001,
                -6.33843085342382E-002,
                1.99262153443446E-001,
                1.66909354255564E-001,
                1.99262153443462E-001,
                1.88367378934179E-001,
                2.44368327656508E-015,
                -1.02665272116997E-014,
                9.37158233729615E-003,
                7.61547806905006E-016,
                -9.37158233730079E-003,
                1.09456172424360E-014,
                9.37158233731078E-003,
                -5.62054607167673E-016,
                -9.37158233731822E-003,
                -4.09290656921968E-014,
                1.62352376284821E-001,
                -5.62742805836917E-015,
                -1.62352376284860E-001,
                5.77472097917919E-014,
                1.62352376284896E-001,
                -6.95972548331854E-015,
                -1.62352376284877E-001,
                3.31952347554232E-014,
                1.08630257979914E-002,
                -7.41854254870465E-014,
                -1.08630257980705E-002,
                7.63059422234907E-014,
                1.08630257980918E-002,
                3.19605213582951E-014,
                -1.08630257979997E-002,
                -1.27687790896225E-013
            ],