{
    "info" : {
        "generated_by" : "MachLine (c) 2023 USU Aerolab",
        "executed" : "Fri Jul 12 13:55:33 2024"
    },
    "mesh_info" : {
        "N_body_panels" : 48,
        "N_body_vertices" : 26,
        "N_wake_panels" : 0,
        "N_wake_filaments" : 0,
        "average_characteristic_length" : 4.76931360312427E-001,
        "max_flow_turning_angle" : 9.00000000000000E+001
    },
    "solver_results" : {
        "solver_status_code" : 0,
        "system_dimension" : 26,
        "timing" : {
            "system_sorting" : 2.10000000000000E-006,
            "preconditioner" : 5.00000000000000E-006,
            "matrix_solver" : 1.39000000000000E-005
        },
        "iterations" : 6,
        "residual" : {
            "max" : 6.66133814775094E-016,
            "norm" : 1.08078459220580E-015
        }
    },
    "pressure_calculations" : {
        "incompressible_rule" : {
            "max" : 6.44551912446161E-001,
            "min" : -6.48290354396968E-001
        }
    },
    "total_forces" : {
        "Cx" : 4.68471372805368E-011,
        "Cy" : -6.73072708679001E-016,
        "Cz" : -3.46944695195361E-018
    },
    "total_moments" : {
        "CMx" : 7.63278329429795E-017,
        "CMy" : 3.88578058618805E-016,
        "CMz" : -4.44089209850063E-016
    },
    "CF_sensitivities" : {
        "d_CFx" : [
                8.03870146105202E-001,
                -4.19493432729605E-002,
                -9.71298151551854E-002,
                -1.36035079213440E-001,
                -7.99506039155514E-002,
                -4.19493432910254E-002,
                -9.71298151435183E-002,
                -1.36035079166840E-001,
                -7.99506039053269E-002,
                2.51435298634799E-002,
                -1.26879847541805E-003,
                -2.30634241334469E-002,
                2.15748291191620E-003,
                2.51435298414189E-002,
                -1.26879847134376E-003,
                -2.30634241311738E-002,
                2.15748292346540E-003,
                -3.19082891883441E-001,
                -2.29163536447119E-001,
                -1.61533565261246E-001,
                -2.51540460829972E-001,
                -3.19082892027944E-001,
                -2.29163536771459E-001,
                -1.61533565438177E-001,
                -2.51540460583943E-001,
                1.82296286485537E+000,
                -3.96290464527163E-012,
                2.86886835536129E-001,
                3.11390509842964E-001,
                -2.43697423058782E-003,
                -3.01916206143179E-001,
                -2.86886835553418E-001,
                -3.11390509866105E-001,
                2.43697421046800E-003,
                3.01916206119037E-001,
                -1.18966593094075E-001,
                -2.70792451907744E-001,
                -1.48827087983846E-002,
                3.09303304527527E-001,
                1.18966593068958E-001,
                2.70792451905329E-001,
                1.48827087887663E-002,
                -3.09303304562475E-001,
                -1.76119260921765E-001,
                5.12746089071860E-002,
                -2.48183405318824E-002,
                -7.01408150356798E-002,
                1.76119260709122E-001,
                -5.12746090107900E-002,
                2.48183403429133E-002,
                7.01408147649574E-002,
                -7.54948183759385E-011,
                -1.00255104811314E-011,
                2.15536817536755E-002,
                -2.38101206309734E-001,
                -4.98628189998764E-001,
                -2.55800499221416E-001,
                -2.15536817617613E-002,
                2.38101206276745E-001,
                4.98628189976934E-001,
                2.55800499197531E-001,
                1.72247932329695E-002,
                1.53267163625359E-001,
                5.34977341487827E-001,
                1.88638496537217E-001,
                -1.72247932586294E-002,
                -1.53267163641742E-001,
                -5.34977341505080E-001,
                -1.88638496560259E-001,
                2.51184979272458E-003,
                3.76091656930267E-002,
                -2.00031825074420E-001,
                5.05314659119225E-002,
                -2.51184998905021E-003,
                -3.76091659003705E-002,
                2.00031824936564E-001,
                -5.05314661804045E-002,
                -2.71895390083361E-011
            ],
        "d_CFy" : [
                -1.75262355941680E-016,
                -2.60109146596693E-001,
                -1.12160749699894E-001,
                -7.17666604481585E-005,
                1.12347955946302E-001,
                2.60109146596668E-001,
                1.12160749700572E-001,
                7.17666612749991E-005,
                -1.12347955947485E-001,
                -1.40558906844364E-001,
                -1.68056586813891E-001,
                -1.49922838200906E-004,
                1.66137404130506E-001,
                1.40558906902251E-001,
                1.68056586794561E-001,
                1.49922837907094E-004,
                -1.66137404114523E-001,
                5.31034886232346E-001,
                4.07035103930075E-001,
                1.02895631906734E-003,
                -3.85883032687714E-001,
                -5.31034886192853E-001,
                -4.07035103769144E-001,
                -1.02895621709483E-003,
                3.85883032692754E-001,
                -1.64222505006622E-011,
                2.00512675379381E-001,
                2.85121908071518E-001,
                4.98789092516823E-002,
                1.09609046846790E-001,
                5.01203341743176E-002,
                2.85121908072715E-001,
                4.98789092514127E-002,
                1.09609046845927E-001,
                5.01203341731551E-002,
                -6.50180370702875E-001,
                -3.20030694381523E-001,
                -1.34588330129330E-001,
                -3.18016830397894E-001,
                -6.50180370648286E-001,
                -3.20030694367379E-001,
                -1.34588330129873E-001,
                -3.18016830404738E-001,
                6.54220071386844E-001,
                2.55941718968633E-001,
                -2.22315386158143E-001,
                2.63422779728176E-001,
                6.54220071425509E-001,
                2.55941719036400E-001,
                -2.22315386101007E-001,
                2.63422779731035E-001,
                -2.46878989211692E-001,
                -1.55520280583643E-004,
                -1.54644615718809E-004,
                1.56658509236748E-002,
                -1.66276762034299E-005,
                -1.56689890045951E-002,
                -1.54644615195287E-004,
                1.56658509232701E-002,
                -1.66276769253206E-005,
                -1.56689890057758E-002,
                8.43481736340213E-003,
                2.07411000654842E-001,
                1.52920642410795E-004,
                -2.03627819154718E-001,
                8.43481742263463E-003,
                2.07411000693645E-001,
                1.52920642077568E-004,
                -2.03627819163120E-001,
                -1.43509924942936E-003,
                -4.72767334648854E-001,
                6.57040388189263E-003,
                4.60526138760378E-001,
                -1.43509922363581E-003,
                -4.72767334609030E-001,
                6.57040391336809E-003,
                4.60526138771039E-001,
                -1.00257157841270E-002
            ],