{
    "info" : {
        "generated_by" : "MachLine (c) 2023 USU Aerolab",
        "executed" : "Fri Jul 12 13:55:14 2024"
    },
    "mesh_info" : {
        "N_body_panels" : 48,
        "N_body_vertices" : 26,
        "N_wake_panels" : 0,
        "N_wake_filaments" : 0,
        "average_characteristic_length" : 4.76931360312427E-001,
        "max_flow_turning_angle" : 9.00000000000000E+001
    },
    "solver_results" : {
        "solver_status_code" : 0,
        "system_dimension" : 26,
        "timing" : {
            "system_sorting" : 2.80000000000000E-006,
            "preconditioner" : 5.80000000000000E-006,
            "matrix_solver" : 1.51000000000000E-005
        },
        "iterations" : 6,
        "residual" : {
            "max" : 1.11022302462516E-015,
            "norm" : 1.67916274255216E-015
        }
    },
    "pressure_calculations" : {
        "incompressible_rule" : {
            "max" : 6.44561700689770E-001,
            "min" : -6.48259248340189E-001
        }
    },
    "total_forces" : {
        "Cx" : 4.60612908925739E-010,
        "Cy" : -8.32667268468867E-016,
        "Cz" : -4.47558656802016E-016
    },
    "total_moments" : {
        "CMx" : -1.21274518205539E-014,
        "CMy" : 5.20417042793042E-016,
        "CMz" : -7.49400541621981E-016
    },
    "CF_sensitivities" : {
        "d_CFx" : [
                8.03893073093102E-001,
                -4.20090090495228E-002,
                -9.72058668366564E-002,
                -1.36089016202504E-001,
                -7.99874973756228E-002,
                -4.20090085421547E-002,
                -9.72058666335409E-002,
                -1.36089016818153E-001,
                -7.99874980039369E-002,
                2.50906184405806E-002,
                -1.28848375800028E-003,
                -2.30859309787257E-002,
                2.15084572673030E-003,
                2.50906179487154E-002,
                -1.28848270210802E-003,
                -2.30859312296865E-002,
                2.15084619899875E-003,
                -3.19424148109112E-001,
                -2.29493524141567E-001,
                -1.61886432611142E-001,
                -2.51902342774874E-001,
                -3.19424148055195E-001,
                -2.29493529119339E-001,
                -1.61886432585307E-001,
                -2.51902339482055E-001,
                1.82293380930772E+000,
                -2.49562348405224E-011,
                2.86929730122259E-001,
                3.11460762823979E-001,
                -2.18238543120420E-003,
                -3.01883077528929E-001,
                -2.86929730531892E-001,
                -3.11460763729024E-001,
                2.18238410878692E-003,
                3.01883076782168E-001,
                -1.18971915660189E-001,
                -2.70823312791220E-001,
                -1.46738916719758E-002,
                3.09413785126646E-001,
                1.18971914955969E-001,
                2.70823312479742E-001,
                1.46738914792889E-002,
                -3.09413786288029E-001,
                -1.76342724154600E-001,
                5.13132071278404E-002,
                -2.42897804490616E-002,
                -6.96797952387517E-002,
                1.76342717102851E-001,
                -5.13132106535025E-002,
                2.42897735723723E-002,
                6.96797859129973E-002,
                -2.39912959536189E-009,
                -3.00221012171348E-010,
                2.16506253084710E-002,
                -2.38142805433101E-001,
                -4.98651072185557E-001,
                -2.55809430947284E-001,
                -2.16506255702832E-002,
                2.38142804061781E-001,
                4.98651071352279E-001,
                2.55809430282371E-001,
                1.71325148226530E-002,
                1.53302777434640E-001,
                5.34993319911977E-001,
                1.88760341722122E-001,
                -1.71325157135988E-002,
                -1.53302777463078E-001,
                -5.34993320098201E-001,
                -1.88760342448702E-001,
                2.70663482889658E-003,
                3.80254989699992E-002,
                -1.99836103648494E-001,
                5.05590492630249E-002,
                -2.70664071898057E-003,
                -3.80255075037191E-002,
                1.99836096058533E-001,
                -5.05590540830932E-002,
                -1.23852345882167E-009
            ],
        "d_CFy" : [
                -7.04842162108969E-017,
                -2.60116398862421E-001,
                -1.12173829140961E-001,
                -7.17722706971564E-005,
                1.12360598150095E-001,
                2.60116398871366E-001,
                1.12173829165982E-001,
                7.17722701131856E-005,
                -1.12360598144386E-001,
                -1.40723560628374E-001,
                -1.68050344748692E-001,
                -1.49921398798950E-004,
                1.66129413743951E-001,
                1.40723562409873E-001,
                1.68050344051748E-001,
                1.49921394863521E-004,
                -1.66129413154239E-001,
                5.31036982258378E-001,
                4.07034296698710E-001,
                1.02899387426605E-003,
                -3.85883677474853E-001,
                -5.31036981150597E-001,
                -4.07034292054330E-001,
                -1.02899144479488E-003,
                3.85883675903458E-001,
                -2.80103258717342E-010,
                2.00534145558301E-001,
                2.85110147519446E-001,
                4.98912682521785E-002,
                1.09619503117939E-001,
                5.01271463763928E-002,
                2.85110147548317E-001,
                4.98912682357556E-002,
                1.09619503091660E-001,
                5.01271463506113E-002,
                -6.50181032071806E-001,
                -3.20038666690183E-001,
                -1.34588484118949E-001,
                -3.18025299964651E-001,
                -6.50181029801875E-001,
                -3.20038665976862E-001,
                -1.34588484129427E-001,
                -3.18025300211256E-001,
                6.53984052568845E-001,
                2.55914019325970E-001,
                -2.22527057304842E-001,
                2.63419296186404E-001,
                6.53984054201809E-001,
                2.55914021128910E-001,
                -2.22527055438546E-001,
                2.63419296041812E-001,
                -2.46836999604072E-001,
                -1.49493661475401E-004,
                -1.51399926962539E-004,
                1.56602180431747E-002,
                -1.76677932658045E-005,
                -1.56619367150294E-002,
                -1.51399901113026E-004,
                1.56602180378786E-002,
                -1.76678200416108E-005,
                -1.56619367561988E-002,
                8.46595704926611E-003,
                2.07416223415632E-001,
                1.52952987788594E-004,
                -2.03610032973295E-001,
                8.46595913876717E-003,
                2.07416224725299E-001,
                1.52952979064442E-004,
                -2.03610033044056E-001,
                -1.89426361531406E-003,
                -4.72467556592799E-001,
                6.58730642917264E-003,
                4.60216746695438E-001,
                -1.89426288668511E-003,
                -4.72467554216449E-001,
                6.58730819527724E-003,
                4.60216747187767E-001,
                -9.35268350800766E-003
            ],