{
    "info" : {
        "generated_by" : "MachLine (c) 2023 USU Aerolab",
        "executed" : "Fri Jul 12 13:56:20 2024"
    },
    "mesh_info" : {
        "N_body_panels" : 48,
        "N_body_vertices" : 26,
        "N_wake_panels" : 0,
        "N_wake_filaments" : 0,
        "average_characteristic_length" : 4.76931360312427E-001,
        "max_flow_turning_angle" : 9.00000000000000E+001
    },
    "solver_results" : {
        "solver_status_code" : 0,
        "system_dimension" : 26,
        "timing" : {
            "system_sorting" : 2.00000000000000E-006,
            "preconditioner" : 5.60000000000000E-006,
            "matrix_solver" : 1.35000000000000E-005
        },
        "iterations" : 6,
        "residual" : {
            "max" : 6.66133814775094E-016,
            "norm" : 1.42706918943816E-015
        }
    },
    "pressure_calculations" : {
        "incompressible_rule" : {
            "max" : 6.24676880959447E-001,
            "min" : -7.09135348129839E-001
        }
    },
    "total_forces" : {
        "Cx" : -8.31158752934158E-012,
        "Cy" : 5.06539254985228E-016,
        "Cz" : 2.28983498828939E-016
    },
    "total_moments" : {
        "CMx" : 8.67361737988404E-017,
        "CMy" : 1.42247325030098E-016,
        "CMz" : 2.98372437868011E-016
    },
    "CF_sensitivities" : {
        "d_CFx" : [
                5.18564729219743E-001,
                -2.64657567645229E-002,
                -1.04145783488079E-001,
                -1.81286884297987E-001,
                -1.04145783488078E-001,
                -2.64657567645235E-002,
                -1.04145783488078E-001,
                -1.81286884297987E-001,
                -1.04145783488077E-001,
                7.83173823603134E-002,
                7.84444610669315E-002,
                7.83173823634453E-002,
                7.84444610669279E-002,
                7.83173823603118E-002,
                7.84444610669333E-002,
                7.83173823634464E-002,
                7.84444610669319E-002,
                -1.81286884297589E-001,
                -1.04145783488917E-001,
                -2.64657567667954E-002,
                -1.04145783488938E-001,
                -1.81286884297611E-001,
                -1.04145783488949E-001,
                -2.64657567668088E-002,
                -1.04145783488926E-001,
                5.18564729227881E-001,
                1.79169730674041E-014,
                9.38505961782269E-002,
                2.55387432011019E-001,
                7.97366368721704E-015,
                -2.55387432011012E-001,
                -9.38505961782296E-002,
                -2.55387432011017E-001,
                1.62285908608480E-015,
                2.55387432011014E-001,
                2.67073897074110E-001,
                -7.85576631982100E-002,
                -8.23872141338908E-015,
                7.85576631981852E-002,
                -2.67073897074134E-001,
                7.85576631981944E-002,
                -7.73323642483509E-015,
                -7.85576631982073E-002,
                -4.70738750733550E-001,
                -1.44524342260632E-001,
                -3.06828666671117E-014,
                1.44524342260605E-001,
                4.70738750733530E-001,
                1.44524342260617E-001,
                -5.96135201725473E-015,
                -1.44524342260649E-001,
                1.03513601936830E-015,
                1.62085955211239E-014,
                -3.21530229148105E-015,
                -1.44524342257025E-001,
                -4.70738750729561E-001,
                -1.44524342257020E-001,
                -1.67810087408882E-015,
                1.44524342257027E-001,
                4.70738750729571E-001,
                1.44524342257023E-001,
                -6.40060412708773E-015,
                -7.85576632010165E-002,
                2.67073897070008E-001,
                -7.85576632010209E-002,
                -1.35774191751835E-014,
                7.85576632009965E-002,
                -2.67073897070023E-001,
                7.85576632010007E-002,
                -1.03825333498057E-014,
                2.55387432014039E-001,
                9.38505961837333E-002,
                2.55387432014018E-001,
                -1.04893118731116E-014,
                -2.55387432014074E-001,
                -9.38505961837660E-002,
                -2.55387432014049E-001,
                1.74352706967872E-014
            ],
        "d_CFy" : [
                4.60406556125832E-017,
                -2.52502107873662E-001,
                -8.96693799572372E-002,
                5.08458988640201E-016,
                8.96693799572380E-002,
                2.52502107873663E-001,
                8.96693799572381E-002,
                4.43840539160065E-016,
                -8.96693799572378E-002,
                1.16798547295959E-001,
                -3.24321928677024E-002,
                1.46349329235575E-016,
                3.24321928677007E-002,
                -1.16798547295952E-001,
                3.24321928676981E-002,
                -1.52023108632435E-016,
                -3.24321928676976E-002,
                7.29924651085951E-002,
                1.43661634202862E-001,
                -2.01801858888419E-014,
                -1.43661634202869E-001,
                -7.29924651085854E-002,
                -1.43661634202861E-001,
                3.02933283681793E-014,
                1.43661634202876E-001,
                -3.06171772145057E-015,
                1.37762886027438E-001,
                3.14435774825863E-001,
                4.43849949482691E-002,
                9.87075439089088E-002,
                4.43849949482861E-002,
                3.14435774825888E-001,
                4.43849949482858E-002,
                9.87075439089089E-002,
                4.43849949482691E-002,
                -4.29884412843130E-001,
                -2.86831064703955E-001,
                -1.34652219001007E-001,
                -2.86831064703943E-001,
                -4.29884412843131E-001,
                -2.86831064703944E-001,
                -1.34652219001007E-001,
                -2.86831064703952E-001,
                -8.12005156923545E-002,
                2.08990943819830E-001,
                1.62638117669031E-001,
                2.08990943819822E-001,
                -8.12005156923739E-002,
                2.08990943819830E-001,
                1.62638117669041E-001,
                2.08990943819840E-001,
                1.35969039981255E-001,
                6.04984812246921E-017,
                -1.07084480172048E-014,
                7.77610184361163E-003,
                -8.20367543909848E-017,
                -7.77610184361130E-003,
                1.27266903612866E-014,
                7.77610184362917E-003,
                -4.41849735354009E-016,
                -7.77610184362762E-003,
                3.88231113923610E-015,
                1.51118483520555E-001,
                -5.03980711939027E-016,
                -1.51118483520560E-001,
                2.74628410290579E-016,
                1.51118483520571E-001,
                -7.97061895043576E-016,
                -1.51118483520571E-001,
                9.46443444449496E-015,
                1.55558316177412E-003,
                -6.81316022137906E-015,
                -1.55558316178289E-003,
                -1.24734571562107E-014,
                1.55558316176693E-003,
                8.18489281000772E-015,
                -1.55558316176480E-003,
                -1.52343415660283E-014
            ],