{
    "info" : {
        "generated_by" : "MachLine (c) 2023 USU Aerolab",
        "executed" : "Fri Jul 12 13:54:44 2024"
    },
    "mesh_info" : {
        "N_body_panels" : 48,
        "N_body_vertices" : 26,
        "N_wake_panels" : 0,
        "N_wake_filaments" : 0,
        "average_characteristic_length" : 4.76931360312427E-001,
        "max_flow_turning_angle" : 9.00000000000000E+001
    },
    "solver_results" : {
        "solver_status_code" : 0,
        "system_dimension" : 26,
        "timing" : {
            "system_sorting" : 1.90000000000000E-006,
            "preconditioner" : 6.00000000000000E-006,
            "matrix_solver" : 1.42000000000000E-005
        },
        "iterations" : 6,
        "residual" : {
            "max" : 8.88178419700125E-016,
            "norm" : 2.95632258574057E-015
        }
    },
    "pressure_calculations" : {
        "incompressible_rule" : {
            "max" : 6.44562486887017E-001,
            "min" : -6.48258283332029E-001
        }
    },
    "total_forces" : {
        "Cx" : 7.42743867798712E-008,
        "Cy" : 1.15879528195251E-015,
        "Cz" : 3.98986399474666E-016
    },
    "total_moments" : {
        "CMx" : -3.62779424556425E-012,
        "CMy" : -4.78783679369599E-016,
        "CMz" : 1.24900090270330E-015
    },
    "CF_sensitivities" : {
        "d_CFx" : [
                8.42882905824503E-001,
                -4.27876408994398E-002,
                -1.07860027590401E-001,
                -1.52918153770351E-001,
                -8.68961371875443E-002,
                -4.27874733563633E-002,
                -1.07860110196559E-001,
                -1.52917839549022E-001,
                -8.68962276004347E-002,
                1.66426017555759E-002,
                -1.88623991400516E-003,
                -1.57831749630231E-002,
                1.28210586371069E-003,
                1.66423028829394E-002,
                -1.88614321699276E-003,
                -1.57832207644872E-002,
                1.28230644509486E-003,
                -3.41542944585037E-001,
                -2.54020293818062E-001,
                -1.91036757186717E-001,
                -2.78143312645426E-001,
                -3.41542336103292E-001,
                -2.54020585567546E-001,
                -1.91037008582507E-001,
                -2.78142078138054E-001,
                2.06700150887549E+000,
                -4.36308688051401E-008,
                2.79185035060243E-001,
                3.27550516652678E-001,
                -6.33788329713137E-004,
                -3.13508186648117E-001,
                -2.79185264824051E-001,
                -3.27550824829364E-001,
                6.33526465727674E-004,
                3.13507878275638E-001,
                -1.31316596901226E-001,
                -2.96715871959467E-001,
                -1.44498617744764E-002,
                3.17862937674959E-001,
                1.31316339913393E-001,
                2.96715817161774E-001,
                1.44498535026577E-002,
                -3.17863259196997E-001,
                -1.70048478536828E-001,
                4.98523818721190E-002,
                -2.27670530508253E-002,
                -6.52915973411407E-002,
                1.70045972465439E-001,
                -4.98537506654663E-002,
                2.27648543965048E-002,
                6.52889835549105E-002,
                -1.28076519451009E-006,
                -4.77874132249777E-008,
                1.97058900997102E-002,
                -2.42985577660094E-001,
                -5.29610623282418E-001,
                -2.56021285332314E-001,
                -1.97060364440143E-002,
                2.42985101433205E-001,
                5.29610362317355E-001,
                2.56021036003217E-001,
                1.66943115622407E-002,
                1.74226368990977E-001,
                5.63942163455416E-001,
                1.92361167370411E-001,
                -1.66945444124543E-002,
                -1.74226537629234E-001,
                -5.63942258946694E-001,
                -1.92361554433822E-001,
                6.48481216074708E-004,
                3.46320272190008E-002,
                -1.90543156416151E-001,
                5.07182285633658E-002,
                -6.50505453068108E-004,
                -3.46344264886729E-002,
                1.90541236407015E-001,
                -5.07206120339536E-002,
                1.85912008836915E-007
            ],
        "d_CFy" : [
                -4.74658103551912E-017,
                -2.59506291808663E-001,
                -1.12165657842310E-001,
                -2.85067555784368E-005,
                1.12285892697890E-001,
                2.59506282670330E-001,
                1.12165659241599E-001,
                2.85212641580389E-005,
                -1.12285890655766E-001,
                -1.32106139270994E-001,
                -1.75634487333034E-001,
                -1.48055971903992E-004,
                1.74774298609429E-001,
                1.32106507523886E-001,
                1.75634225969968E-001,
                1.48057336189094E-004,
                -1.74774134371577E-001,
                5.26517597068836E-001,
                4.20544903519041E-001,
                1.39215374725315E-003,
                -4.07803500436119E-001,
                -5.26517975721200E-001,
                -4.20543564444845E-001,
                -1.39067032269491E-003,
                4.07802444778807E-001,
                -1.65842610976401E-007,
                2.00415915442629E-001,
                2.83899916398900E-001,
                5.02481487321813E-002,
                1.09962047415409E-001,
                5.03942200970348E-002,
                2.83899927447827E-001,
                5.02481430077035E-002,
                1.09962039362014E-001,
                5.03942035064355E-002,
                -6.27768184937942E-001,
                -3.37887432185430E-001,
                -1.34703631816055E-001,
                -3.37073489257259E-001,
                -6.27767569472044E-001,
                -3.37887252379145E-001,
                -1.34703636849250E-001,
                -3.37073545474303E-001,
                6.26816099880512E-001,
                2.77357252335128E-001,
                -2.30411399928986E-001,
                2.88222882483180E-001,
                6.26816313595292E-001,
                2.77357963890152E-001,
                -2.30410814609394E-001,
                2.88223235505228E-001,
                -2.38533076233673E-001,
                -5.30105277010776E-005,
                -1.69197437101073E-004,
                1.58449687086395E-002,
                5.71276691385237E-006,
                -1.59418956468945E-002,
                -1.69192784027439E-004,
                1.58449647415989E-002,
                5.70418935731859E-006,
                -1.59419108619233E-002,
                7.58297935876225E-003,
                2.15976703396284E-001,
                1.39877957998203E-004,
                -2.14524384813475E-001,
                7.58357756122355E-003,
                2.15977010227424E-001,
                1.39871602114914E-004,
                -2.14524361240830E-001,
                -1.46431719984363E-003,
                -4.89872120967189E-001,
                2.42681861216065E-003,
                4.81939826847558E-001,
                -1.46401195893761E-003,
                -4.89871411034129E-001,
                2.42732979381148E-003,
                4.81940091352876E-001,
                -3.84155750660195E-003
            ],