{
    "info" : {
        "generated_by" : "MachLine (c) 2023 USU Aerolab",
        "executed" : "Fri Jul 12 13:56:09 2024"
    },
    "mesh_info" : {
        "N_body_panels" : 48,
        "N_body_vertices" : 26,
        "N_wake_panels" : 0,
        "N_wake_filaments" : 0,
        "average_characteristic_length" : 4.76931360312427E-001,
        "max_flow_turning_angle" : 9.00000000000000E+001
    },
    "solver_results" : {
        "solver_status_code" : 0,
        "system_dimension" : 26,
        "timing" : {
            "system_sorting" : 1.10000000000000E-005,
            "preconditioner" : 5.60000000000000E-006,
            "matrix_solver" : 1.45000000000000E-005
        },
        "iterations" : 6,
        "residual" : {
            "max" : 6.66133814775094E-016,
            "norm" : 1.58840057145416E-015
        }
    },
    "pressure_calculations" : {
        "incompressible_rule" : {
            "max" : 6.40183955794580E-001,
            "min" : -6.62138097899965E-001
        }
    },
    "total_forces" : {
        "Cx" : -7.53844209278043E-012,
        "Cy" : -5.48172618408671E-016,
        "Cz" : 9.92261828258734E-016
    },
    "total_moments" : {
        "CMx" : -2.51534904016637E-017,
        "CMy" : -7.66747776381749E-016,
        "CMz" : -6.10622663543836E-016
    },
    "CF_sensitivities" : {
        "d_CFx" : [
                5.58609935105034E-001,
                -2.30130016826119E-002,
                -9.60342807718753E-002,
                -1.69801594770877E-001,
                -9.60342807718871E-002,
                -2.30130016826225E-002,
                -9.60342807718783E-002,
                -1.69801594770884E-001,
                -9.60342807718954E-002,
                5.31949450474940E-002,
                5.23832453964495E-002,
                5.31949450503382E-002,
                5.23832453964372E-002,
                5.31949450474773E-002,
                5.23832453964679E-002,
                5.31949450503588E-002,
                5.23832453964568E-002,
                -1.69801594770868E-001,
                -9.60342807727442E-002,
                -2.30130016849170E-002,
                -9.60342807728570E-002,
                -1.69801594771022E-001,
                -9.60342807729025E-002,
                -2.30130016849913E-002,
                -9.60342807726879E-002,
                5.58609935110983E-001,
                1.12291198064321E-014,
                1.34560936805047E-001,
                2.64471810621636E-001,
                -2.11643794001098E-015,
                -2.64471810621674E-001,
                -1.34560936805069E-001,
                -2.64471810621666E-001,
                -2.82228524855353E-014,
                2.64471810621649E-001,
                2.39331585422554E-001,
                -6.87516820347687E-002,
                7.04534334072480E-015,
                6.87516820347302E-002,
                -2.39331585422611E-001,
                6.87516820347667E-002,
                -1.02689278428263E-014,
                -6.87516820347802E-002,
                -4.76621603135497E-001,
                -1.66200637322325E-001,
                -1.84763867040627E-013,
                1.66200637322156E-001,
                4.76621603135244E-001,
                1.66200637322229E-001,
                -4.83440029210517E-014,
                -1.66200637322443E-001,
                -4.32775624988371E-014,
                1.43263939980794E-014,
                -9.33940092702868E-015,
                -1.66200637318847E-001,
                -4.76621603131159E-001,
                -1.66200637318829E-001,
                -9.70657512139249E-015,
                1.66200637318815E-001,
                4.76621603131141E-001,
                1.66200637318809E-001,
                2.84261347186192E-015,
                -6.87516820381372E-002,
                2.39331585417588E-001,
                -6.87516820381419E-002,
                -3.55145578145071E-014,
                6.87516820381072E-002,
                -2.39331585417626E-001,
                6.87516820380811E-002,
                -6.58500992845521E-014,
                2.64471810624662E-001,
                1.34560936810370E-001,
                2.64471810624492E-001,
                -1.35432280064225E-013,
                -2.64471810624897E-001,
                -1.34560936810559E-001,
                -2.64471810624738E-001,
                -5.84428485106476E-014
            ],
        "d_CFy" : [
                -3.31052075495658E-017,
                -2.61086452671759E-001,
                -1.10320539863668E-001,
                2.28308806152670E-016,
                1.10320539863674E-001,
                2.61086452671759E-001,
                1.10320539863669E-001,
                2.64737999148183E-016,
                -1.10320539863674E-001,
                1.06295097433209E-001,
                -3.13226970177889E-002,
                2.48827518006810E-015,
                3.13226970177685E-002,
                -1.06295097433160E-001,
                3.13226970177658E-002,
                -1.40097485307191E-015,
                -3.13226970177581E-002,
                1.12698459251004E-001,
                1.53540152567783E-001,
                -9.27610993626819E-014,
                -1.53540152567679E-001,
                -1.12698459250991E-001,
                -1.53540152567655E-001,
                1.18438014390542E-013,
                1.53540152567578E-001,
                -2.13684884167981E-014,
                1.83928206212992E-001,
                2.97250342801476E-001,
                4.99704930345635E-002,
                1.03817314887097E-001,
                4.99704930345798E-002,
                2.97250342801498E-001,
                4.99704930345784E-002,
                1.03817314887096E-001,
                4.99704930345634E-002,
                -4.58012059571579E-001,
                -2.96428023597654E-001,
                -1.35602589736257E-001,
                -2.96428023597627E-001,
                -4.58012059571517E-001,
                -2.96428023597621E-001,
                -1.35602589736258E-001,
                -2.96428023597642E-001,
                -6.56097896978082E-002,
                2.00146467490018E-001,
                1.66774595061377E-001,
                2.00146467490045E-001,
                -6.56097896977837E-002,
                2.00146467490106E-001,
                1.66774595061446E-001,
                2.00146467490084E-001,
                1.84080418590031E-001,
                1.14264066958247E-015,
                -1.01897656978878E-014,
                9.45924857174110E-003,
                9.47467992829503E-016,
                -9.45924857173625E-003,
                1.13576682780892E-014,
                9.45924857175626E-003,
                -2.89319122997814E-017,
                -9.45924857175232E-003,
                -2.68951527715444E-014,
                1.61203763712459E-001,
                3.33642148697011E-015,
                -1.61203763712499E-001,
                2.80024484503039E-014,
                1.61203763712502E-001,
                2.10367133369315E-015,
                -1.61203763712513E-001,
                2.17798869217578E-014,
                1.03351532781304E-002,
                -3.13524354689511E-014,
                -1.03351532781781E-002,
                2.34675018133401E-014,
                1.03351532781889E-002,
                2.04549025928648E-014,
                -1.03351532781328E-002,
                -7.84719511592868E-014
            ],