{
    "info" : {
        "generated_by" : "MachLine (c) 2023 USU Aerolab",
        "executed" : "Fri Jul 12 13:56:33 2024"
    },
    "mesh_info" : {
        "N_body_panels" : 48,
        "N_body_vertices" : 26,
        "N_wake_panels" : 0,
        "N_wake_filaments" : 0,
        "average_characteristic_length" : 4.76931360312427E-001,
        "max_flow_turning_angle" : 9.00000000000000E+001
    },
    "solver_results" : {
        "solver_status_code" : 0,
        "system_dimension" : 26,
        "timing" : {
            "system_sorting" : 2.30000000000000E-006,
            "preconditioner" : 5.20000000000000E-006,
            "matrix_solver" : 1.32000000000000E-005
        },
        "iterations" : 7,
        "residual" : {
            "max" : 4.21884749357559E-015,
            "norm" : 1.09480882018245E-014
        }
    },
    "pressure_calculations" : {
        "incompressible_rule" : {
            "max" : 5.65509191835097E-001,
            "min" : -8.43851311444893E-001
        }
    },
    "total_forces" : {
        "Cx" : -1.37187206039613E-011,
        "Cy" : 4.56579218877096E-015,
        "Cz" : 4.43395320459672E-015
    },
    "total_moments" : {
        "CMx" : 1.86482773667507E-016,
        "CMy" : -4.86416462663897E-015,
        "CMz" : 4.71844785465692E-015
    },
    "CF_sensitivities" : {
        "d_CFx" : [
                5.33143665867881E-001,
                -1.02929804003287E-001,
                -1.84760432429967E-001,
                -2.21978229940763E-001,
                -1.84760432429966E-001,
                -1.02929804003291E-001,
                -1.84760432429969E-001,
                -2.21978229940756E-001,
                -1.84760432429965E-001,
                2.08577846043431E-001,
                2.19279219820717E-001,
                2.08577846045814E-001,
                2.19279219820715E-001,
                2.08577846043432E-001,
                2.19279219820722E-001,
                2.08577846045809E-001,
                2.19279219820714E-001,
                -2.21978229938810E-001,
                -1.84760432430275E-001,
                -1.02929804005677E-001,
                -1.84760432430274E-001,
                -2.21978229938807E-001,
                -1.84760432430281E-001,
                -1.02929804005682E-001,
                -1.84760432430287E-001,
                5.33143665888849E-001,
                2.70562711402438E-014,
                -1.65113124161946E-001,
                1.66615346781136E-001,
                2.24229317990272E-014,
                -1.66615346781117E-001,
                1.65113124161939E-001,
                -1.66615346781122E-001,
                2.08060745518684E-014,
                1.66615346781137E-001,
                3.59990172206665E-001,
                -1.30749626327610E-001,
                -1.80819861492569E-014,
                1.30749626327584E-001,
                -3.59990172206687E-001,
                1.30749626327585E-001,
                -1.66377332078589E-014,
                -1.30749626327601E-001,
                -3.29388449668696E-001,
                1.48935080881729E-002,
                -7.10965102115707E-015,
                -1.48935080881656E-002,
                3.29388449668717E-001,
                -1.48935080881603E-002,
                -3.82571731848521E-015,
                1.48935080881682E-002,
                7.97462387575882E-015,
                2.45555799953087E-014,
                -1.40717499727420E-015,
                1.48935080915311E-002,
                -3.29388449665470E-001,
                1.48935080915342E-002,
                -7.88033556203259E-016,
                -1.48935080915138E-002,
                3.29388449665504E-001,
                -1.48935080915153E-002,
                -1.56292379058000E-014,
                -1.30749626326903E-001,
                3.59990172208973E-001,
                -1.30749626326900E-001,
                -1.60633998292038E-014,
                1.30749626326876E-001,
                -3.59990172208996E-001,
                1.30749626326888E-001,
                1.59684370853708E-014,
                1.66615346784121E-001,
                -1.65113124158321E-001,
                1.66615346784116E-001,
                1.59216963818553E-014,
                -1.66615346784117E-001,
                1.65113124158309E-001,
                -1.66615346784115E-001,
                7.96381333777336E-015
            ],
        "d_CFy" : [
                3.91353415161912E-015,
                -2.42620763644302E-001,
                -2.00804104260488E-003,
                4.33596628759570E-015,
                2.00804104260865E-003,
                2.42620763644299E-001,
                2.00804104260965E-003,
                4.64648178979555E-015,
                -2.00804104261232E-003,
                1.64816355318465E-001,
                -2.56841133537080E-002,
                -3.19148294606712E-016,
                2.56841133537067E-002,
                -1.64816355318463E-001,
                2.56841133537077E-002,
                5.89846806805137E-016,
                -2.56841133537120E-002,
                -1.30670120930602E-001,
                1.33447501784286E-001,
                -2.12279325156426E-015,
                -1.33447501784284E-001,
                1.30670120930587E-001,
                -1.33447501784277E-001,
                4.70507834988048E-015,
                1.33447501784269E-001,
                3.77226323623819E-015,
                -2.03006444869368E-001,
                3.27837587670688E-001,
                6.34043395636644E-002,
                4.31514985688848E-002,
                6.34043395636817E-002,
                3.27837587670740E-001,
                6.34043395636894E-002,
                4.31514985688825E-002,
                6.34043395636729E-002,
                -2.23755487434723E-001,
                -2.33777356454403E-001,
                -1.07578957018636E-001,
                -2.33777356454365E-001,
                -2.23755487434771E-001,
                -2.33777356454366E-001,
                -1.07578957018627E-001,
                -2.33777356454399E-001,
                -4.12714578410940E-002,
                2.46368973577064E-001,
                9.07167842673930E-002,
                2.46368973577039E-001,
                -4.12714578410991E-002,
                2.46368973577022E-001,
                9.07167842673912E-002,
                2.46368973577055E-001,
                -2.79177318301011E-001,
                2.09467859724126E-016,
                -2.73340378109666E-014,
                -3.86550903130233E-002,
                2.36775750188690E-015,
                3.86550903130232E-002,
                3.38093268659189E-014,
                -3.86550903130216E-002,
                -4.94729131066456E-015,
                3.86550903130230E-002,
                2.71831168685565E-014,
                1.07905581006507E-001,
                -1.09827441587433E-015,
                -1.07905581006511E-001,
                -2.48351686438220E-014,
                1.07905581006548E-001,
                -3.28363708444323E-015,
                -1.07905581006550E-001,
                1.32532873564615E-015,
                -1.11618936636844E-001,
                -4.12239806942691E-015,
                1.11618936636846E-001,
                3.55618312573983E-017,
                -1.11618936636869E-001,
                3.30274122702763E-015,
                1.11618936636874E-001,
                -3.09474668114271E-015
            ],