{
    "info" : {
        "generated_by" : "MachLine (c) 2023 USU Aerolab",
        "executed" : "Fri Jul 12 13:54:29 2024"
    },
    "mesh_info" : {
        "N_body_panels" : 48,
        "N_body_vertices" : 26,
        "N_wake_panels" : 0,
        "N_wake_filaments" : 0,
        "average_characteristic_length" : 4.76931360312427E-001,
        "max_flow_turning_angle" : 9.00000000000000E+001
    },
    "solver_results" : {
        "solver_status_code" : 0,
        "system_dimension" : 26,
        "timing" : {
            "system_sorting" : 1.13000000000000E-005,
            "preconditioner" : 5.60000000000000E-006,
            "matrix_solver" : 1.41000000000000E-005
        },
        "iterations" : 6,
        "residual" : {
            "max" : 3.12326193064080E-014,
            "norm" : 7.38003631461175E-014
        }
    },
    "pressure_calculations" : {
        "incompressible_rule" : {
            "max" : 6.44563975703451E-001,
            "min" : -6.48258924407766E-001
        }
    },
    "total_forces" : {
        "Cx" : 1.64389408919691E-005,
        "Cy" : 2.35922392732846E-016,
        "Cz" : 1.34961486430996E-015
    },
    "total_moments" : {
        "CMx" : -4.31517252486024E-011,
        "CMy" : -8.95117313604032E-016,
        "CMz" : 5.13478148889135E-016
    },
    "CF_sensitivities" : {
        "d_CFx" : [
                8.42881490559470E-001,
                -4.27928888443750E-002,
                -1.07861291613121E-001,
                -1.52913320552971E-001,
                -8.69012544330088E-002,
                -4.27948825101900E-002,
                -1.07859545132453E-001,
                -1.52915103987160E-001,
                -8.69006538612287E-002,
                1.66411065012584E-002,
                -1.88521500044914E-003,
                -1.57825096414765E-002,
                1.27618444806954E-003,
                1.66406134544876E-002,
                -1.87971623246685E-003,
                -1.57824311713475E-002,
                1.28013559661300E-003,
                -3.41579658674474E-001,
                -2.54001956451263E-001,
                -1.91075821373825E-001,
                -2.78142658196397E-001,
                -3.41584141760924E-001,
                -2.54018207679873E-001,
                -1.91057769031205E-001,
                -2.78129602179407E-001,
                2.06700592449673E+000,
                -3.22183835747491E-007,
                2.79184225667520E-001,
                3.27547005384141E-001,
                -6.31939170630779E-004,
                -3.13511664113676E-001,
                -2.79186581447707E-001,
                -3.27553563691274E-001,
                6.27458811379635E-004,
                3.13506430593585E-001,
                -1.31303598191062E-001,
                -2.96717313814734E-001,
                -1.44538439955969E-002,
                3.17859825736618E-001,
                1.31296915444031E-001,
                2.96718400049091E-001,
                1.44491318827988E-002,
                -3.17866391049615E-001,
                -1.70068021152282E-001,
                4.98638924848724E-002,
                -2.28034709901165E-002,
                -6.53264921284142E-002,
                1.70025965766621E-001,
                -4.98794864039313E-002,
                2.27607983532271E-002,
                6.52749511304634E-002,
                -1.54984121130595E-005,
                -8.61648725314350E-007,
                1.97051404958342E-002,
                -2.42992475777168E-001,
                -5.29609864894910E-001,
                -2.56022645903873E-001,
                -1.97085805764395E-002,
                2.42984546512810E-001,
                5.29603419220605E-001,
                2.56016686795592E-001,
                1.66960256186403E-002,
                1.74227696857571E-001,
                5.63925030140479E-001,
                1.92363042168927E-001,
                -1.67015573729382E-002,
                -1.74230543401804E-001,
                -5.63927821922222E-001,
                -1.92367492912752E-001,
                6.31694242048201E-004,
                3.46069964419486E-002,
                -1.90529594084410E-001,
                5.06749439973880E-002,
                -6.68567710892184E-004,
                -3.46555067537502E-002,
                1.90504400186021E-001,
                -5.07311245017453E-002,
                -1.00830093304550E-005
            ],
        "d_CFy" : [
                -1.17294093676779E-016,
                -2.59507131702763E-001,
                -1.12165535320159E-001,
                -2.83603660206103E-005,
                1.12286452930619E-001,
                2.59506951476066E-001,
                1.12165820905211E-001,
                2.86037503939804E-005,
                -1.12286439813248E-001,
                -1.32116240204375E-001,
                -1.75638726270637E-001,
                -1.47852518081495E-004,
                1.74776055621110E-001,
                1.32122141739507E-001,
                1.75634972371251E-001,
                1.47883830565857E-004,
                -1.74774103917245E-001,
                5.26545508975459E-001,
                4.20519148926474E-001,
                1.38599047398378E-003,
                -4.07784229551521E-001,
                -5.26560484344860E-001,
                -4.20506035653839E-001,
                -1.37172105101697E-003,
                4.07786522126543E-001,
                -5.71249349460013E-006,
                2.00416139891136E-001,
                2.83899603613427E-001,
                5.02489665264176E-002,
                1.09961863016511E-001,
                5.03949575525437E-002,
                2.83899750002718E-001,
                5.02489271384665E-002,
                1.09961703082338E-001,
                5.03946680460251E-002,
                -6.27764950600883E-001,
                -3.37891875949400E-001,
                -1.34703632470579E-001,
                -3.37074304940788E-001,
                -6.27752929884781E-001,
                -3.37887072899663E-001,
                -1.34703725062511E-001,
                -3.37075160352249E-001,
                6.26825444187524E-001,
                2.77345131438620E-001,
                -2.30415137386565E-001,
                2.88211689107412E-001,
                6.26831261960591E-001,
                2.77356059956593E-001,
                -2.30403368418558E-001,
                2.88215816946633E-001,
                -2.38554612955435E-001,
                -5.27633844422099E-005,
                -1.69194977106385E-004,
                1.58434783204153E-002,
                5.84092559951364E-006,
                -1.59403075699668E-002,
                -1.69104805354712E-004,
                1.58433869954706E-002,
                5.66937987103209E-006,
                -1.59405528258462E-002,
                7.57659327164291E-003,
                2.15978879350601E-001,
                1.39910881294232E-004,
                -2.14531394463593E-001,
                7.58815512277499E-003,
                2.15986040708859E-001,
                1.39829072118937E-004,
                -2.14529940201572E-001,
                -1.47147789368203E-003,
                -4.89890185989592E-001,
                2.42224515828253E-003,
                4.81951999521601E-001,
                -1.46404216278920E-003,
                -4.89882779095132E-001,
                2.43352679235598E-003,
                4.81955889325999E-001,
                -3.85677380579320E-003
            ],