{
    "info" : {
        "generated_by" : "MachLine (c) 2023 USU Aerolab",
        "executed" : "Fri Jul 12 13:56:16 2024"
    },
    "mesh_info" : {
        "N_body_panels" : 48,
        "N_body_vertices" : 26,
        "N_wake_panels" : 0,
        "N_wake_filaments" : 0,
        "average_characteristic_length" : 4.76931360312427E-001,
        "max_flow_turning_angle" : 9.00000000000000E+001
    },
    "solver_results" : {
        "solver_status_code" : 0,
        "system_dimension" : 26,
        "timing" : {
            "system_sorting" : 2.10000000000000E-006,
            "preconditioner" : 5.60000000000000E-006,
            "matrix_solver" : 1.62000000000000E-005
        },
        "iterations" : 6,
        "residual" : {
            "max" : 1.11022302462516E-015,
            "norm" : 2.13065923546632E-015
        }
    },
    "pressure_calculations" : {
        "incompressible_rule" : {
            "max" : 6.33527103148761E-001,
            "min" : -6.82779144894940E-001
        }
    },
    "total_forces" : {
        "Cx" : -7.90473242417988E-012,
        "Cy" : 2.08166817117217E-017,
        "Cz" : 3.46944695195361E-016
    },
    "total_moments" : {
        "CMx" : 1.56992474575901E-016,
        "CMy" : -2.60208521396521E-016,
        "CMz" : 6.24500451351651E-017
    },
    "CF_sensitivities" : {
        "d_CFx" : [
                5.39545549028011E-001,
                -2.39508037011232E-002,
                -9.91246589639992E-002,
                -1.74625962255747E-001,
                -9.91246589640000E-002,
                -2.39508037011226E-002,
                -9.91246589639999E-002,
                -1.74625962255750E-001,
                -9.91246589640050E-002,
                6.37597061753250E-002,
                6.32936031944644E-002,
                6.37597061782895E-002,
                6.32936031944622E-002,
                6.37597061753215E-002,
                6.32936031944724E-002,
                6.37597061782971E-002,
                6.32936031944686E-002,
                -1.74625962255596E-001,
                -9.91246589648636E-002,
                -2.39508037033127E-002,
                -9.91246589648930E-002,
                -1.74625962255601E-001,
                -9.91246589649218E-002,
                -2.39508037033115E-002,
                -9.91246589649128E-002,
                5.39545549034809E-001,
                1.70801549413630E-014,
                1.17869374600105E-001,
                2.61064679223274E-001,
                3.56930193636726E-015,
                -2.61064679223282E-001,
                -1.17869374600112E-001,
                -2.61064679223277E-001,
                1.54040166511919E-015,
                2.61064679223279E-001,
                2.51275712430323E-001,
                -7.28677623662611E-002,
                -3.93024957953942E-015,
                7.28677623662402E-002,
                -2.51275712430348E-001,
                7.28677623662449E-002,
                -8.92461720849919E-015,
                -7.28677623662634E-002,
                -4.75062536876803E-001,
                -1.57477707779369E-001,
                -6.28106864859810E-014,
                1.57477707779307E-001,
                4.75062536876741E-001,
                1.57477707779324E-001,
                -1.02705254834140E-014,
                -1.57477707779389E-001,
                -9.55222348369032E-015,
                1.44221088693838E-014,
                -2.12730725997756E-016,
                -1.57477707775817E-001,
                -4.75062536872653E-001,
                -1.57477707775809E-001,
                -6.67356251649941E-015,
                1.57477707775808E-001,
                4.75062536872658E-001,
                1.57477707775804E-001,
                -3.84358213891009E-015,
                -7.28677623693767E-002,
                2.51275712425759E-001,
                -7.28677623693662E-002,
                -1.79170486372424E-014,
                7.28677623693580E-002,
                -2.51275712425777E-001,
                7.28677623693465E-002,
                -2.90495318715006E-014,
                2.61064679226320E-001,
                1.17869374605529E-001,
                2.61064679226272E-001,
                -2.86256078645651E-014,
                -2.61064679226395E-001,
                -1.17869374605590E-001,
                -2.61064679226366E-001,
                1.46841539517121E-014
            ],
        "d_CFy" : [
                5.43282818588160E-017,
                -2.57186849811448E-001,
                -1.01471734745983E-001,
                -4.57227174196655E-017,
                1.01471734745984E-001,
                2.57186849811450E-001,
                1.01471734745983E-001,
                -8.90908043190857E-017,
                -1.01471734745984E-001,
                1.10831961934286E-001,
                -3.19120559222748E-002,
                2.44640713922347E-016,
                3.19120559222713E-002,
                -1.10831961934272E-001,
                3.19120559222700E-002,
                -2.27204071543345E-016,
                -3.19120559222650E-002,
                9.59431509021658E-002,
                1.49107482233298E-001,
                -2.77044001168501E-014,
                -1.49107482233299E-001,
                -9.59431509021869E-002,
                -1.49107482233278E-001,
                3.01902611703999E-014,
                1.49107482233261E-001,
                -4.05019495102084E-015,
                1.65807203006777E-001,
                3.04471391780559E-001,
                4.72191825624813E-002,
                1.01954210366414E-001,
                4.72191825624975E-002,
                3.04471391780581E-001,
                4.72191825624970E-002,
                1.01954210366413E-001,
                4.72191825624818E-002,
                -4.46399269962553E-001,
                -2.92320888292769E-001,
                -1.35345492626982E-001,
                -2.92320888292755E-001,
                -4.46399269962545E-001,
                -2.92320888292752E-001,
                -1.35345492626983E-001,
                -2.92320888292767E-001,
                -7.32532033126716E-002,
                2.03785243714007E-001,
                1.65612858452058E-001,
                2.03785243714010E-001,
                -7.32532033126870E-002,
                2.03785243714013E-001,
                1.65612858452082E-001,
                2.03785243714031E-001,
                1.65377655664537E-001,
                -6.12574227454308E-017,
                -1.09079412169422E-014,
                9.24150595015183E-003,
                8.13920492866145E-016,
                -9.24150595015019E-003,
                1.09637776288252E-014,
                9.24150595016654E-003,
                1.35840610231157E-016,
                -9.24150595016482E-003,
                1.79370407416002E-015,
                1.56819926958238E-001,
                9.83444607396839E-016,
                -1.56819926958246E-001,
                3.25900331027418E-015,
                1.56819926958258E-001,
                1.18842918452612E-015,
                -1.56819926958257E-001,
                9.63899099426513E-015,
                7.39566829570956E-003,
                -1.54639915920627E-014,
                -7.39566829571808E-003,
                -1.21509273386870E-014,
                7.39566829572158E-003,
                2.95880373461489E-015,
                -7.39566829569865E-003,
                -2.91017210329869E-014
            ],