{
    "info" : {
        "generated_by" : "MachLine (c) 2023 USU Aerolab",
        "executed" : "Fri Jul 12 13:55:29 2024"
    },
    "mesh_info" : {
        "N_body_panels" : 48,
        "N_body_vertices" : 26,
        "N_wake_panels" : 0,
        "N_wake_filaments" : 0,
        "average_characteristic_length" : 4.76931360312427E-001,
        "max_flow_turning_angle" : 9.00000000000000E+001
    },
    "solver_results" : {
        "solver_status_code" : 0,
        "system_dimension" : 26,
        "timing" : {
            "system_sorting" : 1.24000000000000E-005,
            "preconditioner" : 5.60000000000000E-006,
            "matrix_solver" : 1.41000000000000E-005
        },
        "iterations" : 6,
        "residual" : {
            "max" : 1.11022302462516E-015,
            "norm" : 2.80645557270068E-015
        }
    },
    "pressure_calculations" : {
        "incompressible_rule" : {
            "max" : 6.44557212619055E-001,
            "min" : -6.48273505613659E-001
        }
    },
    "total_forces" : {
        "Cx" : 1.72805506015727E-010,
        "Cy" : -8.39606162372775E-016,
        "Cz" : -4.26741975090295E-016
    },
    "total_moments" : {
        "CMx" : -3.41740524767431E-016,
        "CMy" : 3.36536354339501E-016,
        "CMz" : -1.15879528195251E-015
    },
    "CF_sensitivities" : {
        "d_CFx" : [
                8.03882384028400E-001,
                -4.19493781038800E-002,
                -9.71280438275328E-002,
                -1.36032022862667E-001,
                -7.99491909360331E-002,
                -4.19493781306766E-002,
                -9.71280438476043E-002,
                -1.36032022884445E-001,
                -7.99491909487308E-002,
                2.51354604480993E-002,
                -1.27609372379345E-003,
                -2.30698695682643E-002,
                2.15005697386972E-003,
                2.51354603829295E-002,
                -1.27609365258308E-003,
                -2.30698695451628E-002,
                2.15005702740023E-003,
                -3.19073518253096E-001,
                -2.29157518877629E-001,
                -1.61530481359711E-001,
                -2.51533982112215E-001,
                -3.19073518321238E-001,
                -2.29157519522548E-001,
                -1.61530481352169E-001,
                -2.51533981990672E-001,
                1.82294678000575E+000,
                -1.63308236445584E-011,
                2.86896764201703E-001,
                3.11391844610081E-001,
                -2.43693913855643E-003,
                -3.01917754163003E-001,
                -2.86896764227212E-001,
                -3.11391844663074E-001,
                2.43693905096531E-003,
                3.01917754126407E-001,
                -1.18969079497361E-001,
                -2.70784796397651E-001,
                -1.48824209624427E-002,
                3.09294966900050E-001,
                1.18969079401478E-001,
                2.70784796375496E-001,
                1.48824209853279E-002,
                -3.09294966975842E-001,
                -1.76124751089474E-001,
                5.12624597099795E-002,
                -2.48178022796538E-002,
                -7.01283106433516E-002,
                1.76124750751007E-001,
                -5.12624600483076E-002,
                2.48178018348282E-002,
                7.01283101146340E-002,
                -2.35013914617295E-010,
                -2.38025799296187E-011,
                2.15532797814321E-002,
                -2.38106272853907E-001,
                -4.98627724464370E-001,
                -2.55805254774798E-001,
                -2.15532798078909E-002,
                2.38106272778391E-001,
                4.98627724405275E-001,
                2.55805254729441E-001,
                1.72244425244439E-002,
                1.53265452992423E-001,
                5.34961004171945E-001,
                1.88636218197914E-001,
                -1.72244425905854E-002,
                -1.53265453015720E-001,
                -5.34961004210545E-001,
                -1.88636218227909E-001,
                2.51179287230152E-003,
                3.76159797532685E-002,
                -2.00010354820234E-001,
                5.05379858854937E-002,
                -2.51179326908976E-003,
                -3.76159802233755E-002,
                2.00010354546100E-001,
                -5.05379863585425E-002,
                -1.09952626644383E-010
            ],
        "d_CFy" : [
                -8.97621306027094E-017,
                -2.60113055779751E-001,
                -1.12167685607248E-001,
                -7.17692982454064E-005,
                1.12354923950830E-001,
                2.60113055778568E-001,
                1.12167685608003E-001,
                7.17693000498537E-005,
                -1.12354923953109E-001,
                -1.40556155425802E-001,
                -1.68052734911561E-001,
                -1.49944559352411E-004,
                1.66133538326655E-001,
                1.40556155535455E-001,
                1.68052734876282E-001,
                1.49944559080777E-004,
                -1.66133538286455E-001,
                5.31035971239006E-001,
                4.07034777791081E-001,
                1.02901737840282E-003,
                -3.85883208912047E-001,
                -5.31035971219193E-001,
                -4.07034777487679E-001,
                -1.02901713933882E-003,
                3.85883209002107E-001,
                -1.41027187501252E-011,
                2.00524359271576E-001,
                2.85115297268184E-001,
                4.98819812912015E-002,
                1.09610498853480E-001,
                5.01233603155589E-002,
                2.85115297269135E-001,
                4.98819812908264E-002,
                1.09610498851556E-001,
                5.01233603123596E-002,
                -6.50182449264714E-001,
                -3.20035007242145E-001,
                -1.34587871766629E-001,
                -3.18021236778142E-001,
                -6.50182449128066E-001,
                -3.20035007183109E-001,
                -1.34587871767581E-001,
                -3.18021236792949E-001,
                6.54207057039331E-001,
                2.55939747769084E-001,
                -2.22306047473245E-001,
                2.63420555788492E-001,
                6.54207057017367E-001,
                2.55939747929741E-001,
                -2.22306047346133E-001,
                2.63420555897715E-001,
                -2.46856131763836E-001,
                -1.55553351285657E-004,
                -1.54569060282655E-004,
                1.56654801820693E-002,
                -1.66655820974458E-005,
                -1.56686096677743E-002,
                -1.54569059560645E-004,
                1.56654801813287E-002,
                -1.66655838630150E-005,
                -1.56686096702490E-002,
                8.43451728674155E-003,
                2.07414329169578E-001,
                1.52937705173467E-004,
                -2.03631203586183E-001,
                8.43451743535254E-003,
                2.07414329252204E-001,
                1.52937703801991E-004,
                -2.03631203603037E-001,
                -1.43509546227091E-003,
                -4.72754182391618E-001,
                6.57037153067432E-003,
                4.60513246547915E-001,
                -1.43509545873497E-003,
                -4.72754182305389E-001,
                6.57037169168592E-003,
                4.60513246579321E-001,
                -1.00255607178931E-002
            ],