{
    "info" : {
        "generated_by" : "MachLine (c) 2023 USU Aerolab",
        "executed" : "Fri Jul 12 13:56:19 2024"
    },
    "mesh_info" : {
        "N_body_panels" : 48,
        "N_body_vertices" : 26,
        "N_wake_panels" : 0,
        "N_wake_filaments" : 0,
        "average_characteristic_length" : 4.76931360312427E-001,
        "max_flow_turning_angle" : 9.00000000000000E+001
    },
    "solver_results" : {
        "solver_status_code" : 0,
        "system_dimension" : 26,
        "timing" : {
            "system_sorting" : 1.90000000000000E-006,
            "preconditioner" : 6.00000000000000E-006,
            "matrix_solver" : 1.42000000000000E-005
        },
        "iterations" : 6,
        "residual" : {
            "max" : 1.33226762955019E-015,
            "norm" : 3.07741509210160E-015
        }
    },
    "pressure_calculations" : {
        "incompressible_rule" : {
            "max" : 6.26191837843468E-001,
            "min" : -7.04720413516269E-001
        }
    },
    "total_forces" : {
        "Cx" : -8.23799362059674E-012,
        "Cy" : 2.70616862252382E-016,
        "Cz" : -6.00214322687975E-016
    },
    "total_moments" : {
        "CMx" : 8.76035355368288E-017,
        "CMy" : 1.56125112837913E-016,
        "CMz" : 3.81639164714898E-016
    },
    "CF_sensitivities" : {
        "d_CFx" : [
                5.21835896902782E-001,
                -2.59348417613632E-002,
                -1.03214492584148E-001,
                -1.80132423142888E-001,
                -1.03214492584146E-001,
                -2.59348417613597E-002,
                -1.03214492584145E-001,
                -1.80132423142882E-001,
                -1.03214492584147E-001,
                7.57819874632091E-002,
                7.57963141564708E-002,
                7.57819874663104E-002,
                7.57963141564728E-002,
                7.57819874632064E-002,
                7.57963141564753E-002,
                7.57819874663113E-002,
                7.57963141564753E-002,
                -1.80132423142500E-001,
                -1.03214492585014E-001,
                -2.59348417636135E-002,
                -1.03214492585041E-001,
                -1.80132423142517E-001,
                -1.03214492585043E-001,
                -2.59348417635976E-002,
                -1.03214492585032E-001,
                5.21835896910678E-001,
                1.56912299489913E-014,
                9.81160107315033E-002,
                2.56453758206365E-001,
                8.09133718307566E-015,
                -2.56453758206363E-001,
                -9.81160107315082E-002,
                -2.56453758206364E-001,
                1.79632548712898E-015,
                2.56453758206367E-001,
                2.64378107389078E-001,
                -7.75653856620599E-002,
                -7.67826080914073E-015,
                7.75653856620375E-002,
                -2.64378107389101E-001,
                7.75653856620446E-002,
                -8.89241508255458E-015,
                -7.75653856620582E-002,
                -4.71666311868311E-001,
                -1.46855340033687E-001,
                -2.72703818770818E-014,
                1.46855340033652E-001,
                4.71666311868281E-001,
                1.46855340033673E-001,
                -1.22250462566384E-014,
                -1.46855340033694E-001,
                -3.77106007084155E-015,
                1.64880673829779E-014,
                -2.13414021080870E-015,
                -1.46855340030084E-001,
                -4.71666311864289E-001,
                -1.46855340030080E-001,
                -2.75337847865390E-015,
                1.46855340030084E-001,
                4.71666311864298E-001,
                1.46855340030082E-001,
                -6.31986566393957E-015,
                -7.75653856649162E-002,
                2.64378107384883E-001,
                -7.75653856649202E-002,
                -1.43068806448018E-014,
                7.75653856648988E-002,
                -2.64378107384900E-001,
                7.75653856649010E-002,
                -9.30106786204009E-015,
                2.56453758209394E-001,
                9.81160107369966E-002,
                2.56453758209379E-001,
                -1.49749760586339E-014,
                -2.56453758209430E-001,
                -9.81160107370171E-002,
                -2.56453758209425E-001,
                2.03406615550641E-014
            ],
        "d_CFy" : [
                1.08256396456073E-016,
                -2.53272039358359E-001,
                -9.16988427929398E-002,
                -1.00503228961344E-016,
                9.16988427929407E-002,
                2.53272039358359E-001,
                9.16988427929398E-002,
                5.20961456307347E-016,
                -9.16988427929396E-002,
                1.15778283983813E-001,
                -3.23642041507119E-002,
                6.73869316511955E-016,
                3.23642041507084E-002,
                -1.15778283983803E-001,
                3.23642041507077E-002,
                4.03252454259573E-016,
                -3.23642041507051E-002,
                7.69874920444393E-002,
                1.44562439013368E-001,
                -2.05641579016067E-014,
                -1.44562439013376E-001,
                -7.69874920444358E-002,
                -1.44562439013360E-001,
                2.92987336918706E-014,
                1.44562439013373E-001,
                -5.49041534341788E-015,
                1.42881266627268E-001,
                3.12716302924844E-001,
                4.48059197909420E-002,
                9.93258735444511E-002,
                4.48059197909590E-002,
                3.12716302924866E-001,
                4.48059197909595E-002,
                9.93258735444506E-002,
                4.48059197909416E-002,
                -4.32815712099573E-001,
                -2.87779673140406E-001,
                -1.34802136321766E-001,
                -2.87779673140396E-001,
                -4.32815712099573E-001,
                -2.87779673140393E-001,
                -1.34802136321766E-001,
                -2.87779673140405E-001,
                -8.00136630491202E-002,
                2.08072500286426E-001,
                1.63262275397026E-001,
                2.08072500286421E-001,
                -8.00136630491359E-002,
                2.08072500286426E-001,
                1.63262275397034E-001,
                2.08072500286436E-001,
                1.41377864833048E-001,
                -6.11490025281824E-017,
                -1.12999887225129E-014,
                8.11767576025002E-003,
                2.75194574549594E-017,
                -8.11767576024938E-003,
                1.17330190702036E-014,
                8.11767576026595E-003,
                -1.12520907777823E-016,
                -8.11767576026601E-003,
                2.23779328401008E-015,
                1.52088786631158E-001,
                7.52041251872074E-016,
                -1.52088786631160E-001,
                1.16508365455292E-015,
                1.52088786631173E-001,
                -1.22041659038581E-015,
                -1.52088786631169E-001,
                6.47078961593661E-015,
                2.70930439351122E-003,
                -4.76428364412346E-015,
                -2.70930439351816E-003,
                -9.89118870156299E-015,
                2.70930439350778E-003,
                7.92538349822220E-015,
                -2.70930439350142E-003,
                -1.59872115546023E-014
            ],