{
    "info" : {
        "generated_by" : "MachLine (c) 2023 USU Aerolab",
        "executed" : "Fri Jul 12 13:54:35 2024"
    },
    "mesh_info" : {
        "N_body_panels" : 48,
        "N_body_vertices" : 26,
        "N_wake_panels" : 0,
        "N_wake_filaments" : 0,
        "average_characteristic_length" : 4.76931360312427E-001,
        "max_flow_turning_angle" : 9.00000000000000E+001
    },
    "solver_results" : {
        "solver_status_code" : 0,
        "system_dimension" : 26,
        "timing" : {
            "system_sorting" : 2.30000000000000E-006,
            "preconditioner" : 7.30000000000000E-006,
            "matrix_solver" : 1.53000000000000E-005
        },
        "iterations" : 6,
        "residual" : {
            "max" : 1.26565424807268E-014,
            "norm" : 2.70059867476664E-014
        }
    },
    "pressure_calculations" : {
        "incompressible_rule" : {
            "max" : 6.44564188357159E-001,
            "min" : -6.48259823391418E-001
        }
    },
    "total_forces" : {
        "Cx" : 2.95940396040362E-006,
        "Cy" : -1.94289029309402E-016,
        "Cz" : 4.57966997657877E-016
    },
    "total_moments" : {
        "CMx" : 1.02932419532298E-012,
        "CMy" : -3.50414142147315E-016,
        "CMz" : -1.66533453693773E-016
    },
    "CF_sensitivities" : {
        "d_CFx" : [
                8.42882545292211E-001,
                -4.27869853341561E-002,
                -1.07860964483060E-001,
                -1.52915356181494E-001,
                -8.68968153360929E-002,
                -4.27872954833464E-002,
                -1.07861314125671E-001,
                -1.52915955034368E-001,
                -8.68968480528318E-002,
                1.66436701440089E-002,
                -1.88695320769749E-003,
                -1.57820877675470E-002,
                1.28096753752849E-003,
                1.66435964613560E-002,
                -1.88466164730450E-003,
                -1.57827360960128E-002,
                1.28174805271208E-003,
                -3.41548019085888E-001,
                -2.54009539421041E-001,
                -1.91050070007259E-001,
                -2.78137097424322E-001,
                -3.41554930727567E-001,
                -2.54031602528097E-001,
                -1.91043601448534E-001,
                -2.78139378700548E-001,
                2.06699905791541E+000,
                7.01898551297983E-008,
                2.79185242476168E-001,
                3.27549463596130E-001,
                -6.33788399168464E-004,
                -3.13508600673749E-001,
                -2.79186819076518E-001,
                -3.27551203264118E-001,
                6.31979090552542E-004,
                3.13507821266615E-001,
                -1.31312970166527E-001,
                -2.96715514414884E-001,
                -1.44503894984275E-002,
                3.17861720373679E-001,
                1.31311841092944E-001,
                2.96715745507524E-001,
                1.44496659729329E-002,
                -3.17863431851041E-001,
                -1.70052404178769E-001,
                4.98507491263859E-002,
                -2.27754928823869E-002,
                -6.53007088976846E-002,
                1.70040626768228E-001,
                -4.98557340613385E-002,
                2.27637019096260E-002,
                6.52836469643099E-002,
                -8.78267830965157E-006,
                -3.60414802978858E-007,
                1.97059278520215E-002,
                -2.42986297185848E-001,
                -5.29610163252913E-001,
                -2.56021469583898E-001,
                -1.97068899839390E-002,
                2.42983984519787E-001,
                5.29608887728949E-001,
                2.56019650982257E-001,
                1.66946882995383E-002,
                1.74225180285224E-001,
                5.63938126849583E-001,
                1.92359017109750E-001,
                -1.66963695266776E-002,
                -1.74225801114703E-001,
                -5.63938686827441E-001,
                -1.92360830058611E-001,
                6.44030571392297E-004,
                3.46294849033103E-002,
                -1.90542206515772E-001,
                5.07078024992263E-002,
                -6.54616420779464E-004,
                -3.46411587303463E-002,
                1.90533271320958E-001,
                -5.07201674618235E-002,
                -1.64123892885869E-006
            ],
        "d_CFy" : [
                -3.68265005949644E-017,
                -2.59506290979623E-001,
                -1.12165245675840E-001,
                -2.85312031509114E-005,
                1.12285380694193E-001,
                2.59506317634719E-001,
                1.12165340883975E-001,
                2.84967325135263E-005,
                -1.12285421080715E-001,
                -1.32107922322401E-001,
                -1.75635782255000E-001,
                -1.48156716911155E-004,
                1.74775047346157E-001,
                1.32110485086655E-001,
                1.75634173408011E-001,
                1.48152154677277E-004,
                -1.74774596776400E-001,
                5.26525802330266E-001,
                4.20540902468928E-001,
                1.38983579193128E-003,
                -4.07800876280700E-001,
                -5.26526418895973E-001,
                -4.20537273238579E-001,
                -1.38557033281034E-003,
                4.07802007736381E-001,
                -1.50621632704895E-006,
                2.00416161644752E-001,
                2.83899442407348E-001,
                5.02482343164909E-002,
                1.09962031059709E-001,
                5.03941438518181E-002,
                2.83899485638128E-001,
                5.02482170858417E-002,
                1.09961987520497E-001,
                5.03940824530248E-002,
                -6.27768897091399E-001,
                -3.37887849221558E-001,
                -1.34703725856919E-001,
                -3.37073938787580E-001,
                -6.27764986026925E-001,
                -3.37886914438180E-001,
                -1.34703743998776E-001,
                -3.37074208394316E-001,
                6.26817919364418E-001,
                2.77354462117105E-001,
                -2.30413352781443E-001,
                2.88220128976480E-001,
                6.26818231312769E-001,
                2.77358272828396E-001,
                -2.30409722824278E-001,
                2.88221130671530E-001,
                -2.38539183398237E-001,
                -5.29604407878459E-005,
                -1.69204534206571E-004,
                1.58448691542970E-002,
                5.73264330765820E-006,
                -1.59419699734736E-002,
                -1.69181902367568E-004,
                1.58448534871325E-002,
                5.69330621406847E-006,
                -1.59420301526871E-002,
                7.58157674905013E-003,
                2.15976758599766E-001,
                1.39795043879021E-004,
                -2.14524168664690E-001,
                7.58521501698588E-003,
                2.15978771893052E-001,
                1.39772377960198E-004,
                -2.14526209510933E-001,
                -1.46754548151053E-003,
                -4.89875431199853E-001,
                2.42482152321854E-003,
                4.81944420159562E-001,
                -1.46533772761330E-003,
                -4.89872578773102E-001,
                2.42838355589191E-003,
                4.81945122112852E-001,
                -3.84573251979238E-003
            ],