{
    "info" : {
        "generated_by" : "MachLine (c) 2023 USU Aerolab",
        "executed" : "Fri Jul 12 13:56:31 2024"
    },
    "mesh_info" : {
        "N_body_panels" : 48,
        "N_body_vertices" : 26,
        "N_wake_panels" : 0,
        "N_wake_filaments" : 0,
        "average_characteristic_length" : 4.76931360312427E-001,
        "max_flow_turning_angle" : 9.00000000000000E+001
    },
    "solver_results" : {
        "solver_status_code" : 0,
        "system_dimension" : 26,
        "timing" : {
            "system_sorting" : 2.20000000000000E-006,
            "preconditioner" : 4.90000000000000E-006,
            "matrix_solver" : 1.53000000000000E-005
        },
        "iterations" : 6,
        "residual" : {
            "max" : 8.88178419700125E-016,
            "norm" : 2.19812944215729E-015
        }
    },
    "pressure_calculations" : {
        "incompressible_rule" : {
            "max" : 5.72039906614524E-001,
            "min" : -8.30986540419354E-001
        }
    },
    "total_forces" : {
        "Cx" : -1.25619237234531E-011,
        "Cy" : -1.85268467234323E-015,
        "Cz" : -2.79637424327461E-015
    },
    "total_moments" : {
        "CMx" : 5.20417042793042E-017,
        "CMy" : 2.74086309204336E-015,
        "CMz" : -2.26207941267376E-015
    },
    "CF_sensitivities" : {
        "d_CFx" : [
                5.07111309054143E-001,
                -8.21421819475308E-002,
                -1.64128765941343E-001,
                -2.19038599604173E-001,
                -1.64128765941343E-001,
                -8.21421819475284E-002,
                -1.64128765941346E-001,
                -2.19038599604175E-001,
                -1.64128765941343E-001,
                1.83782407777087E-001,
                1.92100251124802E-001,
                1.83782407779099E-001,
                1.92100251124802E-001,
                1.83782407777090E-001,
                1.92100251124800E-001,
                1.83782407779099E-001,
                1.92100251124802E-001,
                -2.19038599602452E-001,
                -1.64128765941738E-001,
                -8.21421819501132E-002,
                -1.64128765941738E-001,
                -2.19038599602455E-001,
                -1.64128765941736E-001,
                -8.21421819501045E-002,
                -1.64128765941738E-001,
                5.07111309073088E-001,
                3.44503231438817E-014,
                -1.12523905064378E-001,
                1.86541687315071E-001,
                1.56370598194402E-014,
                -1.86541687315057E-001,
                1.12523905064375E-001,
                -1.86541687315061E-001,
                1.50649567396019E-014,
                1.86541687315075E-001,
                3.51608761656290E-001,
                -1.20745118394739E-001,
                -1.75110784283457E-014,
                1.20745118394706E-001,
                -3.51608761656321E-001,
                1.20745118394717E-001,
                -2.17841100460086E-014,
                -1.20745118394742E-001,
                -3.68218506171292E-001,
                -2.00462117716537E-002,
                -8.34245130106378E-015,
                2.00462117716585E-002,
                3.68218506171313E-001,
                2.00462117716634E-002,
                -4.58999456504235E-016,
                -2.00462117716567E-002,
                2.64717400226278E-014,
                3.44772695093563E-014,
                -9.55547346802609E-016,
                -2.00462117680503E-002,
                -3.68218506167880E-001,
                -2.00462117680478E-002,
                8.46210150113331E-016,
                2.00462117680674E-002,
                3.68218506167909E-001,
                2.00462117680653E-002,
                -1.79951386676495E-014,
                -1.20745118394905E-001,
                3.51608761656882E-001,
                -1.20745118394913E-001,
                -1.84405680972023E-014,
                1.20745118394871E-001,
                -3.51608761656917E-001,
                1.20745118394874E-001,
                9.90578041748089E-015,
                1.86541687318060E-001,
                -1.12523905059754E-001,
                1.86541687318054E-001,
                1.00905882371442E-014,
                -1.86541687318051E-001,
                1.12523905059748E-001,
                -1.86541687318051E-001,
                3.16226110768400E-014
            ],
        "d_CFy" : [
                -2.16058268090646E-014,
                -2.35927962660107E-001,
                -1.47190823106468E-002,
                -2.92541186091818E-014,
                1.47190823105496E-002,
                2.35927962659964E-001,
                1.47190823105489E-002,
                -2.96132063687090E-014,
                -1.47190823106448E-002,
                1.55446411062112E-001,
                -2.77908528658967E-002,
                -1.02920457792235E-013,
                2.77908528656825E-002,
                -1.55446411062321E-001,
                2.77908528656844E-002,
                -1.04127825331515E-013,
                -2.77908528658967E-002,
                -9.41548124567644E-002,
                1.26099823987255E-001,
                -7.56978230832442E-014,
                -1.26099823987346E-001,
                9.41548124567078E-002,
                -1.26099823987353E-001,
                -6.29302583000549E-014,
                1.26099823987247E-001,
                -2.33814440363547E-014,
                -1.38394278511977E-001,
                3.46294370144583E-001,
                5.38866101365673E-002,
                5.62431336569613E-002,
                5.38866101366376E-002,
                3.46294370144705E-001,
                5.38866101366395E-002,
                5.62431336569606E-002,
                5.38866101365683E-002,
                -2.73469379708507E-001,
                -2.45242203546382E-001,
                -1.15626387831334E-001,
                -2.45242203546356E-001,
                -2.73469379708553E-001,
                -2.45242203546358E-001,
                -1.15626387831332E-001,
                -2.45242203546383E-001,
                -6.10964091700726E-002,
                2.43736315186585E-001,
                1.06120116130791E-001,
                2.43736315186506E-001,
                -6.10964091701549E-002,
                2.43736315186513E-001,
                1.06120116130792E-001,
                2.43736315186585E-001,
                -1.88059495039995E-001,
                1.82579645846342E-016,
                -2.58638596650764E-014,
                -2.88137838852177E-002,
                2.35545409445405E-014,
                2.88137838852696E-002,
                2.36893837879391E-014,
                -2.88137838852441E-002,
                -2.27426903577837E-014,
                2.88137838851899E-002,
                1.55223056630403E-014,
                1.15746279170094E-001,
                1.21495716891143E-014,
                -1.15746279170100E-001,
                -1.17128529097956E-014,
                1.15746279170126E-001,
                -1.26734581788597E-014,
                -1.15746279170119E-001,
                1.68927372090618E-014,
                -8.67975999888461E-002,
                -3.97140452465694E-014,
                8.67975999888041E-002,
                -2.58320383313141E-014,
                -8.67975999888388E-002,
                4.70474803210433E-014,
                8.67975999888743E-002,
                -2.92474378049729E-015
            ],