{
    "info" : {
        "generated_by" : "MachLine (c) 2023 USU Aerolab",
        "executed" : "Fri Jul 12 13:54:52 2024"
    },
    "mesh_info" : {
        "N_body_panels" : 48,
        "N_body_vertices" : 26,
        "N_wake_panels" : 0,
        "N_wake_filaments" : 0,
        "average_characteristic_length" : 4.76931360312427E-001,
        "max_flow_turning_angle" : 9.00000000000000E+001
    },
    "solver_results" : {
        "solver_status_code" : 0,
        "system_dimension" : 26,
        "timing" : {
            "system_sorting" : 2.10000000000000E-006,
            "preconditioner" : 5.30000000000000E-006,
            "matrix_solver" : 1.35000000000000E-005
        },
        "iterations" : 6,
        "residual" : {
            "max" : 8.88178419700125E-016,
            "norm" : 1.92235746405690E-015
        }
    },
    "pressure_calculations" : {
        "incompressible_rule" : {
            "max" : 6.44562079328693E-001,
            "min" : -6.48258126312390E-001
        }
    },
    "total_forces" : {
        "Cx" : 1.66063983134124E-007,
        "Cy" : 5.55111512312578E-016,
        "Cz" : -1.17961196366423E-016
    },
    "total_moments" : {
        "CMx" : -8.60778462397072E-013,
        "CMy" : 4.19803081186387E-016,
        "CMz" : 5.48172618408671E-016
    },
    "CF_sensitivities" : {
        "d_CFx" : [
                8.42882952817682E-001,
                -4.27876921931662E-002,
                -1.07859552773173E-001,
                -1.52918327130408E-001,
                -8.68955738513897E-002,
                -4.27877141203966E-002,
                -1.07859498770862E-001,
                -1.52918309475787E-001,
                -8.68956142553496E-002,
                1.66423473832027E-002,
                -1.88597340876018E-003,
                -1.57833436180428E-002,
                1.28230938579121E-003,
                1.66423263863120E-002,
                -1.88593912718282E-003,
                -1.57833493522750E-002,
                1.28237358755268E-003,
                -3.41540859081582E-001,
                -2.54018336346447E-001,
                -1.91036121690217E-001,
                -2.78142027234231E-001,
                -3.41541121602903E-001,
                -2.54018649255033E-001,
                -1.91035860123769E-001,
                -2.78141623185311E-001,
                2.06700177658044E+000,
                -5.84050677812745E-009,
                2.79185238854980E-001,
                3.27550449639461E-001,
                -6.33712981694266E-004,
                -3.13507838144510E-001,
                -2.79185286594323E-001,
                -3.27550509543340E-001,
                6.33652169073872E-004,
                3.13507748989295E-001,
                -1.31317102827265E-001,
                -2.96715758804476E-001,
                -1.44500783714505E-002,
                3.17863017513580E-001,
                1.31317016427300E-001,
                2.96715719838301E-001,
                1.44500418719084E-002,
                -3.17863095122109E-001,
                -1.70047415424440E-001,
                4.98527120208695E-002,
                -2.27657416416539E-002,
                -6.52906393731539E-002,
                1.70047010991089E-001,
                -4.98529662647202E-002,
                2.27652256149094E-002,
                6.52900722983983E-002,
                -3.13725161098212E-007,
                -2.09406411085168E-008,
                1.97057844891734E-002,
                -2.42984965280267E-001,
                -5.29610522366433E-001,
                -2.56021046986686E-001,
                -1.97058216690237E-002,
                2.42984840551744E-001,
                5.29610460144207E-001,
                2.56020980276087E-001,
                1.66943255749561E-002,
                1.74226406910521E-001,
                5.63942421591654E-001,
                1.92361337746894E-001,
                -1.66943851972325E-002,
                -1.74226434364269E-001,
                -5.63942431046485E-001,
                -1.92361377065161E-001,
                6.49048942389176E-004,
                3.46329159516600E-002,
                -1.90542899454336E-001,
                5.07195497617483E-002,
                -6.49441079472145E-004,
                -3.46335368681214E-002,
                1.90542564367718E-001,
                -5.07201966425140E-002,
                -4.53465780454380E-008
            ],
        "d_CFy" : [
                -3.59702679584771E-017,
                -2.59506267719755E-001,
                -1.12165729673177E-001,
                -2.85077800309179E-005,
                1.12285921876863E-001,
                2.59506264204127E-001,
                1.12165732737406E-001,
                2.85110033179776E-005,
                -1.12285921504105E-001,
                -1.32105709590639E-001,
                -1.75634336781510E-001,
                -1.48064066561797E-004,
                1.74774296222924E-001,
                1.32105778125301E-001,
                1.75634283532727E-001,
                1.48064118807010E-004,
                -1.74774260925351E-001,
                5.26516196799479E-001,
                4.20544292567298E-001,
                1.39200798815120E-003,
                -4.07803047106867E-001,
                -5.26516372658220E-001,
                -4.20544070846263E-001,
                -1.39189938117081E-003,
                4.07802839914372E-001,
                -4.90702406594616E-008,
                2.00415901966161E-001,
                2.83900079309156E-001,
                5.02480587077677E-002,
                1.09962035398971E-001,
                5.03941400702338E-002,
                2.83900081065553E-001,
                5.02480579521927E-002,
                1.09962033573259E-001,
                5.03941368058771E-002,
                -6.27768076881637E-001,
                -3.37887336672117E-001,
                -1.34703613724990E-001,
                -3.37073482821139E-001,
                -6.27767949686129E-001,
                -3.37887280423916E-001,
                -1.34703614858870E-001,
                -3.37073494902967E-001,
                6.26815678682882E-001,
                2.77357912049684E-001,
                -2.30411067534232E-001,
                2.88223344720372E-001,
                6.26815756134470E-001,
                2.77358063294465E-001,
                -2.30410935961239E-001,
                2.88223395279084E-001,
                -2.38532092604829E-001,
                -5.30179123440256E-005,
                -1.69196105792067E-004,
                1.58450693415424E-002,
                5.70681947651893E-006,
                -1.59419929194259E-002,
                -1.69195538519155E-004,
                1.58450681147347E-002,
                5.70503227245387E-006,
                -1.59419961912402E-002,
                7.58319211380185E-003,
                2.15976759269970E-001,
                1.39881398118348E-004,
                -2.14524104568573E-001,
                7.58332903870425E-003,
                2.15976842444602E-001,
                1.39880337997577E-004,
                -2.14524115011999E-001,
                -1.46469677191005E-003,
                -4.89870918990355E-001,
                2.42713767065318E-003,
                4.81939837041413E-001,
                -1.46464922162372E-003,
                -4.89870788781679E-001,
                2.42725084780324E-003,
                4.81939858959412E-001,
                -3.84105631875187E-003
            ],