{
    "info" : {
        "generated_by" : "MachLine (c) 2023 USU Aerolab",
        "executed" : "Fri Jul 12 13:54:14 2024"
    },
    "mesh_info" : {
        "N_body_panels" : 48,
        "N_body_vertices" : 26,
        "N_wake_panels" : 0,
        "N_wake_filaments" : 0,
        "average_characteristic_length" : 4.76931360312427E-001,
        "max_flow_turning_angle" : 9.00000000000000E+001
    },
    "solver_results" : {
        "solver_status_code" : 0,
        "system_dimension" : 26,
        "timing" : {
            "system_sorting" : 2.60000000000000E-006,
            "preconditioner" : 6.30000000000000E-006,
            "matrix_solver" : 1.40000000000000E-005
        },
        "iterations" : 6,
        "residual" : {
            "max" : 1.13242748511766E-014,
            "norm" : 2.93722575588466E-014
        }
    },
    "pressure_calculations" : {
        "incompressible_rule" : {
            "max" : 6.44715152883495E-001,
            "min" : -6.48451172873932E-001
        }
    },
    "total_forces" : {
        "Cx" : 1.24098363287056E-005,
        "Cy" : 8.39606162372775E-016,
        "Cz" : -3.67761376907083E-016
    },
    "total_moments" : {
        "CMx" : -8.31369244280733E-011,
        "CMy" : 2.04697370165263E-016,
        "CMz" : 6.45317133063372E-016
    },
    "CF_sensitivities" : {
        "d_CFx" : [
                8.42811007860202E-001,
                -4.28970079568398E-002,
                -1.07918105861035E-001,
                -1.52911564763741E-001,
                -8.69720298931295E-002,
                -4.29301939792388E-002,
                -1.07987388998708E-001,
                -1.52891918887248E-001,
                -8.70548541280141E-002,
                1.66108024309832E-002,
                -1.99630141291784E-003,
                -1.57488303556783E-002,
                1.17957004574287E-003,
                1.65295826794050E-002,
                -1.86836477748953E-003,
                -1.57732010973506E-002,
                1.28745419564713E-003,
                -3.41701795558546E-001,
                -2.53392667625259E-001,
                -1.91656734498889E-001,
                -2.78397334585834E-001,
                -3.42568262033026E-001,
                -2.54750326619149E-001,
                -1.91889241987704E-001,
                -2.78634001030017E-001,
                2.06703411652007E+000,
                -1.72209477502119E-005,
                2.79171973684338E-001,
                3.27548552393902E-001,
                -6.48201208489889E-004,
                -3.13652984622533E-001,
                -2.79267598857596E-001,
                -3.27660284813920E-001,
                5.62801800263326E-004,
                3.13569837456918E-001,
                -1.31168576617453E-001,
                -2.96714514993211E-001,
                -1.44505597765862E-002,
                3.17873603270607E-001,
                1.31060034224476E-001,
                2.96719291662168E-001,
                1.44730735366072E-002,
                -3.18002883121971E-001,
                -1.70463219957513E-001,
                4.97053221881167E-002,
                -2.34020617903334E-002,
                -6.58041359910843E-002,
                1.69636389613946E-001,
                -5.03133832458246E-002,
                2.27534719093472E-002,
                6.48984618570609E-002,
                -3.42501629146648E-004,
                -3.35455058197892E-005,
                1.96707526866273E-002,
                -2.43074639910837E-001,
                -5.29623605865569E-001,
                -2.56080647877059E-001,
                -1.97605026479278E-002,
                2.42968385734072E-001,
                5.29547774725046E-001,
                2.55981386094577E-001,
                1.67164378835850E-002,
                1.74140292899228E-001,
                5.63853771887369E-001,
                1.92365707143912E-001,
                -1.67958802332418E-002,
                -1.74183731935466E-001,
                -5.63880217248981E-001,
                -1.92416410818445E-001,
                3.64934209854685E-004,
                3.42051711951755E-002,
                -1.90604156285202E-001,
                4.95825054542197E-002,
                -9.73776264354322E-004,
                -3.49999834237545E-002,
                1.90136836179278E-001,
                -5.04178847745681E-002,
                -2.38469297123474E-004
            ],
        "d_CFy" : [
                -5.74949535005779E-017,
                -2.59518215894471E-001,
                -1.12173811686794E-001,
                -2.78913177879292E-005,
                1.12311875655272E-001,
                2.59515630671082E-001,
                1.12176508419488E-001,
                3.13826762052791E-005,
                -1.12312358005086E-001,
                -1.32188552243662E-001,
                -1.75702882201119E-001,
                -1.35523167297113E-004,
                1.74768178194382E-001,
                1.32338428976788E-001,
                1.75628094071163E-001,
                1.35784178328494E-004,
                -1.74726965630123E-001,
                5.27511819452048E-001,
                4.20143787636258E-001,
                1.10079907321623E-003,
                -4.07719028624455E-001,
                -5.27096213071691E-001,
                -4.19775814011249E-001,
                -9.74776541304470E-004,
                4.07304024826402E-001,
                -9.13235106555715E-005,
                2.00404250419350E-001,
                2.83915618875098E-001,
                5.02625297343430E-002,
                1.09963792283708E-001,
                5.04194508924711E-002,
                2.83919753082956E-001,
                5.02613809099860E-002,
                1.09960859351195E-001,
                5.04146750883491E-002,
                -6.27774288545995E-001,
                -3.37929604274928E-001,
                -1.34693720667574E-001,
                -3.37031730143890E-001,
                -6.27593774252684E-001,
                -3.37867974423184E-001,
                -1.34695911060440E-001,
                -3.37054379583229E-001,
                6.26830426389428E-001,
                2.77100776027872E-001,
                -2.30547264613579E-001,
                2.88089391543153E-001,
                6.26918598346798E-001,
                2.77276541141468E-001,
                -2.30337698078947E-001,
                2.88077077380273E-001,
                -2.39068588569934E-001,
                -4.94647092728292E-005,
                -1.70395277445210E-004,
                1.58230403605683E-002,
                9.22612943978823E-006,
                -1.59001274637725E-002,
                -1.67768510012222E-004,
                1.58214521350577E-002,
                6.67317940761580E-006,
                -1.59047500987381E-002,
                7.53343617962892E-003,
                2.15910832393124E-001,
                1.46526365769489E-004,
                -2.14524299915977E-001,
                7.74186757379037E-003,
                2.16023286909396E-001,
                1.45221532890565E-004,
                -2.14547084767767E-001,
                -1.53773694456463E-003,
                -4.90161152620810E-001,
                2.29181384296461E-003,
                4.82062054320589E-001,
                -1.47395000777720E-003,
                -4.89974319604069E-001,
                2.46204674684714E-003,
                4.82131445478052E-001,
                -4.15435250962203E-003
            ],