{
    "info" : {
        "generated_by" : "MachLine (c) 2023 USU Aerolab",
        "executed" : "Fri Jul 12 13:56:16 2024"
    },
    "mesh_info" : {
        "N_body_panels" : 48,
        "N_body_vertices" : 26,
        "N_wake_panels" : 0,
        "N_wake_filaments" : 0,
        "average_characteristic_length" : 4.76931360312427E-001,
        "max_flow_turning_angle" : 9.00000000000000E+001
    },
    "solver_results" : {
        "solver_status_code" : 0,
        "system_dimension" : 26,
        "timing" : {
            "system_sorting" : 1.20000000000000E-005,
            "preconditioner" : 6.00000000000000E-006,
            "matrix_solver" : 1.44000000000000E-005
        },
        "iterations" : 6,
        "residual" : {
            "max" : 3.33066907387547E-016,
            "norm" : 7.95451581411251E-016
        }
    },
    "pressure_calculations" : {
        "incompressible_rule" : {
            "max" : 6.33754885602208E-001,
            "min" : -6.82083636792985E-001
        }
    },
    "total_forces" : {
        "Cx" : -7.92507726110614E-012,
        "Cy" : 2.20656826144250E-015,
        "Cz" : 2.42861286636753E-016
    },
    "total_moments" : {
        "CMx" : -1.38777878078145E-017,
        "CMy" : -5.51642065360625E-016,
        "CMz" : 2.40779618465581E-015
    },
    "CF_sensitivities" : {
        "d_CFx" : [
                5.40147066504095E-001,
                -2.39047378016691E-002,
                -9.90088082701235E-002,
                -1.74457666368570E-001,
                -9.90088082701106E-002,
                -2.39047378016678E-002,
                -9.90088082701189E-002,
                -1.74457666368576E-001,
                -9.90088082701125E-002,
                6.33929121522592E-002,
                6.29135753051100E-002,
                6.33929121552250E-002,
                6.29135753051062E-002,
                6.33929121522552E-002,
                6.29135753051164E-002,
                6.33929121552275E-002,
                6.29135753051082E-002,
                -1.74457666368365E-001,
                -9.90088082709555E-002,
                -2.39047378038773E-002,
                -9.90088082710634E-002,
                -1.74457666368412E-001,
                -9.90088082710977E-002,
                -2.39047378038870E-002,
                -9.90088082710486E-002,
                5.40147066510865E-001,
                1.52071402200153E-014,
                1.18459603340132E-001,
                2.61193460657019E-001,
                4.52352370043760E-015,
                -2.61193460657023E-001,
                -1.18459603340143E-001,
                -2.61193460657023E-001,
                -1.70554548675809E-015,
                2.61193460657020E-001,
                2.50867777536097E-001,
                -7.27246440707380E-002,
                -6.43879162994692E-015,
                7.27246440707164E-002,
                -2.50867777536119E-001,
                7.27246440707170E-002,
                -1.02134812433203E-014,
                -7.27246440707419E-002,
                -4.75139684153801E-001,
                -1.57790422509128E-001,
                -6.39383507949311E-014,
                1.57790422509057E-001,
                4.75139684153743E-001,
                1.57790422509077E-001,
                -1.55312105253581E-014,
                -1.57790422509143E-001,
                -5.11552894052253E-016,
                1.16426257738648E-014,
                -3.12543687318002E-015,
                -1.57790422505562E-001,
                -4.75139684149644E-001,
                -1.57790422505552E-001,
                -4.35599205564913E-015,
                1.57790422505554E-001,
                4.75139684149648E-001,
                1.57790422505550E-001,
                -3.18645686787874E-015,
                -7.27246440738418E-002,
                2.50867777531528E-001,
                -7.27246440738381E-002,
                -2.10953237859636E-014,
                7.27246440738235E-002,
                -2.50867777531549E-001,
                7.27246440738161E-002,
                -2.34513252294334E-014,
                2.61193460660045E-001,
                1.18459603345556E-001,
                2.61193460660003E-001,
                -3.16709009723766E-014,
                -2.61193460660127E-001,
                -1.18459603345614E-001,
                -2.61193460660088E-001,
                1.17437224898815E-014
            ],
        "d_CFy" : [
                -2.02568247624388E-016,
                -2.57313998155036E-001,
                -1.01774246946800E-001,
                2.64835491133680E-016,
                1.01774246946801E-001,
                2.57313998155036E-001,
                1.01774246946801E-001,
                3.08203578033100E-016,
                -1.01774246946800E-001,
                1.10677868669363E-001,
                -3.18947719967685E-002,
                -4.57946272028428E-016,
                3.18947719967659E-002,
                -1.10677868669347E-001,
                3.18947719967611E-002,
                9.54118637416693E-016,
                -3.18947719967586E-002,
                9.65224772944810E-002,
                1.49253781478684E-001,
                -3.62738171520024E-014,
                -1.49253781478671E-001,
                -9.65224772944850E-002,
                -1.49253781478646E-001,
                5.03270482157117E-014,
                1.49253781478656E-001,
                -4.58803694830955E-015,
                1.66470070560756E-001,
                3.04218991253727E-001,
                4.73041192830593E-002,
                1.02026234573632E-001,
                4.73041192830737E-002,
                3.04218991253749E-001,
                4.73041192830743E-002,
                1.02026234573632E-001,
                4.73041192830577E-002,
                -4.46806498820220E-001,
                -2.92461060776436E-001,
                -1.35357813784990E-001,
                -2.92461060776423E-001,
                -4.46806498820206E-001,
                -2.92461060776418E-001,
                -1.35357813784991E-001,
                -2.92461060776432E-001,
                -7.30163006200408E-002,
                2.03656550370959E-001,
                1.65668129820909E-001,
                2.03656550370957E-001,
                -7.30163006200536E-002,
                2.03656550370972E-001,
                1.65668129820930E-001,
                2.03656550370979E-001,
                1.66066009082658E-001,
                1.66858714345518E-016,
                -1.06555389511875E-014,
                9.26209816958223E-003,
                2.76326361132745E-016,
                -9.26209816958351E-003,
                1.07840169086271E-014,
                9.26209816959808E-003,
                -1.28007503936731E-016,
                -9.26209816960000E-003,
                1.75554015768853E-015,
                1.56968065155109E-001,
                -6.88124267956933E-016,
                -1.56968065155117E-001,
                9.45489346537709E-015,
                1.56968065155130E-001,
                -9.96292227216550E-016,
                -1.56968065155127E-001,
                1.34150503205976E-014,
                7.51735971341339E-003,
                -8.23635859187860E-015,
                -7.51735971343004E-003,
                -5.08362578107487E-015,
                7.51735971342316E-003,
                6.53372750020737E-015,
                -7.51735971339912E-003,
                -2.98441826807050E-014
            ],