{
    "info" : {
        "generated_by" : "MachLine (c) 2023 USU Aerolab",
        "executed" : "Fri Jul 12 13:54:39 2024"
    },
    "mesh_info" : {
        "N_body_panels" : 48,
        "N_body_vertices" : 26,
        "N_wake_panels" : 0,
        "N_wake_filaments" : 0,
        "average_characteristic_length" : 4.76931360312427E-001,
        "max_flow_turning_angle" : 9.00000000000000E+001
    },
    "solver_results" : {
        "solver_status_code" : 0,
        "system_dimension" : 26,
        "timing" : {
            "system_sorting" : 1.16000000000000E-005,
            "preconditioner" : 5.70000000000000E-006,
            "matrix_solver" : 1.49000000000000E-005
        },
        "iterations" : 6,
        "residual" : {
            "max" : 8.13899007595253E-015,
            "norm" : 1.26881704061922E-014
        }
    },
    "pressure_calculations" : {
        "incompressible_rule" : {
            "max" : 6.44562086327555E-001,
            "min" : -6.48259342239216E-001
        }
    },
    "total_forces" : {
        "Cx" : 2.64729393545382E-006,
        "Cy" : 1.94289029309402E-016,
        "Cz" : -6.93889390390723E-018
    },
    "total_moments" : {
        "CMx" : -8.59777006534390E-012,
        "CMy" : -1.45716771982052E-016,
        "CMz" : 2.77555756156289E-017
    },
    "CF_sensitivities" : {
        "d_CFx" : [
                8.42882772386482E-001,
                -4.27880352964687E-002,
                -1.07860244833640E-001,
                -1.52918395543765E-001,
                -8.68963032527669E-002,
                -4.27884028622756E-002,
                -1.07860564036293E-001,
                -1.52917846325584E-001,
                -8.68962114646067E-002,
                1.66424933848852E-002,
                -1.88551100911849E-003,
                -1.57830104955072E-002,
                1.28193364719564E-003,
                1.66417786891027E-002,
                -1.88496591458431E-003,
                -1.57828018667705E-002,
                1.28215587974978E-003,
                -3.41544919974446E-001,
                -2.54018630961892E-001,
                -1.91037713215847E-001,
                -2.78141126068048E-001,
                -3.41547917459631E-001,
                -2.54016334245575E-001,
                -1.91038053114222E-001,
                -2.78139933712587E-001,
                2.06700301116330E+000,
                1.27459495428638E-008,
                2.79184751767662E-001,
                3.27550395931170E-001,
                -6.34015696893534E-004,
                -3.13508505910903E-001,
                -2.79185344434064E-001,
                -3.27550982195549E-001,
                6.33184938576254E-004,
                3.13507886198538E-001,
                -1.31315758913053E-001,
                -2.96715844394570E-001,
                -1.44503534338859E-002,
                3.17862612104461E-001,
                1.31315125244131E-001,
                2.96715769931887E-001,
                1.44504724409572E-002,
                -3.17863477828560E-001,
                -1.70051495089653E-001,
                4.98515107104684E-002,
                -2.27694046917630E-002,
                -6.52945771311779E-002,
                1.70045082888071E-001,
                -4.98563757425592E-002,
                2.27638991725286E-002,
                6.52879478162819E-002,
                -2.62225039778200E-006,
                -2.78100609125437E-008,
                1.97053977163139E-002,
                -2.42985796416703E-001,
                -5.29610578312050E-001,
                -2.56021413699472E-001,
                -1.97058327461938E-002,
                2.42984415472192E-001,
                5.29609799424539E-001,
                2.56020805411473E-001,
                1.66945920428553E-002,
                1.74225449734892E-001,
                5.63940676163316E-001,
                1.92360995605615E-001,
                -1.66953260135472E-002,
                -1.74225483930588E-001,
                -5.63941027659746E-001,
                -1.92361795429372E-001,
                6.47319862148076E-004,
                3.46307189747229E-002,
                -1.90544829791185E-001,
                5.07127412890379E-002,
                -6.51812128814392E-004,
                -3.46371138044295E-002,
                1.90539050651081E-001,
                -5.07191552678630E-002,
                -1.55778206985310E-006
            ],
        "d_CFy" : [
                -7.05602640895723E-017,
                -2.59506433925951E-001,
                -1.12165538832316E-001,
                -2.85147559700319E-005,
                1.12285752639400E-001,
                2.59506436093947E-001,
                1.12165590397685E-001,
                2.85311840796481E-005,
                -1.12285735905692E-001,
                -1.32106513616356E-001,
                -1.75635049279254E-001,
                -1.47958977475418E-004,
                1.74774461976410E-001,
                1.32107428960274E-001,
                1.75634666757221E-001,
                1.47963520748503E-004,
                -1.74774013031475E-001,
                5.26520219809478E-001,
                4.20542262306529E-001,
                1.38944394764292E-003,
                -4.07801521460163E-001,
                -5.26521058069334E-001,
                -4.20540041553962E-001,
                -1.38885750507735E-003,
                4.07801043805707E-001,
                -6.07776611374906E-007,
                2.00415937317599E-001,
                2.83899939625104E-001,
                5.02479704112416E-002,
                1.09962044696277E-001,
                5.03942031261719E-002,
                2.83899970697396E-001,
                5.02479617448691E-002,
                1.09962022923963E-001,
                5.03941765188686E-002,
                -6.27767889971470E-001,
                -3.37888307392950E-001,
                -1.34703696503253E-001,
                -3.37073936932288E-001,
                -6.27766421218024E-001,
                -3.37887894216100E-001,
                -1.34703709978192E-001,
                -3.37074032438430E-001,
                6.26815209912702E-001,
                2.77356655300279E-001,
                -2.30412156570809E-001,
                2.88222952561245E-001,
                6.26817080327248E-001,
                2.77358536984650E-001,
                -2.30410766820542E-001,
                2.88223716924356E-001,
                -2.38534975794778E-001,
                -5.29894784416873E-005,
                -1.69216480770775E-004,
                1.58452582297999E-002,
                5.73218365358627E-006,
                -1.59419320962149E-002,
                -1.69202719406798E-004,
                1.58452511181787E-002,
                5.71335038614772E-006,
                -1.59419750166225E-002,
                7.58275004173167E-003,
                2.15976602296960E-001,
                1.39946862745521E-004,
                -2.14524264002568E-001,
                7.58388018529397E-003,
                2.15977382232547E-001,
                1.39932213487347E-004,
                -2.14524444339178E-001,
                -1.46444398513218E-003,
                -4.89873625028690E-001,
                2.42631808456182E-003,
                4.81941028350939E-001,
                -1.46411621208255E-003,
                -4.89871887761488E-001,
                2.42755053938014E-003,
                4.81941339149209E-001,
                -3.84291998511943E-003
            ],