{
    "info" : {
        "generated_by" : "MachLine (c) 2023 USU Aerolab",
        "executed" : "Fri Jul 12 13:56:04 2024"
    },
    "mesh_info" : {
        "N_body_panels" : 48,
        "N_body_vertices" : 26,
        "N_wake_panels" : 0,
        "N_wake_filaments" : 0,
        "average_characteristic_length" : 4.76931360312427E-001,
        "max_flow_turning_angle" : 9.00000000000000E+001
    },
    "solver_results" : {
        "solver_status_code" : 0,
        "system_dimension" : 26,
        "timing" : {
            "system_sorting" : 2.00000000000000E-006,
            "preconditioner" : 5.70000000000000E-006,
            "matrix_solver" : 1.44000000000000E-005
        },
        "iterations" : 6,
        "residual" : {
            "max" : 1.33226762955019E-015,
            "norm" : 1.94747647646240E-015
        }
    },
    "pressure_calculations" : {
        "incompressible_rule" : {
            "max" : 6.42744471438216E-001,
            "min" : -6.54042238437779E-001
        }
    },
    "total_forces" : {
        "Cx" : -7.34869110008418E-012,
        "Cy" : 5.27355936696949E-016,
        "Cz" : 4.09394740330526E-016
    },
    "total_moments" : {
        "CMx" : 5.89805981832114E-017,
        "CMy" : -5.34294830600857E-016,
        "CMz" : 6.73072708679001E-016
    },
    "CF_sensitivities" : {
        "d_CFx" : [
                5.66978383585435E-001,
                -2.29101959013173E-002,
                -9.50335864440733E-002,
                -1.68017937700026E-001,
                -9.50335864440417E-002,
                -2.29101959013482E-002,
                -9.50335864440051E-002,
                -1.68017937700046E-001,
                -9.50335864440207E-002,
                4.92134824719650E-002,
                4.82926322241406E-002,
                4.92134824747146E-002,
                4.82926322240380E-002,
                4.92134824719421E-002,
                4.82926322241934E-002,
                4.92134824747321E-002,
                4.82926322241606E-002,
                -1.68017937700782E-001,
                -9.50335864450078E-002,
                -2.29101959039134E-002,
                -9.50335864454657E-002,
                -1.68017937700912E-001,
                -9.50335864451530E-002,
                -2.29101959035770E-002,
                -9.50335864450303E-002,
                5.66978383591111E-001,
                2.41955433380811E-014,
                1.40671972863587E-001,
                2.65577098741752E-001,
                -1.11559475950250E-014,
                -2.65577098741897E-001,
                -1.40671972863672E-001,
                -2.65577098741848E-001,
                -8.33665682879638E-014,
                2.65577098741822E-001,
                2.34721248532084E-001,
                -6.72052251693755E-002,
                2.65029104823350E-015,
                6.72052251692681E-002,
                -2.34721248532183E-001,
                6.72052251693513E-002,
                -2.77394077021603E-014,
                -6.72052251693845E-002,
                -4.76819284373501E-001,
                -1.69321360547028E-001,
                -5.04951918304624E-013,
                1.69321360546370E-001,
                4.76819284372743E-001,
                1.69321360546505E-001,
                -1.34151131666399E-013,
                -1.69321360547172E-001,
                -3.08152872681341E-013,
                9.60000238938570E-015,
                -2.53308150143564E-014,
                -1.69321360543552E-001,
                -4.76819284368797E-001,
                -1.69321360543521E-001,
                -3.05709080342917E-014,
                1.69321360543470E-001,
                4.76819284368725E-001,
                1.69321360543432E-001,
                3.90671855136866E-014,
                -6.72052251728198E-002,
                2.34721248526751E-001,
                -6.72052251727980E-002,
                -1.34498374044961E-013,
                6.72052251727620E-002,
                -2.34721248526761E-001,
                6.72052251727277E-002,
                -2.93623818115906E-013,
                2.65577098744502E-001,
                1.40671972868802E-001,
                2.65577098744044E-001,
                -3.62101617478737E-013,
                -2.65577098745302E-001,
                -1.40671972869300E-001,
                -2.65577098744966E-001,
                8.02515761882506E-014
            ],
        "d_CFy" : [
                -5.31860442297252E-017,
                -2.62727268107667E-001,
                -1.13756245491560E-001,
                1.18857110433724E-015,
                1.13756245491567E-001,
                2.62727268107668E-001,
                1.13756245491559E-001,
                -3.38852916260338E-016,
                -1.13756245491568E-001,
                1.04513649139254E-001,
                -3.10433837696846E-002,
                7.59043667247158E-015,
                3.10433837696456E-002,
                -1.04513649139138E-001,
                3.10433837696165E-002,
                -6.79042094337615E-015,
                -3.10433837695794E-002,
                1.19087572292061E-001,
                1.55361001843303E-001,
                -3.46486932175551E-013,
                -1.55361001843172E-001,
                -1.19087572292083E-001,
                -1.55361001843053E-001,
                4.75591584195954E-013,
                1.55361001843090E-001,
                -6.07207175997335E-014,
                1.90151039550459E-001,
                2.94595411350216E-001,
                5.12049781622031E-002,
                1.04391062791367E-001,
                5.12049781622282E-002,
                2.94595411350240E-001,
                5.12049781622175E-002,
                1.04391062791365E-001,
                5.12049781622095E-002,
                -4.62363347878475E-001,
                -2.98038089628559E-001,
                -1.35647606477432E-001,
                -2.98038089628493E-001,
                -4.62363347878299E-001,
                -2.98038089628487E-001,
                -1.35647606477434E-001,
                -2.98038089628518E-001,
                -6.22033822295467E-002,
                1.98823949270305E-001,
                1.66947308607417E-001,
                1.98823949270295E-001,
                -6.22033822293727E-002,
                1.98823949270466E-001,
                1.66947308607613E-001,
                1.98823949270382E-001,
                1.90446716905178E-001,
                2.56489707944896E-015,
                -9.34495536508706E-015,
                9.29880249498233E-003,
                2.95289274652550E-015,
                -9.29880249496579E-003,
                1.22649286560250E-014,
                9.29880249499704E-003,
                -4.64431920236775E-016,
                -9.29880249498274E-003,
                -5.01855501600090E-014,
                1.62941102074234E-001,
                9.83862002530259E-015,
                -1.62941102074353E-001,
                9.96620320992125E-014,
                1.62941102074358E-001,
                7.76708853238603E-015,
                -1.62941102074331E-001,
                -7.02003559449604E-014,
                1.10874525734479E-002,
                -8.97217722322169E-014,
                -1.10874525735604E-002,
                3.15266899636154E-014,
                1.10874525736017E-002,
                7.93459574415306E-014,
                -1.10874525734905E-002,
                -1.59643132047194E-013
            ],