{
    "info" : {
        "generated_by" : "MachLine (c) 2023 USU Aerolab",
        "executed" : "Fri Jul 12 13:55:34 2024"
    },
    "mesh_info" : {
        "N_body_panels" : 48,
        "N_body_vertices" : 26,
        "N_wake_panels" : 0,
        "N_wake_filaments" : 0,
        "average_characteristic_length" : 4.76931360312427E-001,
        "max_flow_turning_angle" : 9.00000000000000E+001
    },
    "solver_results" : {
        "solver_status_code" : 0,
        "system_dimension" : 26,
        "timing" : {
            "system_sorting" : 2.00000000000000E-006,
            "preconditioner" : 5.30000000000000E-006,
            "matrix_solver" : 1.43000000000000E-005
        },
        "iterations" : 6,
        "residual" : {
            "max" : 1.33226762955019E-015,
            "norm" : 2.74206420797784E-015
        }
    },
    "pressure_calculations" : {
        "incompressible_rule" : {
            "max" : 6.44548311998521E-001,
            "min" : -6.48301802866799E-001
        }
    },
    "total_forces" : {
        "Cx" : 5.28289634260659E-011,
        "Cy" : 6.59194920871187E-016,
        "Cz" : 4.51028103753970E-017
    },
    "total_moments" : {
        "CMx" : 1.24900090270330E-016,
        "CMy" : 1.38777878078145E-017,
        "CMz" : 9.43689570931383E-016
    },
    "CF_sensitivities" : {
        "d_CFx" : [
                6.75749946868469E-001,
                2.62107314500394E-002,
                -2.64150457936354E-002,
                -7.72998854071011E-002,
                -2.38093236997247E-002,
                2.62107314300387E-002,
                -2.64150458047309E-002,
                -7.72998853818087E-002,
                -2.38093236704012E-002,
                -1.21375946194175E-002,
                -3.03610872672020E-002,
                -4.36489079882894E-002,
                -2.67200704512571E-002,
                -1.21375946467179E-002,
                -3.03610872334903E-002,
                -4.36489079831894E-002,
                -2.67200704452981E-002,
                -4.01417592023313E-001,
                -3.18866761988149E-001,
                -2.38099009059360E-001,
                -3.19468675693027E-001,
                -4.01417592083421E-001,
                -3.18866762084392E-001,
                -2.38099009133997E-001,
                -3.19468675656642E-001,
                1.13602332156337E+000,
                -7.58421300081972E-012,
                2.69604785061028E-001,
                3.16077257811970E-001,
                -2.46110123963989E-003,
                -2.92015637597015E-001,
                -2.69604785072687E-001,
                -3.16077257828017E-001,
                2.46110121146029E-003,
                2.92015637585786E-001,
                4.43766369463356E-002,
                -2.25279163193435E-001,
                -6.05323420813261E-003,
                2.80114119851028E-001,
                -4.43766369762346E-002,
                2.25279163197394E-001,
                6.05323419582491E-003,
                -2.80114119883146E-001,
                -5.97873136126632E-002,
                1.37519398174904E-001,
                -5.70184345326429E-003,
                -1.23508864544700E-001,
                5.97873134788065E-002,
                -1.37519398266649E-001,
                5.70184330889653E-003,
                1.23508864379330E-001,
                -5.19975907728887E-011,
                -4.11864782168947E-012,
                5.77079907457846E-003,
                -2.27457706366907E-001,
                -5.13055830411049E-001,
                -2.29954188669790E-001,
                -5.77079908268800E-003,
                2.27457706344995E-001,
                5.13055830399608E-001,
                2.29954188661871E-001,
                8.39534662380492E-003,
                1.04805052258823E-001,
                3.91047595759755E-001,
                1.47426125559024E-001,
                -8.39534664176094E-003,
                -1.04805052269320E-001,
                -3.91047595763186E-001,
                -1.47426125573031E-001,
                4.19250177287505E-003,
                -1.62423611874328E-002,
                -3.78987525625464E-001,
                4.32990257079346E-003,
                -4.19250192005826E-003,
                1.62423610222399E-002,
                3.78987525565887E-001,
                -4.32990273759620E-003,
                7.10964384441276E-012
            ],
        "d_CFy" : [
                -1.56456181319630E-016,
                -2.61583574220607E-001,
                -1.12832573588913E-001,
                -7.17651552887505E-005,
                1.12640997726439E-001,
                2.61583574221246E-001,
                1.12832573589985E-001,
                7.17651555674290E-005,
                -1.12640997726737E-001,
                -2.69184766768666E-001,
                -2.70171420707087E-001,
                -2.23237297196661E-005,
                2.59023297484459E-001,
                2.69184766818539E-001,
                2.70171420689887E-001,
                2.23237298151140E-005,
                -2.59023297473663E-001,
                4.26537554700695E-001,
                3.43982467853247E-001,
                9.35344772095693E-004,
                -3.46361970995187E-001,
                -4.26537554690721E-001,
                -3.43982467703887E-001,
                -9.35344720395610E-004,
                3.46361970949723E-001,
                -5.54329582005119E-012,
                2.04060898550609E-001,
                2.85246751286277E-001,
                5.43926264806601E-002,
                1.10249360356416E-001,
                5.45579897193065E-002,
                2.85246751287134E-001,
                5.43926264804479E-002,
                1.10249360355880E-001,
                5.45579897184070E-002,
                -5.65901383915402E-001,
                -3.19670080891661E-001,
                -1.34127560074501E-001,
                -3.18304264465172E-001,
                -5.65901383859659E-001,
                -3.19670080875059E-001,
                -1.34127560074702E-001,
                -3.18304264469736E-001,
                2.74268832190857E-001,
                1.17289718571880E-001,
                -2.48210703680911E-001,
                1.00215305285033E-001,
                2.74268832194583E-001,
                1.17289718623352E-001,
                -2.48210703637297E-001,
                1.00215305310609E-001,
                -4.94980222140781E-001,
                -2.86774426665186E-004,
                -1.43458105766434E-005,
                1.40615286686154E-002,
                8.31487297112362E-004,
                -1.36603221677726E-002,
                -1.43458100931652E-005,
                1.40615286682262E-002,
                8.31487296553069E-004,
                -1.36603221683822E-002,
                8.62622534202464E-003,
                2.05961898322002E-001,
                2.14145201053971E-004,
                -1.52902046004058E-001,
                8.62622538842478E-003,
                2.05961898346853E-001,
                2.14145200709765E-004,
                -1.52902046005041E-001,
                9.60044682323118E-003,
                -2.92931764793491E-001,
                -1.68502656908356E-002,
                2.84311256470275E-001,
                9.60044684046364E-003,
                -2.92931764740000E-001,
                -1.68502656455506E-002,
                2.84311256498636E-001,
                -1.93014327157761E-002
            ],