{
    "info" : {
        "generated_by" : "MachLine (c) 2023 USU Aerolab",
        "executed" : "Fri Jul 12 13:56:14 2024"
    },
    "mesh_info" : {
        "N_body_panels" : 48,
        "N_body_vertices" : 26,
        "N_wake_panels" : 0,
        "N_wake_filaments" : 0,
        "average_characteristic_length" : 4.76931360312427E-001,
        "max_flow_turning_angle" : 9.00000000000000E+001
    },
    "solver_results" : {
        "solver_status_code" : 0,
        "system_dimension" : 26,
        "timing" : {
            "system_sorting" : 2.80000000000000E-006,
            "preconditioner" : 6.30000000000000E-006,
            "matrix_solver" : 1.39000000000000E-005
        },
        "iterations" : 6,
        "residual" : {
            "max" : 1.33226762955019E-015,
            "norm" : 2.50606729542758E-015
        }
    },
    "pressure_calculations" : {
        "incompressible_rule" : {
            "max" : 6.36169324156158E-001,
            "min" : -6.74662570008823E-001
        }
    },
    "total_forces" : {
        "Cx" : -7.80422948487569E-012,
        "Cy" : 2.01227923213310E-016,
        "Cz" : 2.11636264069170E-016
    },
    "total_moments" : {
        "CMx" : 1.30971622436249E-016,
        "CMy" : -3.71230823859037E-016,
        "CMz" : 2.63677968348475E-016
    },
    "CF_sensitivities" : {
        "d_CFx" : [
                5.46729951518933E-001,
                -2.34753676519374E-002,
                -9.78232812093456E-002,
                -1.72686198783640E-001,
                -9.78232812093506E-002,
                -2.34753676519394E-002,
                -9.78232812093462E-002,
                -1.72686198783647E-001,
                -9.78232812093520E-002,
                5.95283291229078E-002,
                5.89148239709771E-002,
                5.95283291258291E-002,
                5.89148239709654E-002,
                5.95283291229043E-002,
                5.89148239709958E-002,
                5.95283291258246E-002,
                5.89148239709885E-002,
                -1.72686198783521E-001,
                -9.78232812103137E-002,
                -2.34753676541626E-002,
                -9.78232812102705E-002,
                -1.72686198783609E-001,
                -9.78232812102864E-002,
                -2.34753676542210E-002,
                -9.78232812102843E-002,
                5.46729951525367E-001,
                1.24599970332946E-014,
                1.24632405385592E-001,
                2.62505702434697E-001,
                2.91446824765563E-015,
                -2.62505702434713E-001,
                -1.24632405385599E-001,
                -2.62505702434704E-001,
                -5.53185537350264E-015,
                2.62505702434705E-001,
                2.46540425494081E-001,
                -7.12175669373821E-002,
                3.12090295454127E-015,
                7.12175669373488E-002,
                -2.46540425494108E-001,
                7.12175669373603E-002,
                -1.25570814433739E-014,
                -7.12175669373822E-002,
                -4.75854289983483E-001,
                -1.61043081467206E-001,
                -8.69229421999263E-014,
                1.61043081467105E-001,
                4.75854289983359E-001,
                1.61043081467138E-001,
                -1.81988259698736E-014,
                -1.61043081467230E-001,
                -1.50225011717539E-014,
                1.52778391117499E-014,
                -1.33391948442574E-015,
                -1.61043081463655E-001,
                -4.75854289979235E-001,
                -1.61043081463643E-001,
                -8.52797633436408E-015,
                1.61043081463637E-001,
                4.75854289979238E-001,
                1.61043081463637E-001,
                -9.07116766874490E-015,
                -7.12175669405783E-002,
                2.46540425489371E-001,
                -7.12175669405712E-002,
                -1.67358036035768E-014,
                7.12175669405542E-002,
                -2.46540425489388E-001,
                7.12175669405466E-002,
                -3.94739599293595E-014,
                2.62505702437739E-001,
                1.24632405390970E-001,
                2.62505702437664E-001,
                -4.35202594548815E-014,
                -2.62505702437854E-001,
                -1.24632405391097E-001,
                -2.62505702437773E-001,
                -2.62796686126113E-014
            ],
        "d_CFy" : [
                -3.84604720066258E-017,
                -2.58686264795555E-001,
                -1.04980009167072E-001,
                2.74373713652131E-016,
                1.04980009167071E-001,
                2.58686264795554E-001,
                1.04980009167072E-001,
                4.13151591730275E-016,
                -1.04980009167071E-001,
                1.09040811675282E-001,
                -3.16993596275641E-002,
                -1.43650325990872E-016,
                3.16993596275598E-002,
                -1.09040811675257E-001,
                3.16993596275542E-002,
                3.55950035090448E-016,
                -3.16993596275499E-002,
                1.02633914742902E-001,
                1.50825948614979E-001,
                -4.71323412836941E-014,
                -1.50825948614990E-001,
                -1.02633914742872E-001,
                -1.50825948614930E-001,
                6.67175604446637E-014,
                1.50825948614999E-001,
                -1.32209047810363E-014,
                1.73313127291447E-001,
                3.01563442941273E-001,
                4.82428251452690E-002,
                1.02754124592477E-001,
                4.82428251452851E-002,
                3.01563442941295E-001,
                4.82428251452841E-002,
                1.02754124592476E-001,
                4.82428251452693E-002,
                -4.51076276318458E-001,
                -2.93946578652347E-001,
                -1.35472666790743E-001,
                -2.93946578652329E-001,
                -4.51076276318436E-001,
                -2.93946578652327E-001,
                -1.35472666790744E-001,
                -2.93946578652338E-001,
                -7.04020630117190E-002,
                2.02309912723242E-001,
                1.66187731815571E-001,
                2.02309912723254E-001,
                -7.04020630117298E-002,
                2.02309912723259E-001,
                1.66187731815600E-001,
                2.02309912723271E-001,
                1.73153649386783E-001,
                3.01299783733722E-016,
                -1.07977862762176E-014,
                9.42523563503123E-003,
                1.99740882951148E-016,
                -9.42523563502978E-003,
                1.06400890702296E-014,
                9.42523563504682E-003,
                -3.09895823675675E-016,
                -9.42523563504602E-003,
                -5.54417622922188E-015,
                1.58544909575535E-001,
                2.51078770354292E-016,
                -1.58544909575548E-001,
                8.86649694636921E-015,
                1.58544909575561E-001,
                -5.80676230789885E-016,
                -1.58544909575566E-001,
                1.28738165960929E-014,
                8.71756033225346E-003,
                -1.80301929928920E-014,
                -8.71756033227630E-003,
                7.05578445062831E-016,
                8.71756033227630E-003,
                1.63514143490154E-014,
                -8.71756033224089E-003,
                -4.94257412775312E-014
            ],