{
    "info" : {
        "generated_by" : "MachLine (c) 2023 USU Aerolab",
        "executed" : "Fri Jul 12 13:54:54 2024"
    },
    "mesh_info" : {
        "N_body_panels" : 48,
        "N_body_vertices" : 26,
        "N_wake_panels" : 0,
        "N_wake_filaments" : 0,
        "average_characteristic_length" : 4.76931360312427E-001,
        "max_flow_turning_angle" : 9.00000000000000E+001
    },
    "solver_results" : {
        "solver_status_code" : 0,
        "system_dimension" : 26,
        "timing" : {
            "system_sorting" : 2.10000000000000E-006,
            "preconditioner" : 5.50000000000000E-006,
            "matrix_solver" : 1.50000000000000E-005
        },
        "iterations" : 6,
        "residual" : {
            "max" : 8.88178419700125E-016,
            "norm" : 1.94383374043147E-015
        }
    },
    "pressure_calculations" : {
        "incompressible_rule" : {
            "max" : 6.44562110354716E-001,
            "min" : -6.48258057903759E-001
        }
    },
    "total_forces" : {
        "Cx" : 2.88087412675386E-008,
        "Cy" : 9.85322934354826E-016,
        "Cz" : 7.56339435525888E-016
    },
    "total_moments" : {
        "CMx" : -2.48780163136786E-013,
        "CMy" : -4.96130914129367E-016,
        "CMz" : 1.24206200879939E-015
    },
    "CF_sensitivities" : {
        "d_CFx" : [
                8.42882941378291E-001,
                -4.27876753737433E-002,
                -1.07859539820386E-001,
                -1.52918291361639E-001,
                -8.68956162647194E-002,
                -4.27877049320631E-002,
                -1.07859524506698E-001,
                -1.52918334042457E-001,
                -8.68956061410097E-002,
                1.66423709939443E-002,
                -1.88598343666357E-003,
                -1.57833268630794E-002,
                1.28235148502065E-003,
                1.66423361900081E-002,
                -1.88593419889838E-003,
                -1.57833318535077E-002,
                1.28236367012802E-003,
                -3.41540372617822E-001,
                -2.54018515255518E-001,
                -1.91035986968014E-001,
                -2.78142027019169E-001,
                -3.41540473817024E-001,
                -2.54018814689686E-001,
                -1.91036104569556E-001,
                -2.78141821206565E-001,
                2.06700168257589E+000,
                3.29274515945351E-009,
                2.79185251682285E-001,
                3.27550450859443E-001,
                -6.33714212728650E-004,
                -3.13507820282634E-001,
                -2.79185288606351E-001,
                -3.27550501034545E-001,
                6.33656652513843E-004,
                3.13507773068535E-001,
                -1.31317096195404E-001,
                -2.96715804932212E-001,
                -1.44500849955556E-002,
                3.17863064275242E-001,
                1.31317065705633E-001,
                2.96715802582972E-001,
                1.44500713441412E-002,
                -3.17863140995696E-001,
                -1.70047404550640E-001,
                4.98525726383193E-002,
                -2.27656022356969E-002,
                -6.52905606717777E-002,
                1.70047173531310E-001,
                -4.98528489451661E-002,
                2.27652691246946E-002,
                6.52900898280699E-002,
                -1.23244924007870E-007,
                -1.55351794173564E-008,
                1.97058060391826E-002,
                -2.42984954577264E-001,
                -5.29610499677819E-001,
                -2.56021046207965E-001,
                -1.97058252592812E-002,
                2.42984864459360E-001,
                5.29610463489391E-001,
                2.56021010382553E-001,
                1.66943302049500E-002,
                1.74226473354714E-001,
                5.63942480942838E-001,
                1.92361357896441E-001,
                -1.66943757717363E-002,
                -1.74226489249952E-001,
                -5.63942489558273E-001,
                -1.92361408601333E-001,
                6.49116620285310E-004,
                3.46330595528077E-002,
                -1.90542901831635E-001,
                5.07196831635475E-002,
                -6.49455139362916E-004,
                -3.46334461336405E-002,
                1.90542654001756E-001,
                -5.07201073252720E-002,
                -7.33958262670014E-008
            ],
        "d_CFy" : [
                5.88512577774834E-018,
                -2.59506266724418E-001,
                -1.12165721775538E-001,
                -2.85092326817028E-005,
                1.12285912250505E-001,
                2.59506267910411E-001,
                1.12165723952390E-001,
                2.85106533658626E-005,
                -1.12285914885019E-001,
                -1.32105701452752E-001,
                -1.75634283806070E-001,
                -1.48067373761547E-004,
                1.74774261838712E-001,
                1.32105797646539E-001,
                1.75634243006502E-001,
                1.48067439205921E-004,
                -1.74774241006945E-001,
                5.26516454257602E-001,
                4.20544164072643E-001,
                1.39208444689343E-003,
                -4.07802933400520E-001,
                -5.26516341932749E-001,
                -4.20544074493564E-001,
                -1.39198336016319E-003,
                4.07802786940355E-001,
                -4.06282779500832E-008,
                2.00415891538472E-001,
                2.83900058179257E-001,
                5.02480846744487E-002,
                1.09962032245620E-001,
                5.03941625723283E-002,
                2.83900059700449E-001,
                5.02480834253901E-002,
                1.09962031032969E-001,
                5.03941604344173E-002,
                -6.27768083386373E-001,
                -3.37887306932270E-001,
                -1.34703611293045E-001,
                -3.37073469058039E-001,
                -6.27767978133528E-001,
                -3.37887265817116E-001,
                -1.34703612215808E-001,
                -3.37073476715473E-001,
                6.26815720269848E-001,
                2.77357911688563E-001,
                -2.30411044522450E-001,
                2.88223228313324E-001,
                6.26815761059578E-001,
                2.77358055086706E-001,
                -2.30410938643285E-001,
                2.88223276587514E-001,
                -2.38532037976013E-001,
                -5.30191438236059E-005,
                -1.69197949938656E-004,
                1.58450286883126E-002,
                5.70667883582636E-006,
                -1.59419564164462E-002,
                -1.69197385380635E-004,
                1.58450284102726E-002,
                5.70554664859875E-006,
                -1.59419590238729E-002,
                7.58320469009663E-003,
                2.15976759826616E-001,
                1.39880995149331E-004,
                -2.14524079586980E-001,
                7.58331869720276E-003,
                2.15976822572308E-001,
                1.39879998059392E-004,
                -2.14524110224148E-001,
                -1.46471510000268E-003,
                -4.89870876151646E-001,
                2.42714266018473E-003,
                4.81939880143241E-001,
                -1.46469108592607E-003,
                -4.89870741211458E-001,
                2.42720732706959E-003,
                4.81939885868111E-001,
                -3.84096112910774E-003
            ],