{
    "info" : {
        "generated_by" : "MachLine (c) 2023 USU Aerolab",
        "executed" : "Fri Jul 12 13:54:31 2024"
    },
    "mesh_info" : {
        "N_body_panels" : 48,
        "N_body_vertices" : 26,
        "N_wake_panels" : 0,
        "N_wake_filaments" : 0,
        "average_characteristic_length" : 4.76931360312427E-001,
        "max_flow_turning_angle" : 9.00000000000000E+001
    },
    "solver_results" : {
        "solver_status_code" : 0,
        "system_dimension" : 26,
        "timing" : {
            "system_sorting" : 2.00000000000000E-006,
            "preconditioner" : 5.90000000000000E-006,
            "matrix_solver" : 1.37000000000000E-005
        },
        "iterations" : 6,
        "residual" : {
            "max" : 2.95319324550292E-014,
            "norm" : 4.51745931092914E-014
        }
    },
    "pressure_calculations" : {
        "incompressible_rule" : {
            "max" : 6.44562421697824E-001,
            "min" : -6.48259427889312E-001
        }
    },
    "total_forces" : {
        "Cx" : 4.32785110290879E-006,
        "Cy" : -2.63677968348475E-016,
        "Cz" : 2.49800180540660E-016
    },
    "total_moments" : {
        "CMx" : -4.52336015865917E-011,
        "CMy" : -1.45716771982052E-016,
        "CMz" : -2.08166817117217E-016
    },
    "CF_sensitivities" : {
        "d_CFx" : [
                8.42881383645782E-001,
                -4.27911228999156E-002,
                -1.07863656938478E-001,
                -1.52915271375689E-001,
                -8.68971397484110E-002,
                -4.27926147172863E-002,
                -1.07862598601028E-001,
                -1.52918814423879E-001,
                -8.68982283885023E-002,
                1.66431540242651E-002,
                -1.88657025736849E-003,
                -1.57859380390393E-002,
                1.27831306891601E-003,
                1.66397562158684E-002,
                -1.88260006069885E-003,
                -1.57850276379696E-002,
                1.27824250791964E-003,
                -3.41555954135781E-001,
                -2.54009509912813E-001,
                -1.91069944149559E-001,
                -2.78172242673338E-001,
                -3.41563037382299E-001,
                -2.54048953433577E-001,
                -1.91041401331842E-001,
                -2.78164864518964E-001,
                2.06700814489521E+000,
                6.72156631927974E-007,
                2.79187082089098E-001,
                3.27550842871552E-001,
                -6.34336175535783E-004,
                -3.13510242091124E-001,
                -2.79187881600743E-001,
                -3.27554797286558E-001,
                6.31168495662801E-004,
                3.13508221141527E-001,
                -1.31309324904450E-001,
                -2.96718244562672E-001,
                -1.44503508794260E-002,
                3.17862599849962E-001,
                1.31306767489340E-001,
                2.96718372869028E-001,
                1.44520294449351E-002,
                -3.17866990477750E-001,
                -1.70058399347816E-001,
                4.98485678979275E-002,
                -2.27889664076004E-002,
                -6.53079449306231E-002,
                1.70027072104533E-001,
                -4.98686867552450E-002,
                2.27672017065113E-002,
                6.52721893244493E-002,
                -1.79679442142868E-005,
                -2.27235183971494E-006,
                1.97070012528653E-002,
                -2.42989657256228E-001,
                -5.29612037356977E-001,
                -2.56022518746487E-001,
                -1.97087758043871E-002,
                2.42984472704393E-001,
                5.29608437991475E-001,
                2.56019822724384E-001,
                1.66947677746636E-002,
                1.74227827369294E-001,
                5.63936201639643E-001,
                1.92360886264753E-001,
                -1.66985543795387E-002,
                -1.74229114760434E-001,
                -5.63936939920167E-001,
                -1.92364602231014E-001,
                6.38841927697316E-004,
                3.46172954857198E-002,
                -1.90541941670311E-001,
                5.06899996662444E-002,
                -6.63895499364158E-004,
                -3.46493574182013E-002,
                1.90517342372782E-001,
                -5.07274407160953E-002,
                -8.70663838795303E-006
            ],
        "d_CFy" : [
                -8.38031899323483E-017,
                -2.59507646487617E-001,
                -1.12164614983768E-001,
                -2.84285497417714E-005,
                1.12284880279107E-001,
                2.59507663661361E-001,
                1.12164788816480E-001,
                2.85989228089466E-005,
                -1.12284972622682E-001,
                -1.32112267719923E-001,
                -1.75637177698524E-001,
                -1.47964131940849E-004,
                1.74774528201174E-001,
                1.32115665927163E-001,
                1.75633562881659E-001,
                1.47964477101361E-004,
                -1.74772960379029E-001,
                5.26549524959538E-001,
                4.20530155841496E-001,
                1.38249176073267E-003,
                -4.07786719887778E-001,
                -5.26543682787238E-001,
                -4.20521129691215E-001,
                -1.37041465644094E-003,
                4.07783110530680E-001,
                -3.18635918757777E-006,
                2.00416034531371E-001,
                2.83899901444051E-001,
                5.02485737560755E-002,
                1.09962144515239E-001,
                5.03946555303385E-002,
                2.83900003477943E-001,
                5.02485074722238E-002,
                1.09962033933660E-001,
                5.03944827448494E-002,
                -6.27764307459240E-001,
                -3.37888615251904E-001,
                -1.34704039090108E-001,
                -3.37072418315074E-001,
                -6.27757115159642E-001,
                -3.37886110883263E-001,
                -1.34704119283697E-001,
                -3.37073294430969E-001,
                6.26819328501957E-001,
                2.77339483379814E-001,
                -2.30412281894004E-001,
                2.88208342663106E-001,
                6.26822933074113E-001,
                2.77347871730324E-001,
                -2.30404389326778E-001,
                2.88209559899211E-001,
                -2.38548278603228E-001,
                -5.28755152333535E-005,
                -1.69202984279586E-004,
                1.58446717004660E-002,
                5.79985385800279E-006,
                -1.59415528703454E-002,
                -1.69111351632964E-004,
                1.58446211926082E-002,
                5.70590201799722E-006,
                -1.59416818182245E-002,
                7.58010615763872E-003,
                2.15976962395956E-001,
                1.39778451046011E-004,
                -2.14526328420005E-001,
                7.58747964622173E-003,
                2.15981048594767E-001,
                1.39720111414216E-004,
                -2.14526224056244E-001,
                -1.46599621202949E-003,
                -4.89883623750843E-001,
                2.42631620542350E-003,
                4.81945169405790E-001,
                -1.46160353181550E-003,
                -4.89875669484739E-001,
                2.43082411417346E-003,
                4.81948737469710E-001,
                -3.85292035572142E-003
            ],