{
    "info" : {
        "generated_by" : "MachLine (c) 2023 USU Aerolab",
        "executed" : "Fri Jul 12 13:56:18 2024"
    },
    "mesh_info" : {
        "N_body_panels" : 48,
        "N_body_vertices" : 26,
        "N_wake_panels" : 0,
        "N_wake_filaments" : 0,
        "average_characteristic_length" : 4.76931360312427E-001,
        "max_flow_turning_angle" : 9.00000000000000E+001
    },
    "solver_results" : {
        "solver_status_code" : 0,
        "system_dimension" : 26,
        "timing" : {
            "system_sorting" : 2.00000000000000E-006,
            "preconditioner" : 5.80000000000000E-006,
            "matrix_solver" : 1.41000000000000E-005
        },
        "iterations" : 6,
        "residual" : {
            "max" : 8.88178419700125E-016,
            "norm" : 1.42036039574742E-015
        }
    },
    "pressure_calculations" : {
        "incompressible_rule" : {
            "max" : 6.28596417655117E-001,
            "min" : -6.97628574442528E-001
        }
    },
    "total_forces" : {
        "Cx" : -8.11456457583404E-012,
        "Cy" : 2.08166817117217E-017,
        "Cz" : -9.71445146547012E-017
    },
    "total_moments" : {
        "CMx" : -2.68882138776405E-017,
        "CMy" : -2.81025203108243E-016,
        "CMz" : -2.15105711021124E-016
    },
    "CF_sensitivities" : {
        "d_CFx" : [
                5.27295850558377E-001,
                -2.51777451147334E-002,
                -1.01797409994548E-001,
                -1.78310782148228E-001,
                -1.01797409994547E-001,
                -2.51777451147375E-002,
                -1.01797409994543E-001,
                -1.78310782148235E-001,
                -1.01797409994542E-001,
                7.17951840364233E-002,
                7.16402379351133E-002,
                7.17951840394890E-002,
                7.16402379351095E-002,
                7.17951840364202E-002,
                7.16402379351191E-002,
                7.17951840394899E-002,
                7.16402379351133E-002,
                -1.78310782147906E-001,
                -1.01797409995411E-001,
                -2.51777451169414E-002,
                -1.01797409995449E-001,
                -1.78310782147950E-001,
                -1.01797409995454E-001,
                -2.51777451169583E-002,
                -1.01797409995433E-001,
                5.27295850565900E-001,
                1.51199696188819E-014,
                1.04753446662639E-001,
                2.58065241395726E-001,
                6.18008213205179E-015,
                -2.58065241395722E-001,
                -1.04753446662648E-001,
                -2.58065241395726E-001,
                2.00326464461761E-015,
                2.58065241395724E-001,
                2.60091198953426E-001,
                -7.60061827411299E-002,
                -6.21796513636868E-015,
                7.60061827411012E-002,
                -2.60091198953445E-001,
                7.60061827411123E-002,
                -1.18161056017002E-014,
                -7.60061827411242E-002,
                -4.72977071692670E-001,
                -1.50457190304167E-001,
                -3.70120535392200E-014,
                1.50457190304125E-001,
                4.72977071692644E-001,
                1.50457190304140E-001,
                -1.42603300960896E-014,
                -1.50457190304178E-001,
                -1.40445005063525E-014,
                1.53716278565090E-014,
                -1.94321241573975E-015,
                -1.50457190300572E-001,
                -4.72977071688625E-001,
                -1.50457190300564E-001,
                -2.78283932831431E-015,
                1.50457190300571E-001,
                4.72977071688633E-001,
                1.50457190300566E-001,
                -8.18239142786464E-015,
                -7.60061827440783E-002,
                2.60091198949110E-001,
                -7.60061827440808E-002,
                -1.34866063384546E-014,
                7.60061827440589E-002,
                -2.60091198949129E-001,
                7.60061827440583E-002,
                -1.29534124741606E-014,
                2.58065241398760E-001,
                1.04753446668104E-001,
                2.58065241398752E-001,
                -1.98135077716078E-014,
                -2.58065241398807E-001,
                -1.04753446668139E-001,
                -2.58065241398788E-001,
                6.14721272657185E-015
            ],
        "d_CFy" : [
                -1.11429887854623E-016,
                -2.54519698296998E-001,
                -9.49111590305362E-002,
                3.47452514446505E-016,
                9.49111590305358E-002,
                2.54519698296998E-001,
                9.49111590305356E-002,
                6.51262687312796E-017,
                -9.49111590305353E-002,
                1.14158824342900E-001,
                -3.22383149418840E-002,
                2.43044540176411E-016,
                3.22383149418820E-002,
                -1.14158824342889E-001,
                3.22383149418787E-002,
                2.60391774936179E-016,
                -3.22383149418773E-002,
                8.32695384763431E-002,
                1.46018257998575E-001,
                -1.51177668215069E-014,
                -1.46018257998576E-001,
                -8.32695384763418E-002,
                -1.46018257998538E-001,
                2.70325441977775E-014,
                1.46018257998581E-001,
                -5.49016369131374E-015,
                1.50734516781552E-001,
                3.09994399828070E-001,
                4.55286709107805E-002,
                1.00253804148968E-001,
                4.55286709107969E-002,
                3.09994399828094E-001,
                4.55286709107970E-002,
                1.00253804148968E-001,
                4.55286709107800E-002,
                -4.37375289262854E-001,
                -2.89276390492689E-001,
                -1.35012695871220E-001,
                -2.89276390492675E-001,
                -4.37375289262853E-001,
                -2.89276390492675E-001,
                -1.35012695871221E-001,
                -2.89276390492685E-001,
                -7.79821265395211E-002,
                2.06637364760439E-001,
                1.64154924257015E-001,
                2.06637364760427E-001,
                -7.79821265395330E-002,
                2.06637364760435E-001,
                1.64154924257029E-001,
                2.06637364760455E-001,
                1.49640869383277E-001,
                1.11455983331510E-016,
                -1.14873388579184E-014,
                8.58331952432009E-003,
                -2.89050215064913E-016,
                -8.58331952431968E-003,
                1.17478726399667E-014,
                8.58331952433669E-003,
                -1.22079248741590E-016,
                -8.58331952433650E-003,
                2.33840724561674E-015,
                1.53632810349808E-001,
                -4.20153284033869E-016,
                -1.53632810349810E-001,
                2.16200755215334E-015,
                1.53632810349823E-001,
                -8.98236557708504E-016,
                -1.53632810349820E-001,
                3.64809636492491E-015,
                4.40936447376780E-003,
                -3.37954599890191E-015,
                -4.40936447378076E-003,
                -7.22228783465247E-015,
                4.40936447376572E-003,
                6.36153565410604E-015,
                -4.40936447375803E-003,
                -1.50608692184306E-014
            ],