{
    "info" : {
        "generated_by" : "MachLine (c) 2023 USU Aerolab",
        "executed" : "Fri Jul 12 13:54:38 2024"
    },
    "mesh_info" : {
        "N_body_panels" : 48,
        "N_body_vertices" : 26,
        "N_wake_panels" : 0,
        "N_wake_filaments" : 0,
        "average_characteristic_length" : 4.76931360312427E-001,
        "max_flow_turning_angle" : 9.00000000000000E+001
    },
    "solver_results" : {
        "solver_status_code" : 0,
        "system_dimension" : 26,
        "timing" : {
            "system_sorting" : 2.10000000000000E-006,
            "preconditioner" : 5.60000000000000E-006,
            "matrix_solver" : 1.38000000000000E-005
        },
        "iterations" : 6,
        "residual" : {
            "max" : 2.66453525910038E-015,
            "norm" : 8.82913525154157E-015
        }
    },
    "pressure_calculations" : {
        "incompressible_rule" : {
            "max" : 6.44562555328921E-001,
            "min" : -6.48260857015980E-001
        }
    },
    "total_forces" : {
        "Cx" : 3.27448313358625E-006,
        "Cy" : -2.08166817117217E-017,
        "Cz" : -4.54497550705923E-016
    },
    "total_moments" : {
        "CMx" : -1.60384049791018E-011,
        "CMy" : 5.16947595841089E-016,
        "CMz" : 6.24500451351651E-017
    },
    "CF_sensitivities" : {
        "d_CFx" : [
                8.42882928568471E-001,
                -4.27894432294053E-002,
                -1.07860422818314E-001,
                -1.52917126134187E-001,
                -8.68972080148132E-002,
                -4.27894150129609E-002,
                -1.07860148930470E-001,
                -1.52917674023785E-001,
                -8.68962768936935E-002,
                1.66439637232740E-002,
                -1.88654108721420E-003,
                -1.57829580834112E-002,
                1.28102921659745E-003,
                1.66430227064787E-002,
                -1.88565151292330E-003,
                -1.57829502104720E-002,
                1.28189896336983E-003,
                -3.41547378042174E-001,
                -2.54018975921857E-001,
                -1.91042421846568E-001,
                -2.78145167529587E-001,
                -3.41553452747923E-001,
                -2.54025645945327E-001,
                -1.91043650409733E-001,
                -2.78141441136929E-001,
                2.06700284034153E+000,
                1.44151475562880E-007,
                2.79184588052978E-001,
                3.27550303778417E-001,
                -6.33585551139791E-004,
                -3.13508722737480E-001,
                -2.79185443236842E-001,
                -3.27551324815232E-001,
                6.32563234470749E-004,
                3.13508030294424E-001,
                -1.31314977772639E-001,
                -2.96715106411812E-001,
                -1.44504107998415E-002,
                3.17862128667302E-001,
                1.31314384616031E-001,
                2.96715383322958E-001,
                1.44501372065408E-002,
                -3.17863196752697E-001,
                -1.70051622985859E-001,
                4.98515746857516E-002,
                -2.27713976066553E-002,
                -6.52951553319546E-002,
                1.70043180131799E-001,
                -4.98559056021386E-002,
                2.27643554113065E-002,
                6.52867273456105E-002,
                -5.22768013576524E-006,
                -2.18403573742212E-007,
                1.97060709940968E-002,
                -2.42986434587177E-001,
                -5.29610401364593E-001,
                -2.56021397390856E-001,
                -1.97065519145050E-002,
                2.42985128256033E-001,
                5.29609531893528E-001,
                2.56020702498373E-001,
                1.66945362383937E-002,
                1.74225078467090E-001,
                5.63940587148623E-001,
                1.92359864903647E-001,
                -1.66953884161447E-002,
                -1.74225695107342E-001,
                -5.63940469308304E-001,
                -1.92361535589763E-001,
                6.47057064840902E-004,
                3.46311557949728E-002,
                -1.90545653167750E-001,
                5.07132502916679E-002,
                -6.53596997586712E-004,
                -3.46384288833473E-002,
                1.90535690306672E-001,
                -5.07212128113011E-002,
                -2.25874779820729E-006
            ],
        "d_CFy" : [
                -3.85571055305958E-017,
                -2.59506405780025E-001,
                -1.12165567576818E-001,
                -2.84892290955576E-005,
                1.12285930122627E-001,
                2.59506369110218E-001,
                1.12165573365521E-001,
                2.85326350557255E-005,
                -1.12285945701538E-001,
                -1.32107106390077E-001,
                -1.75635428961376E-001,
                -1.47962218689102E-004,
                1.74774818506447E-001,
                1.32108043056319E-001,
                1.75634702867033E-001,
                1.47951748935172E-004,
                -1.74774206847251E-001,
                5.26521376594440E-001,
                4.20543904416035E-001,
                1.38926547251262E-003,
                -4.07802645057278E-001,
                -5.26521313442577E-001,
                -4.20540350675503E-001,
                -1.38933650264506E-003,
                4.07798591561907E-001,
                -7.11141189831153E-007,
                2.00416021050848E-001,
                2.83899453846718E-001,
                5.02479444644379E-002,
                1.09962084195492E-001,
                5.03941058376582E-002,
                2.83899465885346E-001,
                5.02479299138874E-002,
                1.09962056414982E-001,
                5.03940640203375E-002,
                -6.27767984407490E-001,
                -3.37888434045335E-001,
                -1.34703734281662E-001,
                -3.37073894624554E-001,
                -6.27766426203296E-001,
                -3.37887758236633E-001,
                -1.34703749179283E-001,
                -3.37074080646616E-001,
                6.26816349198222E-001,
                2.77357061533852E-001,
                -2.30412505967298E-001,
                2.88221974084797E-001,
                6.26816546084859E-001,
                2.77359592470164E-001,
                -2.30410514633993E-001,
                2.88223657403292E-001,
                -2.38536169813477E-001,
                -5.29920371333131E-005,
                -1.69184309823413E-004,
                1.58452329471996E-002,
                5.73247211669078E-006,
                -1.59420454728482E-002,
                -1.69176028289627E-004,
                1.58452283085767E-002,
                5.70709897300323E-006,
                -1.59420796893287E-002,
                7.58170527054864E-003,
                2.15976219015444E-001,
                1.39920165421853E-004,
                -2.14524079342185E-001,
                7.58357465744856E-003,
                2.15977389637076E-001,
                1.39905737831511E-004,
                -2.14525147875537E-001,
                -1.46425386663696E-003,
                -4.89873760703927E-001,
                2.42609158485024E-003,
                4.81940685088277E-001,
                -1.46340641101816E-003,
                -4.89872213077198E-001,
                2.42778277850114E-003,
                4.81941648107827E-001,
                -3.84247518756958E-003
            ],