{
    "info" : {
        "generated_by" : "MachLine (c) 2023 USU Aerolab",
        "executed" : "Fri Jul 12 13:55:02 2024"
    },
    "mesh_info" : {
        "N_body_panels" : 48,
        "N_body_vertices" : 26,
        "N_wake_panels" : 0,
        "N_wake_filaments" : 0,
        "average_characteristic_length" : 4.76931360312427E-001,
        "max_flow_turning_angle" : 9.00000000000000E+001
    },
    "solver_results" : {
        "solver_status_code" : 0,
        "system_dimension" : 26,
        "timing" : {
            "system_sorting" : 2.20000000000000E-006,
            "preconditioner" : 6.30000000000000E-006,
            "matrix_solver" : 1.43000000000000E-005
        },
        "iterations" : 6,
        "residual" : {
            "max" : 4.44089209850063E-016,
            "norm" : 1.13257155431336E-015
        }
    },
    "pressure_calculations" : {
        "incompressible_rule" : {
            "max" : 6.44562065914874E-001,
            "min" : -6.48258162731951E-001
        }
    },
    "total_forces" : {
        "Cx" : 2.74027841112856E-008,
        "Cy" : 2.13717932240343E-015,
        "Cz" : 1.01654795692241E-015
    },
    "total_moments" : {
        "CMx" : -8.32164198660834E-014,
        "CMy" : -1.29063426612674E-015,
        "CMz" : 2.43555176027144E-015
    },
    "CF_sensitivities" : {
        "d_CFx" : [
                8.42882884121582E-001,
                -4.27876793909846E-002,
                -1.07859520197599E-001,
                -1.52918353907835E-001,
                -8.68956049475083E-002,
                -4.27876801628031E-002,
                -1.07859517032320E-001,
                -1.52918357065830E-001,
                -8.68955943562496E-002,
                1.66424321208791E-002,
                -1.88593475403942E-003,
                -1.57832964110107E-002,
                1.28242987394378E-003,
                1.66424220109083E-002,
                -1.88593249507307E-003,
                -1.57832949876850E-002,
                1.28243849788134E-003,
                -3.41540398116454E-001,
                -2.54018898148443E-001,
                -1.91035659585368E-001,
                -2.78141997490509E-001,
                -3.41540488157560E-001,
                -2.54018969688414E-001,
                -1.91035632990844E-001,
                -2.78141985728456E-001,
                2.06700174336695E+000,
                -4.42304161051691E-009,
                2.79185199783036E-001,
                3.27550470714254E-001,
                -6.33710322731318E-004,
                -3.13507774546219E-001,
                -2.79185204733608E-001,
                -3.27550480566778E-001,
                6.33700098680849E-004,
                3.13507762986816E-001,
                -1.31317183746660E-001,
                -2.96715783779509E-001,
                -1.44500914920719E-002,
                3.17863102555671E-001,
                1.31317173019652E-001,
                2.96715783493257E-001,
                1.44500885633942E-002,
                -3.17863115053567E-001,
                -1.89368082772550E-001,
                4.98527236231556E-002,
                -2.27653630008675E-002,
                -6.52903891661316E-002,
                1.89367988685726E-001,
                -4.98527559213126E-002,
                2.27652914821952E-002,
                6.52902997790912E-002,
                -1.42121673962466E-008,
                -4.27886995318940E-009,
                1.97058044180673E-002,
                -2.42984850611845E-001,
                -4.95488238482519E-001,
                -2.56020990113631E-001,
                -1.97058101119342E-002,
                2.42984835996345E-001,
                4.95488227957397E-001,
                2.56020979211910E-001,
                1.66943036767844E-002,
                1.74226445442510E-001,
                5.63942637083940E-001,
                1.92361345515209E-001,
                -1.66943130507227E-002,
                -1.74226448873198E-001,
                -5.63942637739613E-001,
                -1.92361357724934E-001,
                6.49231173864769E-004,
                3.46331391891829E-002,
                -1.90543030685452E-001,
                5.07199543395202E-002,
                -6.49304635722817E-004,
                -3.46332171450034E-002,
                1.90542982511081E-001,
                -5.07200397686083E-002,
                -2.61206916912262E-009
            ],
        "d_CFy" : [
                -1.35849305161936E-017,
                -2.59506240054175E-001,
                -1.12165689082012E-001,
                -2.85094211981947E-005,
                1.12285884824084E-001,
                2.59506240160411E-001,
                1.12165689535784E-001,
                2.85100160593972E-005,
                -1.12285885065322E-001,
                -1.32105660332481E-001,
                -1.75634291364231E-001,
                -1.48070342528719E-004,
                1.74774294241230E-001,
                1.32105675286303E-001,
                1.75634282537685E-001,
                1.48070381142741E-004,
                -1.74774290492206E-001,
                5.26516042246766E-001,
                4.20544369520221E-001,
                1.39219584330997E-003,
                -4.07803057887345E-001,
                -5.26516026536428E-001,
                -4.20544344961077E-001,
                -1.39216492164307E-003,
                4.07803038745694E-001,
                -8.77086556373727E-009,
                2.00415819407491E-001,
                2.83900103756777E-001,
                5.02480633793552E-002,
                1.09962021938048E-001,
                5.03941359279264E-002,
                2.83900103864637E-001,
                5.02480633226516E-002,
                1.09962021646244E-001,
                5.03941354788111E-002,
                -6.27768090168083E-001,
                -3.37887259339850E-001,
                -1.34703605777596E-001,
                -3.37073453304338E-001,
                -6.27768066756968E-001,
                -3.37887252231942E-001,
                -1.34703605946819E-001,
                -3.37073455994146E-001,
                6.93285601799467E-001,
                2.77358087936353E-001,
                -2.30411071818987E-001,
                2.88223352803820E-001,
                6.93285615652405E-001,
                2.77358113316948E-001,
                -2.30411051956546E-001,
                2.88223363179246E-001,
                -2.38532032408886E-001,
                -5.30203392374400E-005,
                -1.69197478223800E-004,
                1.58450305562417E-002,
                5.70589976719573E-006,
                -1.59419671418463E-002,
                -1.69197260832858E-004,
                1.58450304657708E-002,
                5.70565728091874E-006,
                -1.59419675876690E-002,
                7.58323635829295E-003,
                2.15976741140895E-001,
                1.39878866366154E-004,
                -2.14524022137651E-001,
                7.58325708231969E-003,
                2.15976753362135E-001,
                1.39878653845815E-004,
                -2.14524029823224E-001,
                -1.46473877949313E-003,
                -4.89870837909554E-001,
                2.42716656706668E-003,
                4.81939866113603E-001,
                -1.46472621988918E-003,
                -4.89870819631681E-001,
                2.42719195499445E-003,
                4.81939879468171E-001,
                -3.84084212221722E-003
            ],