{
    "info" : {
        "generated_by" : "MachLine (c) 2023 USU Aerolab",
        "executed" : "Fri Jul 12 13:56:36 2024"
    },
    "mesh_info" : {
        "N_body_panels" : 48,
        "N_body_vertices" : 26,
        "N_wake_panels" : 0,
        "N_wake_filaments" : 0,
        "average_characteristic_length" : 4.76931360312427E-001,
        "max_flow_turning_angle" : 9.00000000000000E+001
    },
    "solver_results" : {
        "solver_status_code" : 0,
        "system_dimension" : 26,
        "timing" : {
            "system_sorting" : 2.30000000000000E-006,
            "preconditioner" : 5.90000000000000E-006,
            "matrix_solver" : 1.88000000000000E-005
        },
        "iterations" : 9,
        "residual" : {
            "max" : 1.40998324127395E-014,
            "norm" : 2.40606103594116E-014
        }
    },
    "pressure_calculations" : {
        "incompressible_rule" : {
            "max" : 5.79163146567302E-001,
            "min" : -8.62468230357167E-001
        }
    },
    "total_forces" : {
        "Cx" : -1.52836909794729E-011,
        "Cy" : 3.07809333577325E-014,
        "Cz" : 5.81340531269348E-014
    },
    "total_moments" : {
        "CMx" : -5.63785129692462E-017,
        "CMy" : -7.60815022093908E-014,
        "CMz" : 3.82541220922406E-014
    },
    "CF_sensitivities" : {
        "d_CFx" : [
                5.35127576388613E-001,
                -1.19316461669886E-001,
                -2.35133058473681E-001,
                -2.16390015083788E-001,
                -2.35133058473622E-001,
                -1.19316461669956E-001,
                -2.35133058473588E-001,
                -2.16390015083850E-001,
                -2.35133058473617E-001,
                2.62782271351100E-001,
                2.75626534142151E-001,
                2.62782271354634E-001,
                2.75626534142123E-001,
                2.62782271351094E-001,
                2.75626534142219E-001,
                2.62782271354579E-001,
                2.75626534142176E-001,
                -2.16390015077649E-001,
                -2.35133058469861E-001,
                -1.19316461670722E-001,
                -2.35133058469915E-001,
                -2.16390015077556E-001,
                -2.35133058470076E-001,
                -1.19316461670494E-001,
                -2.35133058470040E-001,
                5.35127576409833E-001,
                1.18443029184463E-013,
                -2.49972750704473E-001,
                1.41515664398789E-001,
                1.22736622778682E-013,
                -1.41515664398793E-001,
                2.49972750704542E-001,
                -1.41515664398809E-001,
                1.37613078362336E-013,
                1.41515664398764E-001,
                3.65758222229119E-001,
                -1.47709081668275E-001,
                -7.97650492836906E-014,
                1.47709081668128E-001,
                -3.65758222229082E-001,
                1.47709081668013E-001,
                -9.08335820776418E-014,
                -1.47709081668117E-001,
                -2.64184904758112E-001,
                6.72467273845998E-002,
                4.78060707826071E-014,
                -6.72467273846111E-002,
                2.64184904758261E-001,
                -6.72467273845487E-002,
                4.76131964831178E-014,
                6.72467273845404E-002,
                7.27900914073275E-014,
                1.37192825285850E-013,
                4.87885716122570E-014,
                6.72467273836307E-002,
                -2.64184904758390E-001,
                6.72467273836767E-002,
                3.58806557103632E-014,
                -6.72467273837212E-002,
                2.64184904758731E-001,
                -6.72467273837069E-002,
                -7.76551522895394E-014,
                -1.47709081660003E-001,
                3.65758222249393E-001,
                -1.47709081660097E-001,
                -8.60578412256714E-014,
                1.47709081660171E-001,
                -3.65758222249878E-001,
                1.47709081660089E-001,
                1.11522133420731E-013,
                1.41515664397985E-001,
                -2.49972750707955E-001,
                1.41515664398027E-001,
                1.21407088006881E-013,
                -1.41515664398088E-001,
                2.49972750708091E-001,
                -1.41515664398036E-001,
                9.22855458199457E-014
            ],
        "d_CFy" : [
                -2.23513093875165E-014,
                -3.17252574999458E-001,
                1.46541106388640E-002,
                1.49625818745341E-014,
                -1.46541106387694E-002,
                3.17252574999361E-001,
                -1.46541106388096E-002,
                -7.71372340343497E-015,
                1.46541106387897E-002,
                1.93862625707429E-001,
                -2.91397038070233E-002,
                4.90645929285385E-014,
                2.91397038070396E-002,
                -1.93862625707186E-001,
                2.91397038067094E-002,
                -4.85795220872426E-014,
                -2.91397038068161E-002,
                -1.97530774658026E-001,
                2.00576897406940E-001,
                -4.21718766112754E-014,
                -2.00576897406819E-001,
                1.97530774657752E-001,
                -2.00576897406671E-001,
                -7.20091203980763E-014,
                2.00576897406765E-001,
                -4.23448061630115E-014,
                -2.48709576412711E-001,
                2.55891832801194E-001,
                7.79382101895706E-002,
                1.74096105826215E-002,
                7.79382101894040E-002,
                2.55891832801570E-001,
                7.79382101893276E-002,
                1.74096105826509E-002,
                7.79382101894580E-002,
                -1.20044440298471E-001,
                -2.17159960140742E-001,
                -9.00009081644079E-002,
                -2.17159960140454E-001,
                -1.20044440298874E-001,
                -2.17159960140312E-001,
                -9.00009081644562E-002,
                -2.17159960140612E-001,
                -3.14196272837504E-002,
                2.43822550656699E-001,
                7.63573067191342E-002,
                2.43822550656501E-001,
                -3.14196272835111E-002,
                2.43822550656494E-001,
                7.63573067191468E-002,
                2.43822550656694E-001,
                -3.86081175122079E-001,
                -8.30238655602675E-015,
                -1.03209107926718E-013,
                -4.19510792375717E-002,
                -3.62876248989061E-014,
                4.19510792375288E-002,
                7.43433092864604E-014,
                -4.19510792375203E-002,
                -2.48856637579440E-014,
                4.19510792374830E-002,
                1.41334860481732E-013,
                1.00166588080805E-001,
                -4.70854044195574E-014,
                -1.00166588080722E-001,
                -1.56369708848027E-013,
                1.00166588080792E-001,
                -5.87223385506672E-015,
                -1.00166588080824E-001,
                -1.38805633653765E-013,
                -1.50950151939785E-001,
                1.71577030753524E-013,
                1.50950151939784E-001,
                1.64727606555277E-013,
                -1.50950151939874E-001,
                -6.21229183132951E-014,
                1.50950151939953E-001,
                -2.55004350968950E-015
            ],