{
    "info" : {
        "generated_by" : "MachLine (c) 2023 USU Aerolab",
        "executed" : "Fri Jul 12 13:55:10 2024"
    },
    "mesh_info" : {
        "N_body_panels" : 48,
        "N_body_vertices" : 26,
        "N_wake_panels" : 0,
        "N_wake_filaments" : 0,
        "average_characteristic_length" : 4.76931360312427E-001,
        "max_flow_turning_angle" : 9.00000000000000E+001
    },
    "solver_results" : {
        "solver_status_code" : 0,
        "system_dimension" : 26,
        "timing" : {
            "system_sorting" : 2.10000000000000E-006,
            "preconditioner" : 5.70000000000000E-006,
            "matrix_solver" : 1.42000000000000E-005
        },
        "iterations" : 6,
        "residual" : {
            "max" : 1.11022302462516E-015,
            "norm" : 1.66691307183103E-015
        }
    },
    "pressure_calculations" : {
        "incompressible_rule" : {
            "max" : 6.44561908158605E-001,
            "min" : -6.48258606277136E-001
        }
    },
    "total_forces" : {
        "Cx" : 9.39307492897612E-010,
        "Cy" : -5.13478148889135E-016,
        "Cz" : 1.30104260698261E-015
    },
    "total_moments" : {
        "CMx" : -3.65037861049800E-014,
        "CMy" : -1.38777878078145E-015,
        "CMz" : -6.24500451351651E-016
    },
    "CF_sensitivities" : {
        "d_CFx" : [
                8.03893577467324E-001,
                -4.19107314792140E-002,
                -9.63420090579771E-002,
                -1.36282644189415E-001,
                -7.92022426387243E-002,
                -4.19107327605645E-002,
                -9.63420086264591E-002,
                -1.36282642569110E-001,
                -7.92022420666494E-002,
                2.36190934008107E-002,
                -1.49406190003787E-003,
                -2.12652057093548E-002,
                2.60854290976131E-003,
                2.36190929311211E-002,
                -1.49405930624646E-003,
                -2.12652066444265E-002,
                2.60854504132380E-003,
                -3.19172614364584E-001,
                -2.30927502272495E-001,
                -1.62306793278539E-001,
                -2.52917448418234E-001,
                -3.19172625600592E-001,
                -2.30927520077440E-001,
                -1.62306797536865E-001,
                -2.52917446545811E-001,
                1.82293325397579E+000,
                -5.59811386032710E-010,
                2.86653850555604E-001,
                3.10789064578683E-001,
                -2.55273562850033E-003,
                -3.01574881939485E-001,
                -2.86653851201233E-001,
                -3.10789066852754E-001,
                2.55273250424895E-003,
                3.01574879381358E-001,
                -1.21936341861783E-001,
                -2.72391071466855E-001,
                -1.58552196229970E-002,
                3.10047888311753E-001,
                1.21936340460552E-001,
                2.72391070506227E-001,
                1.58552200283769E-002,
                -3.10047890607821E-001,
                -1.74597930106246E-001,
                4.97314881031173E-002,
                -2.47503110343140E-002,
                -6.73696852302397E-002,
                1.74597917685952E-001,
                -4.97315028448608E-002,
                2.47502967599869E-002,
                6.73696636419275E-002,
                -6.07891107558733E-009,
                -5.63242118050596E-010,
                2.21638610448378E-002,
                -2.38730434358204E-001,
                -4.98842347841115E-001,
                -2.56580248290569E-001,
                -2.21638623519601E-002,
                2.38730430604130E-001,
                4.98842345444756E-001,
                2.56580246665148E-001,
                1.85727226395389E-002,
                1.55102307964476E-001,
                5.36337644062464E-001,
                1.89798200223778E-001,
                -1.85727242722484E-002,
                -1.55102308699424E-001,
                -5.36337643874075E-001,
                -1.89798202618459E-001,
                3.02912261851706E-003,
                4.14424425394611E-002,
                -2.00965871421739E-001,
                5.34951848955475E-002,
                -3.02913739187911E-003,
                -4.14424585632471E-002,
                2.00965862403313E-001,
                -5.34952057442429E-002,
                -5.99071310981577E-009
            ],
        "d_CFy" : [
                7.54965421210854E-017,
                -2.60121916694162E-001,
                -1.12191658206223E-001,
                -7.22031084736920E-005,
                1.12363181543376E-001,
                2.60121916749207E-001,
                1.12191658245733E-001,
                7.22031299559071E-005,
                -1.12363181460912E-001,
                -1.40587652559209E-001,
                -1.68077832150727E-001,
                -1.52312015400536E-004,
                1.63972823444089E-001,
                1.40587654263712E-001,
                1.68077830738447E-001,
                1.52312015027575E-004,
                -1.63972821917691E-001,
                5.31225168853296E-001,
                4.04865065224618E-001,
                8.31952773834319E-004,
                -3.84902867148484E-001,
                -5.31225163470076E-001,
                -4.04865058287309E-001,
                -8.31951634200243E-004,
                3.84902859999996E-001,
                -6.24486709865043E-010,
                2.00724440214817E-001,
                2.85140029506329E-001,
                4.99003458493888E-002,
                1.09617308772387E-001,
                5.01392277197288E-002,
                2.85140029557943E-001,
                4.99003457954447E-002,
                1.09617308713888E-001,
                5.01392276018652E-002,
                -6.55604745040405E-001,
                -3.20402756752473E-001,
                -1.34571119479931E-001,
                -3.17770571833187E-001,
                -6.55604740966266E-001,
                -3.20402755170744E-001,
                -1.34571119506804E-001,
                -3.17770572263019E-001,
                6.52863114292461E-001,
                2.55612393696280E-001,
                -2.24013694494127E-001,
                2.61177364135861E-001,
                6.52863119093409E-001,
                2.55612398573897E-001,
                -2.24013690329148E-001,
                2.61177367502280E-001,
                -2.60191433567314E-001,
                -2.31526633726431E-004,
                -1.38459163847748E-004,
                1.56591396412123E-002,
                -1.32922982294742E-005,
                -1.56379304201373E-002,
                -1.38459124678216E-004,
                1.56591396081124E-002,
                -1.32923493967914E-005,
                -1.56379304995010E-002,
                9.74181888324396E-003,
                2.06357810251109E-001,
                1.41694671542950E-004,
                -2.03499361198366E-001,
                9.74182342943183E-003,
                2.06357812373811E-001,
                1.41694647432630E-004,
                -2.03499361593114E-001,
                -2.05782763288592E-003,
                -4.71778273074205E-001,
                5.80598018766331E-003,
                4.58843385605236E-001,
                -2.05782533753339E-003,
                -4.71778269449366E-001,
                5.80598405263329E-003,
                4.58843387479669E-001,
                -1.52612153689414E-002
            ],