{
    "info" : {
        "generated_by" : "MachLine (c) 2023 USU Aerolab",
        "executed" : "Fri Jul 12 13:56:07 2024"
    },
    "mesh_info" : {
        "N_body_panels" : 48,
        "N_body_vertices" : 26,
        "N_wake_panels" : 0,
        "N_wake_filaments" : 0,
        "average_characteristic_length" : 4.76931360312427E-001,
        "max_flow_turning_angle" : 9.00000000000000E+001
    },
    "solver_results" : {
        "solver_status_code" : 0,
        "system_dimension" : 26,
        "timing" : {
            "system_sorting" : 2.10000000000000E-006,
            "preconditioner" : 5.50000000000000E-006,
            "matrix_solver" : 1.42000000000000E-005
        },
        "iterations" : 6,
        "residual" : {
            "max" : 4.44089209850063E-016,
            "norm" : 1.11705551349699E-015
        }
    },
    "pressure_calculations" : {
        "incompressible_rule" : {
            "max" : 6.41697197287324E-001,
            "min" : -6.57362552333431E-001
        }
    },
    "total_forces" : {
        "Cx" : -7.53168361011802E-012,
        "Cy" : -4.71844785465692E-016,
        "Cz" : -1.04083408558608E-016
    },
    "total_moments" : {
        "CMx" : -5.20417042793042E-017,
        "CMy" : 9.02056207507940E-017,
        "CMz" : -5.89805981832114E-016
    },
    "CF_sensitivities" : {
        "d_CFx" : [
                5.63460662383713E-001,
                -2.29308233622340E-002,
                -9.54271166526496E-002,
                -1.68740437348229E-001,
                -9.54271166526530E-002,
                -2.29308233622265E-002,
                -9.54271166526917E-002,
                -1.68740437348259E-001,
                -9.54271166526572E-002,
                5.08365724386490E-002,
                4.99585903844357E-002,
                5.08365724415518E-002,
                4.99585903844417E-002,
                5.08365724386526E-002,
                4.99585903844990E-002,
                5.08365724415287E-002,
                4.99585903844768E-002,
                -1.68740437348517E-001,
                -9.54271166533343E-002,
                -2.29308233645715E-002,
                -9.54271166535958E-002,
                -1.68740437348910E-001,
                -9.54271166537821E-002,
                -2.29308233647019E-002,
                -9.54271166533621E-002,
                5.63460662389451E-001,
                8.35264863147611E-015,
                1.38194164474174E-001,
                2.65140150503249E-001,
                -2.98424458182124E-015,
                -2.65140150503257E-001,
                -1.38194164474212E-001,
                -2.65140150503293E-001,
                -4.22252284980292E-014,
                2.65140150503218E-001,
                2.36608576710087E-001,
                -6.78351778177034E-002,
                7.46980574000259E-015,
                6.78351778176312E-002,
                -2.36608576710141E-001,
                6.78351778176879E-002,
                -2.36631761122451E-014,
                -6.78351778177085E-002,
                -4.76768360575981E-001,
                -1.68061786219124E-001,
                -3.45989672140813E-013,
                1.68061786218692E-001,
                4.76768360575562E-001,
                1.68061786218855E-001,
                -9.93424500333520E-014,
                -1.68061786219154E-001,
                -1.42262195607764E-013,
                6.87608900219041E-015,
                -3.51494679763791E-014,
                -1.68061786215545E-001,
                -4.76768360571320E-001,
                -1.68061786215505E-001,
                -5.01731718527174E-015,
                1.68061786215492E-001,
                4.76768360571293E-001,
                1.68061786215468E-001,
                -5.44552765976252E-015,
                -6.78351778211109E-002,
                2.36608576704889E-001,
                -6.78351778211495E-002,
                -6.71652403319630E-014,
                6.78351778210710E-002,
                -2.36608576704914E-001,
                6.78351778210689E-002,
                -1.45627787439445E-013,
                2.65140150506223E-001,
                1.38194164479575E-001,
                2.65140150505918E-001,
                -2.00337954269991E-013,
                -2.65140150506642E-001,
                -1.38194164479916E-001,
                -2.65140150506360E-001,
                -1.34180503379797E-013
            ],
        "d_CFy" : [
                1.79676267493874E-016,
                -2.62042307214341E-001,
                -1.12345830203950E-001,
                2.50194766295294E-017,
                1.12345830203951E-001,
                2.62042307214340E-001,
                1.12345830203952E-001,
                1.28009191149875E-015,
                -1.12345830203951E-001,
                1.05246686714956E-001,
                -3.11619483171002E-002,
                -3.60642235537629E-015,
                3.11619483170944E-002,
                -1.05246686714876E-001,
                3.11619483170681E-002,
                4.55718632257056E-015,
                -3.11619483170651E-002,
                1.16473883569663E-001,
                1.54605122940862E-001,
                -1.74030486356938E-013,
                -1.54605122940827E-001,
                -1.16473883569643E-001,
                -1.54605122940630E-001,
                2.70343218143185E-013,
                1.54605122940727E-001,
                -6.22206823647291E-014,
                1.87663600920281E-001,
                2.95669467935226E-001,
                5.06848126372229E-002,
                1.04167301351876E-001,
                5.06848126372315E-002,
                2.95669467935249E-001,
                5.06848126372381E-002,
                1.04167301351875E-001,
                5.06848126372141E-002,
                -4.60587276371881E-001,
                -2.97374930700239E-001,
                -1.35632682849555E-001,
                -2.97374930700221E-001,
                -4.60587276371782E-001,
                -2.97374930700201E-001,
                -1.35632682849556E-001,
                -2.97374930700239E-001,
                -6.36365363901015E-002,
                1.99358600642804E-001,
                1.66898216891437E-001,
                1.99358600642873E-001,
                -6.36365363900649E-002,
                1.99358600642916E-001,
                1.66898216891551E-001,
                1.99358600642941E-001,
                1.87905487625502E-001,
                8.36028295203573E-016,
                -1.04452037297253E-014,
                9.38472597130177E-003,
                7.07046488819399E-016,
                -9.38472597131096E-003,
                1.13138123002121E-014,
                9.38472597131648E-003,
                -8.70977857299206E-016,
                -9.38472597132806E-003,
                -1.10432496480684E-014,
                1.62224760309856E-001,
                -7.38514484217551E-015,
                -1.62224760309898E-001,
                8.08128520699003E-014,
                1.62224760309931E-001,
                -8.64716952280214E-015,
                -1.62224760309945E-001,
                -1.59551191702968E-015,
                1.08100244223809E-002,
                -1.01177252563580E-013,
                -1.08100244224309E-002,
                3.09299688048018E-014,
                1.08100244225016E-002,
                3.59663950163979E-014,
                -1.08100244223576E-002,
                -1.14493484137945E-013
            ],