{
    "info" : {
        "generated_by" : "MachLine (c) 2023 USU Aerolab",
        "executed" : "Fri Jul 12 13:56:30 2024"
    },
    "mesh_info" : {
        "N_body_panels" : 48,
        "N_body_vertices" : 26,
        "N_wake_panels" : 0,
        "N_wake_filaments" : 0,
        "average_characteristic_length" : 4.76931360312427E-001,
        "max_flow_turning_angle" : 9.00000000000000E+001
    },
    "solver_results" : {
        "solver_status_code" : 0,
        "system_dimension" : 26,
        "timing" : {
            "system_sorting" : 2.20000000000000E-006,
            "preconditioner" : 6.10000000000000E-006,
            "matrix_solver" : 1.36000000000000E-005
        },
        "iterations" : 6,
        "residual" : {
            "max" : 6.66133814775094E-016,
            "norm" : 1.81857276469812E-015
        }
    },
    "pressure_calculations" : {
        "incompressible_rule" : {
            "max" : 5.76925512534943E-001,
            "min" : -8.22293852684929E-001
        }
    },
    "total_forces" : {
        "Cx" : -1.19440568546736E-011,
        "Cy" : 6.86950496486816E-016,
        "Cz" : 1.02001740387436E-015
    },
    "total_moments" : {
        "CMx" : 2.65412691824451E-016,
        "CMy" : -1.62370117351429E-015,
        "CMz" : 1.40165656858926E-015
    },
    "CF_sensitivities" : {
        "d_CFx" : [
                4.96204010631821E-001,
                -7.19644083730707E-002,
                -1.54459537867821E-001,
                -2.16323197310481E-001,
                -1.54459537867818E-001,
                -7.19644083730719E-002,
                -1.54459537867819E-001,
                -2.16323197310481E-001,
                -1.54459537867818E-001,
                1.71040727716882E-001,
                1.78063948381646E-001,
                1.71040727719186E-001,
                1.78063948381650E-001,
                1.71040727716879E-001,
                1.78063948381651E-001,
                1.71040727719183E-001,
                1.78063948381653E-001,
                -2.16323197308917E-001,
                -1.54459537868299E-001,
                -7.19644083755880E-002,
                -1.54459537868301E-001,
                -2.16323197308920E-001,
                -1.54459537868304E-001,
                -7.19644083755793E-002,
                -1.54459537868306E-001,
                4.96204010649482E-001,
                3.09003454396997E-014,
                -8.50914302332508E-002,
                1.96842722448352E-001,
                1.41330104473012E-014,
                -1.96842722448337E-001,
                8.50914302332501E-002,
                -1.96842722448338E-001,
                1.34851518391068E-014,
                1.96842722448349E-001,
                3.45152138697139E-001,
                -1.15529226485227E-001,
                -1.42715300121296E-014,
                1.15529226485196E-001,
                -3.45152138697166E-001,
                1.15529226485195E-001,
                -1.61465128606650E-014,
                -1.15529226485220E-001,
                -3.86947592784429E-001,
                -3.77690488593471E-002,
                -7.96938506126025E-015,
                3.77690488593540E-002,
                3.86947592784439E-001,
                3.77690488593578E-002,
                -1.19117323743247E-015,
                -3.77690488593542E-002,
                2.23468326086371E-014,
                3.12207312403370E-014,
                -1.22518228567057E-015,
                -3.77690488557105E-002,
                -3.86947592781020E-001,
                -3.77690488557083E-002,
                2.73830672356468E-016,
                3.77690488557232E-002,
                3.86947592781048E-001,
                3.77690488557193E-002,
                -1.55475684216639E-014,
                -1.15529226485783E-001,
                3.45152138696912E-001,
                -1.15529226485784E-001,
                -1.64564925113868E-014,
                1.15529226485756E-001,
                -3.45152138696943E-001,
                1.15529226485759E-001,
                9.91305128082437E-015,
                1.96842722451321E-001,
                -8.50914302281488E-002,
                1.96842722451319E-001,
                6.09722235735699E-015,
                -1.96842722451323E-001,
                8.50914302281401E-002,
                -1.96842722451319E-001,
                1.99588405243272E-014
            ],
        "d_CFy" : [
                -1.05550614468469E-014,
                -2.35455556141597E-001,
                -2.24113425150181E-002,
                -1.51390253304635E-014,
                2.24113425149677E-002,
                2.35455556141528E-001,
                2.24113425149675E-002,
                -1.56629118202085E-014,
                -2.24113425150174E-002,
                1.50912518559726E-001,
                -2.89670707524178E-002,
                -5.31597809893611E-014,
                2.89670707523091E-002,
                -1.50912518559827E-001,
                2.89670707523090E-002,
                -5.15430187097507E-014,
                -2.89670707524167E-002,
                -7.43180613941825E-002,
                1.25175508806483E-001,
                -3.92534820069497E-014,
                -1.25175508806532E-001,
                7.43180613941512E-002,
                -1.25175508806525E-001,
                -3.15513097736128E-014,
                1.25175508806480E-001,
                -1.22864496726555E-014,
                -1.01724988327249E-001,
                3.50199521168187E-001,
                4.98403539113554E-002,
                6.27970008261457E-002,
                4.98403539113996E-002,
                3.50199521168272E-001,
                4.98403539114022E-002,
                6.27970008261456E-002,
                4.98403539113517E-002,
                -2.97015635807539E-001,
                -2.50847604551813E-001,
                -1.19342435666834E-001,
                -2.50847604551792E-001,
                -2.97015635807576E-001,
                -2.50847604551790E-001,
                -1.19342435666835E-001,
                -2.50847604551810E-001,
                -7.02787198291519E-002,
                2.40915095309109E-001,
                1.14865241332318E-001,
                2.40915095309058E-001,
                -7.02787198292009E-002,
                2.40915095309057E-001,
                1.14865241332322E-001,
                2.40915095309112E-001,
                -1.40356334393654E-001,
                9.12898229232680E-016,
                -2.06293315763163E-014,
                -2.31205098896304E-002,
                1.15658761700469E-014,
                2.31205098896503E-002,
                2.27712813882784E-014,
                -2.31205098896246E-002,
                -1.17185318359331E-014,
                2.31205098896007E-002,
                1.27710342301411E-014,
                1.19771214667680E-001,
                4.71456907982804E-015,
                -1.19771214667680E-001,
                -9.29974413449453E-015,
                1.19771214667697E-001,
                -8.91953878559605E-015,
                -1.19771214667696E-001,
                1.48214773787456E-014,
                -7.33189058674544E-002,
                -1.66439472339380E-014,
                7.33189058674301E-002,
                -1.27182877944500E-014,
                -7.33189058674518E-002,
                2.19814745290838E-014,
                7.33189058674799E-002,
                -4.29517532651876E-015
            ],