{
    "info" : {
        "generated_by" : "MachLine (c) 2023 USU Aerolab",
        "executed" : "Fri Jul 12 13:54:51 2024"
    },
    "mesh_info" : {
        "N_body_panels" : 48,
        "N_body_vertices" : 26,
        "N_wake_panels" : 0,
        "N_wake_filaments" : 0,
        "average_characteristic_length" : 4.76931360312427E-001,
        "max_flow_turning_angle" : 9.00000000000000E+001
    },
    "solver_results" : {
        "solver_status_code" : 0,
        "system_dimension" : 26,
        "timing" : {
            "system_sorting" : 1.10000000000000E-005,
            "preconditioner" : 5.50000000000000E-006,
            "matrix_solver" : 1.33000000000000E-005
        },
        "iterations" : 6,
        "residual" : {
            "max" : 1.77635683940025E-015,
            "norm" : 4.30428803449705E-015
        }
    },
    "pressure_calculations" : {
        "incompressible_rule" : {
            "max" : 6.44562151905230E-001,
            "min" : -6.48258155900124E-001
        }
    },
    "total_forces" : {
        "Cx" : 1.75645665748125E-007,
        "Cy" : 2.98372437868011E-016,
        "Cz" : -1.14491749414469E-015
    },
    "total_moments" : {
        "CMx" : -9.16943604378773E-013,
        "CMy" : 1.30104260698261E-015,
        "CMz" : 5.06539254985228E-016
    },
    "CF_sensitivities" : {
        "d_CFx" : [
                8.42882953296827E-001,
                -4.27877124925369E-002,
                -1.07859596937561E-001,
                -1.52918353256773E-001,
                -8.68956168730853E-002,
                -4.27876926770048E-002,
                -1.07859582482500E-001,
                -1.52918281086204E-001,
                -8.68956869334050E-002,
                1.66424005225980E-002,
                -1.88604760367395E-003,
                -1.57833140129831E-002,
                1.28228464717739E-003,
                1.66423340867159E-002,
                -1.88597729532303E-003,
                -1.57833039399127E-002,
                1.28237355393557E-003,
                -3.41540685556898E-001,
                -2.54018372006946E-001,
                -1.91035977898001E-001,
                -2.78142196126302E-001,
                -3.41541353015142E-001,
                -2.54019108117552E-001,
                -1.91036259882885E-001,
                -2.78142109707250E-001,
                2.06700169099247E+000,
                -1.56551084444122E-008,
                2.79185270851548E-001,
                3.27550461713098E-001,
                -6.33736804678712E-004,
                -3.13507841099572E-001,
                -2.79185329969205E-001,
                -3.27550544381273E-001,
                6.33614575729755E-004,
                3.13507780951760E-001,
                -1.31317084454398E-001,
                -2.96715711832572E-001,
                -1.44500841121803E-002,
                3.17862975644053E-001,
                1.31317011185738E-001,
                2.96715728967042E-001,
                1.44501197581830E-002,
                -3.17863101579333E-001,
                -1.70047613847421E-001,
                4.98524426330322E-002,
                -2.27657327027424E-002,
                -6.52907177658810E-002,
                1.70047105290936E-001,
                -4.98530351922580E-002,
                2.27651975011101E-002,
                6.52898938611081E-002,
                -3.66294977831670E-007,
                -2.94540794372781E-008,
                1.97058136686078E-002,
                -2.42984976599487E-001,
                -5.29610493035663E-001,
                -2.56021071251462E-001,
                -1.97058688143891E-002,
                2.42984883926818E-001,
                5.29610410508505E-001,
                2.56020998775647E-001,
                1.66942988358765E-002,
                1.74226444009557E-001,
                5.63942463872804E-001,
                1.92361307353055E-001,
                -1.66943597650713E-002,
                -1.74226487229934E-001,
                -5.63942461225142E-001,
                -1.92361383185902E-001,
                6.49021902696845E-004,
                3.46328788739758E-002,
                -1.90542900479447E-001,
                5.07192760026871E-002,
                -6.49527140261135E-004,
                -3.46335188883113E-002,
                1.90542646379174E-001,
                -5.07200952986938E-002,
                -1.78530326343884E-007
            ],
        "d_CFy" : [
                -8.97404691847823E-017,
                -2.59506284221295E-001,
                -1.12165750895612E-001,
                -2.85084244102582E-005,
                1.12285940684559E-001,
                2.59506283713822E-001,
                1.12165753212017E-001,
                2.85110629222905E-005,
                -1.12285940520550E-001,
                -1.32105684070477E-001,
                -1.75634321655920E-001,
                -1.48076379127882E-004,
                1.74774305332647E-001,
                1.32105807632224E-001,
                1.75634271509578E-001,
                1.48076038495732E-004,
                -1.74774261391059E-001,
                5.26516054079544E-001,
                4.20544396195574E-001,
                1.39219444155128E-003,
                -4.07803069818338E-001,
                -5.26516116597628E-001,
                -4.20544307129406E-001,
                -1.39183690280710E-003,
                4.07803050594181E-001,
                -3.35176370273610E-008,
                2.00415892541202E-001,
                2.83900063173398E-001,
                5.02480971053201E-002,
                1.09962030870356E-001,
                5.03941562498153E-002,
                2.83900064483901E-001,
                5.02480960727697E-002,
                1.09962028884067E-001,
                5.03941535478322E-002,
                -6.27768091714601E-001,
                -3.37887335174219E-001,
                -1.34703591405464E-001,
                -3.37073475850613E-001,
                -6.27767935901809E-001,
                -3.37887276122048E-001,
                -1.34703592494530E-001,
                -3.37073491725348E-001,
                6.26815680441278E-001,
                2.77357874229991E-001,
                -2.30411124276045E-001,
                2.88223264182941E-001,
                6.26815661311069E-001,
                2.77358075599586E-001,
                -2.30410965818225E-001,
                2.88223452037087E-001,
                -2.38532165834856E-001,
                -5.30175277151165E-005,
                -1.69197125298130E-004,
                1.58450043150214E-002,
                5.70629913804942E-006,
                -1.59419589026728E-002,
                -1.69195725198066E-004,
                1.58450036298451E-002,
                5.70427379426491E-006,
                -1.59419613986547E-002,
                7.58319466844442E-003,
                2.15976721780735E-001,
                1.39869459437202E-004,
                -2.14524049985792E-001,
                7.58334983163536E-003,
                2.15976818652430E-001,
                1.39868070908548E-004,
                -2.14524092221119E-001,
                -1.46470187724985E-003,
                -4.89870980487223E-001,
                2.42713784275422E-003,
                4.81939882885236E-001,
                -1.46469042792842E-003,
                -4.89870826551480E-001,
                2.42720658378781E-003,
                4.81939970463702E-001,
                -3.84101462811950E-003
            ],