{
    "info" : {
        "generated_by" : "MachLine (c) 2023 USU Aerolab",
        "executed" : "Fri Jul 12 13:54:16 2024"
    },
    "mesh_info" : {
        "N_body_panels" : 48,
        "N_body_vertices" : 26,
        "N_wake_panels" : 0,
        "N_wake_filaments" : 0,
        "average_characteristic_length" : 4.76931360312427E-001,
        "max_flow_turning_angle" : 9.00000000000000E+001
    },
    "solver_results" : {
        "solver_status_code" : 0,
        "system_dimension" : 26,
        "timing" : {
            "system_sorting" : 1.90000000000000E-006,
            "preconditioner" : 5.20000000000000E-006,
            "matrix_solver" : 1.53000000000000E-005
        },
        "iterations" : 6,
        "residual" : {
            "max" : 6.21724893790088E-015,
            "norm" : 1.61874200922276E-014
        }
    },
    "pressure_calculations" : {
        "incompressible_rule" : {
            "max" : 6.44614834620089E-001,
            "min" : -6.48326245597550E-001
        }
    },
    "total_forces" : {
        "Cx" : -1.63383831126296E-005,
        "Cy" : -2.49800180540660E-016,
        "Cz" : 1.35308431126191E-016
    },
    "total_moments" : {
        "CMx" : 3.19968374712376E-011,
        "CMy" : -4.71844785465692E-016,
        "CMz" : -1.24900090270330E-016
    },
    "CF_sensitivities" : {
        "d_CFx" : [
                8.42872955188202E-001,
                -4.28043959002594E-002,
                -1.07974769901054E-001,
                -1.52860707190808E-001,
                -8.70247039157209E-002,
                -4.27880224862346E-002,
                -1.07966329892241E-001,
                -1.52890263151706E-001,
                -8.70040298064276E-002,
                1.66703170551339E-002,
                -1.94708512186637E-003,
                -1.57882905263660E-002,
                1.19965091195273E-003,
                1.66243061160705E-002,
                -1.89064983732812E-003,
                -1.58293984874573E-002,
                1.26283471489108E-003,
                -3.41853022132853E-001,
                -2.54172346834281E-001,
                -1.91336665086777E-001,
                -2.78426679086757E-001,
                -3.41911458151282E-001,
                -2.54383895927967E-001,
                -1.91384307583687E-001,
                -2.78121409255446E-001,
                2.06702013915906E+000,
                -2.67595330045272E-005,
                2.79167276033077E-001,
                3.27544873566799E-001,
                -6.43524076843811E-004,
                -3.13572721379981E-001,
                -2.79228611694792E-001,
                -3.27606467335059E-001,
                5.66009360000442E-004,
                3.13515026368805E-001,
                -1.31143364046940E-001,
                -2.96814558159625E-001,
                -1.44427195025229E-002,
                3.17848291667947E-001,
                1.31089046145424E-001,
                2.96788120610203E-001,
                1.44499169023204E-002,
                -3.17923876909324E-001,
                -1.70297102514749E-001,
                4.97756988743944E-002,
                -2.31565250933863E-002,
                -6.56790471341958E-002,
                1.69825833091485E-001,
                -5.00683724999237E-002,
                2.27394262006551E-002,
                6.50594901565060E-002,
                -2.38816719232034E-004,
                -1.57330135555551E-006,
                1.97042695056417E-002,
                -2.43109777771652E-001,
                -5.29619574093786E-001,
                -2.56035191069670E-001,
                -1.97494532709854E-002,
                2.43009216757826E-001,
                5.29585586110446E-001,
                2.55975445353588E-001,
                1.67274596951382E-002,
                1.74250230850744E-001,
                5.63931691694010E-001,
                1.92322133271302E-001,
                -1.67714755542530E-002,
                -1.74287913085493E-001,
                -5.63957136676213E-001,
                -1.92378155196221E-001,
                3.90812002542815E-004,
                3.43171964009505E-002,
                -1.90582212068796E-001,
                5.00865484026015E-002,
                -8.68208101208339E-004,
                -3.48213418286389E-002,
                1.90250264185480E-001,
                -5.07506129202525E-002,
                -4.81526094023921E-005
            ],
        "d_CFy" : [
                1.58313305720981E-016,
                -2.59491716266533E-001,
                -1.12134462577847E-001,
                -2.79621722961151E-005,
                1.12258602872514E-001,
                2.59493009689611E-001,
                1.12134979952768E-001,
                2.77337772495519E-005,
                -1.12259254727889E-001,
                -1.32176128667043E-001,
                -1.75642426755744E-001,
                -1.49670217010109E-004,
                1.74756596685221E-001,
                1.32241355989822E-001,
                1.75588519104023E-001,
                1.49539612342095E-004,
                -1.74718943990594E-001,
                5.27048760841407E-001,
                4.20125098051314E-001,
                1.16246976064556E-003,
                -4.07457858890593E-001,
                -5.27068483767693E-001,
                -4.19948192749919E-001,
                -1.03814916635341E-003,
                4.07517746102698E-001,
                -6.84183184004878E-005,
                2.00427417694405E-001,
                2.83858780612525E-001,
                5.02549147239763E-002,
                1.09966502494692E-001,
                5.03957547806599E-002,
                2.83860722568551E-001,
                5.02527453063135E-002,
                1.09964618854553E-001,
                5.03935854296060E-002,
                -6.27708361541061E-001,
                -3.37899869385554E-001,
                -1.34716909392413E-001,
                -3.37048690236145E-001,
                -6.27585309891245E-001,
                -3.37857307938398E-001,
                -1.34717955789268E-001,
                -3.37060192960613E-001,
                6.26966082628203E-001,
                2.77132044021290E-001,
                -2.30494475091680E-001,
                2.88097772192728E-001,
                6.26971920751286E-001,
                2.77279757360020E-001,
                -2.30357712310689E-001,
                2.88092295733590E-001,
                -2.38791916652116E-001,
                -5.18516159233066E-005,
                -1.70231051290228E-004,
                1.58466887255799E-002,
                6.95226482613593E-006,
                -1.59473431262704E-002,
                -1.69150083017212E-004,
                1.58460402436187E-002,
                5.11106582220577E-006,
                -1.59503468974174E-002,
                7.52574192055896E-003,
                2.15934687970879E-001,
                1.38842204040019E-004,
                -2.14503691435811E-001,
                7.65823027313356E-003,
                2.16006459922349E-001,
                1.37648808037933E-004,
                -2.14506873748387E-001,
                -1.58354281920088E-003,
                -4.90045732268610E-001,
                2.38880952989370E-003,
                4.82071286508085E-001,
                -1.52007382785770E-003,
                -4.89939723637322E-001,
                2.52561904236786E-003,
                4.82116666233979E-001,
                -4.06791793285252E-003
            ],