{
    "info" : {
        "generated_by" : "MachLine (c) 2023 USU Aerolab",
        "executed" : "Fri Jul 12 13:54:23 2024"
    },
    "mesh_info" : {
        "N_body_panels" : 48,
        "N_body_vertices" : 26,
        "N_wake_panels" : 0,
        "N_wake_filaments" : 0,
        "average_characteristic_length" : 4.76931360312427E-001,
        "max_flow_turning_angle" : 9.00000000000000E+001
    },
    "solver_results" : {
        "solver_status_code" : 0,
        "system_dimension" : 26,
        "timing" : {
            "system_sorting" : 2.00000000000000E-006,
            "preconditioner" : 6.00000000000000E-006,
            "matrix_solver" : 1.38000000000000E-005
        },
        "iterations" : 6,
        "residual" : {
            "max" : 3.67483821150927E-014,
            "norm" : 1.27909522331541E-013
        }
    },
    "pressure_calculations" : {
        "incompressible_rule" : {
            "max" : 6.44579034383261E-001,
            "min" : -6.48290989111879E-001
        }
    },
    "total_forces" : {
        "Cx" : 2.81434808038356E-005,
        "Cy" : -2.91433543964104E-016,
        "Cz" : -1.04777297948999E-015
    },
    "total_moments" : {
        "CMx" : -2.76240355243096E-010,
        "CMy" : 7.11236625150491E-016,
        "CMz" : -3.19189119579733E-016
    },
    "CF_sensitivities" : {
        "d_CFx" : [
                8.42881505480713E-001,
                -4.27985364827705E-002,
                -1.07878165045053E-001,
                -1.52914580260122E-001,
                -8.69051962164280E-002,
                -4.27895748601568E-002,
                -1.07880976466585E-001,
                -1.52907235425797E-001,
                -8.69176973478037E-002,
                1.66489201783155E-002,
                -1.88197261149980E-003,
                -1.57882448496536E-002,
                1.27973278332627E-003,
                1.66472771775552E-002,
                -1.86883397200965E-003,
                -1.57873435122242E-002,
                1.28000299389996E-003,
                -3.41598176699967E-001,
                -2.53872512825542E-001,
                -1.91143895001279E-001,
                -2.78161613367111E-001,
                -3.41692303495886E-001,
                -2.54128685598376E-001,
                -1.91101018647008E-001,
                -2.78182262238785E-001,
                2.06698859861815E+000,
                2.61115505191654E-006,
                2.79173510624268E-001,
                3.27548141754252E-001,
                -6.34122664440566E-004,
                -3.13514644124060E-001,
                -2.79189878707282E-001,
                -3.27562649987390E-001,
                6.21162225396956E-004,
                3.13507951839644E-001,
                -1.31287952584466E-001,
                -2.96708413614376E-001,
                -1.44522623605259E-002,
                3.17848289440723E-001,
                1.31276942842877E-001,
                2.96711959359830E-001,
                1.44544290543639E-002,
                -3.17864094599722E-001,
                -1.70126949350645E-001,
                4.98458751689468E-002,
                -2.28734749081694E-002,
                -6.53639488914533E-002,
                1.69996691937365E-001,
                -4.99045324716144E-002,
                2.27631160420304E-002,
                6.52249435966947E-002,
                -8.96333080853106E-005,
                -4.50641450028943E-006,
                1.97051810967478E-002,
                -2.43003120273963E-001,
                -5.29618700793392E-001,
                -2.56031304115613E-001,
                -1.97126910678603E-002,
                2.42983512064126E-001,
                5.29600928512722E-001,
                2.56016695589910E-001,
                1.66955404974504E-002,
                1.74206100366962E-001,
                5.63917706213675E-001,
                1.92350171009766E-001,
                -1.67072940115793E-002,
                -1.74212658802471E-001,
                -5.63925280386774E-001,
                -1.92369808101459E-001,
                6.07521207671994E-004,
                3.45781310985953E-002,
                -1.90509069865613E-001,
                5.06077141434966E-002,
                -7.20906601352851E-004,
                -3.47143950105038E-002,
                1.90438592618093E-001,
                -5.07242073651097E-002,
                -1.33188379536472E-005
            ],
        "d_CFy" : [
                -2.22838203838310E-017,
                -2.59505382495819E-001,
                -1.12163205241112E-001,
                -2.81938886688438E-005,
                1.12285579874547E-001,
                2.59505808846933E-001,
                1.12163205993246E-001,
                2.81954533318886E-005,
                -1.12285638313988E-001,
                -1.32129592359837E-001,
                -1.75649718252880E-001,
                -1.47538858659441E-004,
                1.74778944982576E-001,
                1.32150845445158E-001,
                1.75640321827135E-001,
                1.47655992136440E-004,
                -1.74771584766716E-001,
                5.26646162141119E-001,
                4.20510039590378E-001,
                1.32979619401143E-003,
                -4.07735071999342E-001,
                -5.26645389359469E-001,
                -4.20476470601950E-001,
                -1.32126081554426E-003,
                4.07741509828699E-001,
                -9.94531425653615E-006,
                2.00416539784132E-001,
                2.83889438811470E-001,
                5.02490530529163E-002,
                1.09962651820442E-001,
                5.03939400874451E-002,
                2.83890098326728E-001,
                5.02488241546151E-002,
                1.09962238988386E-001,
                5.03933731169078E-002,
                -6.27772335700204E-001,
                -3.37899799219450E-001,
                -1.34705229470069E-001,
                -3.37074816347127E-001,
                -6.27740451054341E-001,
                -3.37885530263524E-001,
                -1.34705514416950E-001,
                -3.37077901472935E-001,
                6.26822629288980E-001,
                2.77322679044447E-001,
                -2.30438303385875E-001,
                2.88201901717621E-001,
                6.26852355234286E-001,
                2.77363280360751E-001,
                -2.30405190430827E-001,
                2.88217339514984E-001,
                -2.38602942422119E-001,
                -5.26883419666062E-005,
                -1.69022419368670E-004,
                1.58441873410726E-002,
                6.05951746061230E-006,
                -1.59422310781168E-002,
                -1.68695364298358E-004,
                1.58439949951871E-002,
                5.55553280543551E-006,
                -1.59428342410705E-002,
                7.56494714943148E-003,
                2.15966522005392E-001,
                1.39029182650783E-004,
                -2.14535498175414E-001,
                7.59672945735380E-003,
                2.15986620855760E-001,
                1.38860046449568E-004,
                -2.14537699837431E-001,
                -1.45316942782917E-003,
                -4.89901783735833E-001,
                2.41401273094588E-003,
                4.81942811131799E-001,
                -1.43926082223927E-003,
                -4.89862896938447E-001,
                2.44645730151137E-003,
                4.81960414403565E-001,
                -3.87884622813700E-003
            ],