{
    "info" : {
        "generated_by" : "MachLine (c) 2023 USU Aerolab",
        "executed" : "Fri Jul 12 13:56:33 2024"
    },
    "mesh_info" : {
        "N_body_panels" : 48,
        "N_body_vertices" : 26,
        "N_wake_panels" : 0,
        "N_wake_filaments" : 0,
        "average_characteristic_length" : 4.76931360312427E-001,
        "max_flow_turning_angle" : 9.00000000000000E+001
    },
    "solver_results" : {
        "solver_status_code" : 0,
        "system_dimension" : 26,
        "timing" : {
            "system_sorting" : 2.90000000000000E-006,
            "preconditioner" : 9.30000000000000E-006,
            "matrix_solver" : 1.71000000000000E-005
        },
        "iterations" : 7,
        "residual" : {
            "max" : 3.10862446895044E-015,
            "norm" : 8.22183679624185E-015
        }
    },
    "pressure_calculations" : {
        "incompressible_rule" : {
            "max" : 5.65887367611152E-001,
            "min" : -8.42845627416190E-001
        }
    },
    "total_forces" : {
        "Cx" : -1.36178013310229E-011,
        "Cy" : -7.70217223333702E-016,
        "Cz" : 5.03069808033274E-016
    },
    "total_moments" : {
        "CMx" : 7.28583859910259E-017,
        "CMy" : -5.44703171456717E-016,
        "CMz" : -1.67227343084164E-015
    },
    "CF_sensitivities" : {
        "d_CFx" : [
                5.30698243292866E-001,
                -1.01027475675413E-001,
                -1.82745951063721E-001,
                -2.21836882069596E-001,
                -1.82745951063716E-001,
                -1.01027475675413E-001,
                -1.82745951063716E-001,
                -2.21836882069595E-001,
                -1.82745951063712E-001,
                2.06253037319747E-001,
                2.16754100900416E-001,
                2.06253037322141E-001,
                2.16754100900414E-001,
                2.06253037319752E-001,
                2.16754100900415E-001,
                2.06253037322139E-001,
                2.16754100900415E-001,
                -2.21836882067661E-001,
                -1.82745951064036E-001,
                -1.01027475677800E-001,
                -1.82745951064041E-001,
                -2.21836882067666E-001,
                -1.82745951064045E-001,
                -1.01027475677801E-001,
                -1.82745951064044E-001,
                5.30698243313687E-001,
                5.38519198420036E-014,
                -1.60346633057642E-001,
                1.68415291506363E-001,
                1.99427972805018E-014,
                -1.68415291506335E-001,
                1.60346633057640E-001,
                -1.68415291506334E-001,
                1.99770824952213E-014,
                1.68415291506355E-001,
                3.59445449948628E-001,
                -1.29835343555356E-001,
                -2.54636239612420E-014,
                1.29835343555302E-001,
                -3.59445449948674E-001,
                1.29835343555300E-001,
                -2.78865835818736E-014,
                -1.29835343555341E-001,
                -3.33036924277850E-001,
                1.16780582308889E-002,
                -3.70561324872291E-015,
                -1.16780582308806E-002,
                3.33036924277877E-001,
                -1.16780582308729E-002,
                -1.79099884566282E-015,
                1.16780582308856E-002,
                4.02342015737571E-014,
                4.00399809039208E-014,
                2.27891976786594E-015,
                1.16780582342794E-002,
                -3.33036924274621E-001,
                1.16780582342838E-002,
                4.99968652669444E-017,
                -1.16780582342666E-002,
                3.33036924274666E-001,
                -1.16780582342654E-002,
                -2.28959871656521E-014,
                -1.29835343554730E-001,
                3.59445449950780E-001,
                -1.29835343554741E-001,
                -2.20097134746993E-014,
                1.29835343554706E-001,
                -3.59445449950831E-001,
                1.29835343554703E-001,
                1.48228105552853E-014,
                1.68415291509348E-001,
                -1.60346633053898E-001,
                1.68415291509343E-001,
                1.36226749858427E-014,
                -1.68415291509343E-001,
                1.60346633053896E-001,
                -1.68415291509340E-001,
                3.03430942576501E-014
            ],
        "d_CFy" : [
                -2.66249325730732E-015,
                -2.41535472979466E-001,
                -3.03900333054252E-003,
                -1.62293019314662E-015,
                3.03900333054552E-003,
                2.41535472979464E-001,
                3.03900333054585E-003,
                1.37814134969844E-016,
                -3.03900333054530E-003,
                1.63885997058535E-001,
                -2.58462735498096E-002,
                -1.44762168278228E-015,
                2.58462735498119E-002,
                -1.63885997058533E-001,
                2.58462735498088E-002,
                1.46671375685876E-015,
                -2.58462735498098E-002,
                -1.27420626524644E-001,
                1.32346365439976E-001,
                -2.57834171451793E-016,
                -1.32346365439974E-001,
                1.27420626524654E-001,
                -1.32346365439965E-001,
                5.55695892002246E-015,
                1.32346365439963E-001,
                -1.11642338100545E-015,
                -1.97631262372735E-001,
                3.30214508770977E-001,
                6.24594392122038E-002,
                4.43741156581688E-002,
                6.24594392122397E-002,
                3.30214508771052E-001,
                6.24594392122376E-002,
                4.43741156581713E-002,
                6.24594392122001E-002,
                -2.28581902857986E-001,
                -2.34862550873485E-001,
                -1.08362183571572E-001,
                -2.34862550873451E-001,
                -2.28581902858024E-001,
                -2.34862550873447E-001,
                -1.08362183571578E-001,
                -2.34862550873481E-001,
                -4.30941835628245E-002,
                2.46308708393436E-001,
                9.19905481885344E-002,
                2.46308708393393E-001,
                -4.30941835628822E-002,
                2.46308708393390E-001,
                9.19905481885396E-002,
                2.46308708393436E-001,
                -2.71072929806525E-001,
                1.10415149245925E-015,
                -2.72507710841197E-014,
                -3.78578210869988E-002,
                -2.00703987141004E-015,
                3.78578210870030E-002,
                3.16727980648191E-014,
                -3.78578210869693E-002,
                1.23130176499254E-016,
                3.78578210869617E-002,
                1.99631977615411E-014,
                1.08628211991300E-001,
                -5.44668021016057E-015,
                -1.08628211991300E-001,
                -2.00566559888093E-014,
                1.08628211991327E-001,
                -1.31527189919700E-015,
                -1.08628211991325E-001,
                1.64330354879283E-014,
                -1.09465811353712E-001,
                1.65458325717922E-015,
                1.09465811353713E-001,
                -1.85612159323001E-014,
                -1.09465811353749E-001,
                3.94336939979798E-015,
                1.09465811353750E-001,
                -6.53643805748059E-015
            ],