{
    "info" : {
        "generated_by" : "MachLine (c) 2023 USU Aerolab",
        "executed" : "Fri Jul 12 13:54:45 2024"
    },
    "mesh_info" : {
        "N_body_panels" : 48,
        "N_body_vertices" : 26,
        "N_wake_panels" : 0,
        "N_wake_filaments" : 0,
        "average_characteristic_length" : 4.76931360312427E-001,
        "max_flow_turning_angle" : 9.00000000000000E+001
    },
    "solver_results" : {
        "solver_status_code" : 0,
        "system_dimension" : 26,
        "timing" : {
            "system_sorting" : 2.00000000000000E-006,
            "preconditioner" : 5.50000000000000E-006,
            "matrix_solver" : 1.40000000000000E-005
        },
        "iterations" : 6,
        "residual" : {
            "max" : 1.11022302462516E-015,
            "norm" : 2.78564444866915E-015
        }
    },
    "pressure_calculations" : {
        "incompressible_rule" : {
            "max" : 6.44562329216621E-001,
            "min" : -6.48258526284538E-001
        }
    },
    "total_forces" : {
        "Cx" : 7.76373517363815E-007,
        "Cy" : 4.51028103753970E-016,
        "Cz" : 3.01841884819964E-016
    },
    "total_moments" : {
        "CMx" : -4.59289550835962E-012,
        "CMy" : -1.04083408558608E-016,
        "CMz" : 3.60822483003176E-016
    },
    "CF_sensitivities" : {
        "d_CFx" : [
                8.42882959503037E-001,
                -4.27876703071024E-002,
                -1.07859668550842E-001,
                -1.52918042253326E-001,
                -8.68954848084984E-002,
                -4.27876993419408E-002,
                -1.07859561873647E-001,
                -1.52918406069899E-001,
                -8.68955093752692E-002,
                1.66425001649317E-002,
                -1.88605910774386E-003,
                -1.57831889559004E-002,
                1.28228131404073E-003,
                1.66422887860025E-002,
                -1.88579506052911E-003,
                -1.57831136295901E-002,
                1.28232463788769E-003,
                -3.41542872419079E-001,
                -2.54017388928373E-001,
                -1.91036431091884E-001,
                -2.78141195453751E-001,
                -3.41544237315713E-001,
                -2.54018475061044E-001,
                -1.91037114078054E-001,
                -2.78140983877757E-001,
                2.06700162455703E+000,
                -3.73871943835104E-008,
                2.79185146258394E-001,
                3.27550442594494E-001,
                -6.33749535944175E-004,
                -3.13507934323221E-001,
                -2.79185391036703E-001,
                -3.27550657587911E-001,
                6.33458076545872E-004,
                3.13507684905208E-001,
                -1.31316582825492E-001,
                -2.96715560766383E-001,
                -1.44501201847695E-002,
                3.17862738018557E-001,
                1.31316282287143E-001,
                2.96715485085192E-001,
                1.44502804173820E-002,
                -3.17863054921875E-001,
                -1.70048284475538E-001,
                4.98516770266370E-002,
                -2.27667826204357E-002,
                -6.52915644442264E-002,
                1.70045936273939E-001,
                -4.98530498000833E-002,
                2.27649261431727E-002,
                6.52891164423020E-002,
                -1.04192572892763E-006,
                -8.79776916509296E-008,
                1.97057067003435E-002,
                -2.42985256784169E-001,
                -5.29610484452446E-001,
                -2.56021102675042E-001,
                -1.97058682636271E-002,
                2.42984808367545E-001,
                5.29610259488059E-001,
                2.56020950865511E-001,
                1.66943014093180E-002,
                1.74226168837373E-001,
                5.63941996181575E-001,
                1.92361108770206E-001,
                -1.66945444412471E-002,
                -1.74226292288211E-001,
                -5.63941990723061E-001,
                -1.92361508088104E-001,
                6.48526596190438E-004,
                3.46321774074050E-002,
                -1.90543570561057E-001,
                5.07181261566759E-002,
                -6.50316118226964E-004,
                -3.46341448859651E-002,
                1.90542199761003E-001,
                -5.07200606755222E-002,
                -2.76078147126820E-008
            ],
        "d_CFy" : [
                -3.75520463130488E-017,
                -2.59506344199032E-001,
                -1.12165776148434E-001,
                -2.85074140228032E-005,
                1.12286010200469E-001,
                2.59506333025702E-001,
                1.12165782370691E-001,
                2.85181173033631E-005,
                -1.12286010283637E-001,
                -1.32106209748172E-001,
                -1.75634418778152E-001,
                -1.48054394926847E-004,
                1.74774329366568E-001,
                1.32106674804319E-001,
                1.75634224186084E-001,
                1.48054113938217E-004,
                -1.74774162321845E-001,
                5.26517309245942E-001,
                4.20544270131426E-001,
                1.39125743737702E-003,
                -4.07803046804479E-001,
                -5.26516756159700E-001,
                -4.20542863928504E-001,
                -1.39045018239696E-003,
                4.07802159613751E-001,
                -1.59186091730615E-007,
                2.00415923408465E-001,
                2.83899903555614E-001,
                5.02480928719300E-002,
                1.09962028333699E-001,
                5.03941672396909E-002,
                2.83899908742350E-001,
                5.02480905109519E-002,
                1.09962021321466E-001,
                5.03941563027726E-002,
                -6.27768302314380E-001,
                -3.37887383856654E-001,
                -1.34703589484576E-001,
                -3.37073451816925E-001,
                -6.27767627304710E-001,
                -3.37887172257808E-001,
                -1.34703592693551E-001,
                -3.37073505859982E-001,
                6.26815677536096E-001,
                2.77357438453684E-001,
                -2.30411278177635E-001,
                2.88223036378878E-001,
                6.26815891299272E-001,
                2.77357932256523E-001,
                -2.30410741255802E-001,
                2.88223119555311E-001,
                -2.38532937087583E-001,
                -5.30170194355962E-005,
                -1.69190818417311E-004,
                1.58449952861395E-002,
                5.71396567656748E-006,
                -1.59419241809810E-002,
                -1.69186641026368E-004,
                1.58449933199935E-002,
                5.70651737445601E-006,
                -1.59419375100902E-002,
                7.58296303575000E-003,
                2.15976642240671E-001,
                1.39875925125750E-004,
                -2.14524183052247E-001,
                7.58344366639869E-003,
                2.15976930494318E-001,
                1.39871931007364E-004,
                -2.14524343488749E-001,
                -1.46471312492127E-003,
                -4.89871903804757E-001,
                2.42685933851032E-003,
                4.81940175401107E-001,
                -1.46451412449072E-003,
                -4.89871376098355E-001,
                2.42733376120247E-003,
                4.81940374697218E-001,
                -3.84156457943335E-003
            ],