{
    "info" : {
        "generated_by" : "MachLine (c) 2023 USU Aerolab",
        "executed" : "Fri Jul 12 13:55:07 2024"
    },
    "mesh_info" : {
        "N_body_panels" : 48,
        "N_body_vertices" : 26,
        "N_wake_panels" : 0,
        "N_wake_filaments" : 0,
        "average_characteristic_length" : 4.76931360312427E-001,
        "max_flow_turning_angle" : 9.00000000000000E+001
    },
    "solver_results" : {
        "solver_status_code" : 0,
        "system_dimension" : 26,
        "timing" : {
            "system_sorting" : 2.10000000000000E-006,
            "preconditioner" : 6.10000000000000E-006,
            "matrix_solver" : 1.44000000000000E-005
        },
        "iterations" : 6,
        "residual" : {
            "max" : 1.11022302462516E-015,
            "norm" : 2.55593690995560E-015
        }
    },
    "pressure_calculations" : {
        "incompressible_rule" : {
            "max" : 6.44561992980134E-001,
            "min" : -6.48258335449188E-001
        }
    },
    "total_forces" : {
        "Cx" : 1.01483605269292E-008,
        "Cy" : -8.25728374564960E-016,
        "Cz" : 7.87564458093470E-016
    },
    "total_moments" : {
        "CMx" : -8.04460664749485E-014,
        "CMy" : -7.11236625150491E-016,
        "CMz" : -1.40859546249317E-015
    },
    "CF_sensitivities" : {
        "d_CFx" : [
                7.94907211703318E-001,
                -6.24185568289711E-002,
                -1.02966482115379E-001,
                -1.35897023074837E-001,
                -9.28551000093547E-002,
                -6.24185561206640E-002,
                -1.02966483065362E-001,
                -1.35897022260311E-001,
                -9.28550995418996E-002,
                3.32061971604702E-002,
                -4.60577743560298E-003,
                -3.84518033767536E-002,
                -7.43913435606869E-004,
                3.32061957205299E-002,
                -4.60577178752364E-003,
                -3.84518058747285E-002,
                -7.43912512091160E-004,
                -3.30852725535971E-001,
                -2.39165568291737E-001,
                -1.60934380938547E-001,
                -2.53439604484462E-001,
                -3.30852758246165E-001,
                -2.39165589435630E-001,
                -1.60934407467281E-001,
                -2.53439604775878E-001,
                1.76418094996942E+000,
                -6.69598693540309E-011,
                2.93009840913791E-001,
                3.22914175910853E-001,
                -4.50360336043562E-003,
                -3.10683961272344E-001,
                -2.93009842132132E-001,
                -3.22914180018682E-001,
                4.50359890362267E-003,
                3.10683958014441E-001,
                -1.14423676550636E-001,
                -2.66189228072214E-001,
                -1.14828667085529E-002,
                2.96253956029712E-001,
                1.14423672827513E-001,
                2.66189225965693E-001,
                1.14828659848498E-002,
                -2.96253960318713E-001,
                -1.83941366642037E-001,
                4.16890582406059E-002,
                -2.24034896604225E-002,
                -5.69720094311034E-002,
                1.83941329961820E-001,
                -4.16890757756607E-002,
                2.24034580608929E-002,
                5.69719686494979E-002,
                -1.54998013329040E-008,
                -1.06013570714955E-009,
                2.00414994081664E-002,
                -2.43647814928489E-001,
                -5.03229790213210E-001,
                -2.54885052496062E-001,
                -2.00415017331695E-002,
                2.43647810401152E-001,
                5.03229787646010E-001,
                2.54885050017916E-001,
                1.70355235036630E-002,
                1.50421060800537E-001,
                5.24550870263193E-001,
                1.75098849422526E-001,
                -1.70355255530087E-002,
                -1.50421062595936E-001,
                -5.24550871778349E-001,
                -1.75098854146444E-001,
                6.05828797215182E-003,
                3.83015732935102E-002,
                -1.87273096280194E-001,
                5.60237990250434E-002,
                -6.05831316056181E-003,
                -3.83016046496325E-002,
                1.87273076506429E-001,
                -5.60238383353647E-002,
                -1.41196921363684E-008
            ],
        "d_CFy" : [
                -1.17073783361680E-018,
                -2.60294636128249E-001,
                -1.12139609446732E-001,
                -1.01176099799360E-004,
                1.12293947768738E-001,
                2.60294636116147E-001,
                1.12139609661673E-001,
                1.01176167898678E-004,
                -1.12293947793469E-001,
                -1.69146395532103E-001,
                -1.73803623603680E-001,
                -2.15681758109666E-004,
                1.75434205018473E-001,
                1.69146402110196E-001,
                1.73803620141514E-001,
                2.15681753368549E-004,
                -1.75434203481553E-001,
                5.38976583142811E-001,
                3.95602303325908E-001,
                5.09780736881102E-004,
                -3.76113420788766E-001,
                -5.38976576868029E-001,
                -3.95602282401556E-001,
                -5.09772878619486E-004,
                3.76113416765835E-001,
                -5.27384635667867E-010,
                2.01091050056246E-001,
                2.85251391578277E-001,
                4.96875784718293E-002,
                1.09627178074665E-001,
                5.01047480275830E-002,
                2.85251391719179E-001,
                4.96875784593684E-002,
                1.09627177985679E-001,
                5.01047478424969E-002,
                -6.61287141766240E-001,
                -3.17425734797051E-001,
                -1.34460156092021E-001,
                -3.16927489793899E-001,
                -6.61287133251508E-001,
                -3.17425731068415E-001,
                -1.34460156149191E-001,
                -3.16927490487487E-001,
                6.64339281716375E-001,
                2.40537442482776E-001,
                -2.49150047369701E-001,
                2.57842734593292E-001,
                6.64339288388369E-001,
                2.40537454153220E-001,
                -2.49150038757862E-001,
                2.57842739343637E-001,
                -2.85035839385136E-001,
                -3.87011245019159E-004,
                -8.41542139493434E-005,
                1.54804880841015E-002,
                1.34868815846145E-004,
                -1.57080683362921E-002,
                -8.41541570690756E-005,
                1.54804880584008E-002,
                1.34868708386925E-004,
                -1.57080685159954E-002,
                2.06009221451656E-002,
                2.08279166727449E-001,
                1.53065466804977E-004,
                -1.95576058335478E-001,
                2.06009297794453E-002,
                2.08279171078644E-001,
                1.53065402544532E-004,
                -1.95576059491268E-001,
                3.27533913741139E-003,
                -4.54542408152169E-001,
                9.08316069806935E-003,
                4.39496865399211E-001,
                3.27534274545419E-003,
                -4.54542399812896E-001,
                9.08316700489282E-003,
                4.39496871630702E-001,
                -2.71413610430905E-002
            ],