{
    "info" : {
        "generated_by" : "MachLine (c) 2023 USU Aerolab",
        "executed" : "Fri Jul 12 13:56:00 2024"
    },
    "mesh_info" : {
        "N_body_panels" : 48,
        "N_body_vertices" : 26,
        "N_wake_panels" : 0,
        "N_wake_filaments" : 0,
        "average_characteristic_length" : 4.76931360312427E-001,
        "max_flow_turning_angle" : 9.00000000000000E+001
    },
    "solver_results" : {
        "solver_status_code" : 0,
        "system_dimension" : 26,
        "timing" : {
            "system_sorting" : 2.00000000000000E-006,
            "preconditioner" : 6.00000000000000E-006,
            "matrix_solver" : 1.33000000000000E-005
        },
        "iterations" : 6,
        "residual" : {
            "max" : 8.88178419700125E-016,
            "norm" : 1.64794444710331E-015
        }
    },
    "pressure_calculations" : {
        "incompressible_rule" : {
            "max" : 6.43590532579513E-001,
            "min" : -6.51352061396298E-001
        }
    },
    "total_forces" : {
        "Cx" : -7.04973579512824E-012,
        "Cy" : 1.02695629777827E-015,
        "Cz" : 4.16333634234434E-017
    },
    "total_moments" : {
        "CMx" : 2.77555756156289E-017,
        "CMy" : -1.73472347597681E-016,
        "CMz" : 9.64506252643105E-016
    },
    "CF_sensitivities" : {
        "d_CFx" : [
                5.69949047317944E-001,
                -2.29207488744191E-002,
                -9.47358509483740E-002,
                -1.67444083785287E-001,
                -9.47358509483424E-002,
                -2.29207488744591E-002,
                -9.47358509482924E-002,
                -1.67444083785336E-001,
                -9.47358509483873E-002,
                4.79077095911724E-002,
                4.69543013057079E-002,
                4.79077095937084E-002,
                4.69543013055724E-002,
                4.79077095911922E-002,
                4.69543013058886E-002,
                4.79077095939047E-002,
                4.69543013058049E-002,
                -1.67444083786721E-001,
                -9.47358509493443E-002,
                -2.29207488782851E-002,
                -9.47358509493585E-002,
                -1.67444083787628E-001,
                -9.47358509504319E-002,
                -2.29207488774794E-002,
                -9.47358509491740E-002,
                5.69949047323533E-001,
                -1.34227483407913E-014,
                1.42649920568020E-001,
                2.65912725160348E-001,
                -3.95638473801502E-014,
                -2.65912725160615E-001,
                -1.42649920568123E-001,
                -2.65912725160530E-001,
                -1.22606743412315E-013,
                2.65912725160478E-001,
                2.33194046487122E-001,
                -6.66991098057366E-002,
                7.02632295604435E-014,
                6.66991098054503E-002,
                -2.33194046487296E-001,
                6.66991098055926E-002,
                -5.92542917586204E-014,
                -6.66991098056804E-002,
                -4.76825618396721E-001,
                -1.70320007595419E-001,
                -9.79749188325025E-013,
                1.70320007593631E-001,
                4.76825618395230E-001,
                1.70320007594390E-001,
                -3.85305707070774E-013,
                -1.70320007595499E-001,
                -3.85618408151607E-013,
                -4.72947641835025E-014,
                -5.90912638289744E-015,
                -1.70320003064900E-001,
                -4.76825618390998E-001,
                -1.70320003064714E-001,
                -8.90077206287500E-014,
                1.70320003064643E-001,
                4.76825618390870E-001,
                1.70320003064590E-001,
                1.39103791564323E-015,
                -6.66991098091888E-002,
                2.33194046481039E-001,
                -6.66991098092780E-002,
                -1.65791363535953E-013,
                6.66991098091027E-002,
                -2.33194046481106E-001,
                6.66991098091052E-002,
                -6.90956665023387E-013,
                2.65912719444678E-001,
                1.42649920573905E-001,
                2.65912719444229E-001,
                -6.20887783636540E-013,
                -2.65912719446318E-001,
                -1.42649920574821E-001,
                -2.65912719445274E-001,
                -4.10129047598141E-013
            ],
        "d_CFy" : [
                -2.07965642113498E-016,
                -2.63300037431515E-001,
                -1.14904571444090E-001,
                2.01567183998077E-015,
                1.14904571444111E-001,
                2.63300037431518E-001,
                1.14904571444094E-001,
                3.41299159988009E-015,
                -1.14904571444107E-001,
                1.03914578057880E-001,
                -3.09421442232725E-002,
                -8.42019651254036E-015,
                3.09421442231844E-002,
                -1.03914578057518E-001,
                3.09421442231078E-002,
                9.66603044799383E-015,
                -3.09421442230571E-002,
                1.21204414899643E-001,
                1.55987138574917E-001,
                -4.49441085533266E-013,
                -1.55987138574852E-001,
                -1.21204414899504E-001,
                -1.55987138574203E-001,
                9.85785851763097E-013,
                1.55987138574928E-001,
                -1.36661265937333E-013,
                1.92091456570424E-001,
                2.93743706744511E-001,
                5.16451611561574E-002,
                1.04558911392166E-001,
                5.16451611561462E-002,
                2.93743706744534E-001,
                5.16451611561691E-002,
                1.04558911392161E-001,
                5.16451611561241E-002,
                -4.63798808878801E-001,
                -2.98581572894574E-001,
                -1.35656096563871E-001,
                -2.98581572894397E-001,
                -4.63798808878399E-001,
                -2.98581572894386E-001,
                -1.35656096563874E-001,
                -2.98581572894453E-001,
                -6.09937541455340E-002,
                1.98399738731678E-001,
                1.66960827040244E-001,
                1.98399738731920E-001,
                -6.09937541455380E-002,
                1.98399738732263E-001,
                1.66960827040609E-001,
                1.98399738732320E-001,
                1.92425569049859E-001,
                7.41691864175609E-015,
                -6.57633669742808E-015,
                9.20371330463349E-003,
                3.47236115455920E-015,
                -9.20371330466024E-003,
                1.58491384079362E-014,
                9.20371330464631E-003,
                -1.47829651892386E-015,
                -9.20371330468259E-003,
                -2.47035031319953E-013,
                1.63528459559092E-001,
                -1.47760496356134E-014,
                -1.63528459559237E-001,
                1.38505092811547E-013,
                1.63528459559341E-001,
                -1.87006440037871E-014,
                -1.63528459559269E-001,
                -1.09125382341535E-013,
                1.12742822176995E-002,
                -2.07392600050510E-013,
                -1.12742822178512E-002,
                1.52277250528641E-013,
                1.12742822180988E-002,
                1.11246418756234E-013,
                -1.12742822176680E-002,
                -5.90087007035223E-013
            ],