{
    "info" : {
        "generated_by" : "MachLine (c) 2023 USU Aerolab",
        "executed" : "Fri Jul 12 13:55:33 2024"
    },
    "mesh_info" : {
        "N_body_panels" : 48,
        "N_body_vertices" : 26,
        "N_wake_panels" : 0,
        "N_wake_filaments" : 0,
        "average_characteristic_length" : 4.76931360312427E-001,
        "max_flow_turning_angle" : 9.00000000000000E+001
    },
    "solver_results" : {
        "solver_status_code" : 0,
        "system_dimension" : 26,
        "timing" : {
            "system_sorting" : 2.20000000000000E-006,
            "preconditioner" : 5.60000000000000E-006,
            "matrix_solver" : 1.37000000000000E-005
        },
        "iterations" : 6,
        "residual" : {
            "max" : 4.44089209850063E-016,
            "norm" : 1.03082546140603E-015
        }
    },
    "pressure_calculations" : {
        "incompressible_rule" : {
            "max" : 6.44551110924231E-001,
            "min" : -6.48292902819082E-001
        }
    },
    "total_forces" : {
        "Cx" : 1.19149398680740E-010,
        "Cy" : -8.81239525796218E-016,
        "Cz" : 4.16333634234434E-016
    },
    "total_moments" : {
        "CMx" : -2.89698820488127E-016,
        "CMy" : -6.10622663543836E-016,
        "CMz" : -1.02001740387436E-015
    },
    "CF_sensitivities" : {
        "d_CFx" : [
                8.03868316317359E-001,
                2.71721328369627E-002,
                -9.71300845890862E-002,
                -1.36035542180412E-001,
                -1.07074016400206E-002,
                2.71721328403892E-002,
                -9.71300845826567E-002,
                -1.36035542151814E-001,
                -1.07074016310305E-002,
                -7.27780512679874E-002,
                -3.16350784949841E-002,
                1.70273297164856E-002,
                -2.54127159424762E-002,
                -7.27780512720497E-002,
                -3.16350784786965E-002,
                1.70273296948777E-002,
                -2.54127159045141E-002,
                -3.19084316114641E-001,
                -2.29164453232937E-001,
                -2.30655677230447E-001,
                -3.20785115582222E-001,
                -3.19084316283600E-001,
                -2.29164453229435E-001,
                -2.30655677351904E-001,
                -3.20785115544261E-001,
                1.82296533874080E+000,
                -2.83862276496453E-012,
                2.60902934352107E-001,
                3.12111368730223E-001,
                -2.46108417111526E-003,
                -3.02577840653641E-001,
                -2.60902934368526E-001,
                -3.12111368749422E-001,
                2.46108414267499E-003,
                3.02577840633410E-001,
                -1.18966221881291E-001,
                -2.78106918896989E-001,
                -7.28898721356911E-002,
                3.73579602680977E-001,
                1.18966221858485E-001,
                2.78106918903172E-001,
                7.28898721228061E-002,
                -3.73579602707772E-001,
                -5.54892184798623E-002,
                9.35302523868199E-002,
                -2.44669520759974E-002,
                -1.11617928346994E-001,
                5.54892182696798E-002,
                -9.35302525055178E-002,
                2.44669518967049E-002,
                1.11617928102578E-001,
                -4.64588408393018E-011,
                1.91991937295586E-012,
                2.15487702244348E-002,
                -2.38703906234610E-001,
                -4.72135800979553E-001,
                -2.56392189401831E-001,
                -2.15487702343925E-002,
                2.38703906202776E-001,
                4.72135800949150E-001,
                2.56392189383124E-001,
                7.52322009155785E-002,
                1.60580788570055E-001,
                5.34979817432755E-001,
                2.52914188709181E-001,
                -7.52322009326772E-002,
                -1.60580788585654E-001,
                -5.34979817437128E-001,
                -2.52914188758521E-001,
                4.19247959220055E-003,
                -1.28753984199915E-002,
                -3.56374991132334E-001,
                4.18620485568405E-003,
                -4.19247976381528E-003,
                1.28753981700622E-002,
                3.56374991021549E-001,
                -4.18620511182988E-003,
                -4.00312108105994E-011
            ],
        "d_CFy" : [
                2.87434769088810E-017,
                -2.60992709317806E-001,
                -1.12159702285658E-001,
                -7.17663079022551E-005,
                1.12091267492866E-001,
                2.60992709317163E-001,
                1.12159702286531E-001,
                7.17663093751777E-005,
                -1.12091267492981E-001,
                -2.68261628862152E-001,
                -2.70257522231150E-001,
                -1.49919565613549E-004,
                2.58928438115999E-001,
                2.68261628904122E-001,
                2.70257522215168E-001,
                1.49919565560338E-004,
                -2.58928438098746E-001,
                5.31034727873463E-001,
                4.07035156350154E-001,
                1.02894683557751E-003,
                -3.85627372947108E-001,
                -5.31034727885662E-001,
                -4.07035156259209E-001,
                -1.02894678075113E-003,
                3.85627372930299E-001,
                -1.49736624344070E-011,
                2.00510901690016E-001,
                2.85122910097093E-001,
                4.98784469501568E-002,
                1.13828507648467E-001,
                5.01198793385022E-002,
                2.85122910097573E-001,
                4.98784469498070E-002,
                1.13828507647733E-001,
                5.01198793373313E-002,
                -6.50180057015286E-001,
                -3.19802212663271E-001,
                -1.34349005568056E-001,
                -3.18016164643388E-001,
                -6.50180056962808E-001,
                -3.19802212636672E-001,
                -1.34349005568457E-001,
                -3.18016164649933E-001,
                4.97185192171356E-001,
                2.55942017635559E-001,
                -5.00986596172187E-001,
                2.63423116486892E-001,
                4.97185192187875E-001,
                2.55942017694044E-001,
                -5.00986596112977E-001,
                2.63423116477918E-001,
                -2.46882459632553E-001,
                -1.55515230287025E-004,
                -1.65763619306251E-004,
                1.85869215587141E-002,
                -1.66217447858097E-005,
                -1.85365424181749E-002,
                -1.65763618697881E-004,
                1.85869215585162E-002,
                -1.66217455128128E-005,
                -1.85365424194553E-002,
                8.76170146190124E-003,
                2.06299753647619E-001,
                1.52918122172137E-004,
                -2.02805144535469E-001,
                8.76170151230022E-003,
                2.06299753685486E-001,
                1.52918121783861E-004,
                -2.02805144553146E-001,
                9.60027707153673E-003,
                -6.94769282643937E-001,
                6.57040816704357E-003,
                6.64325771538341E-001,
                9.60027708381238E-003,
                -6.94769282580206E-001,
                6.57040822174058E-003,
                6.64325771556823E-001,
                -1.00257387152073E-002
            ],