{
    "info" : {
        "generated_by" : "MachLine (c) 2023 USU Aerolab",
        "executed" : "Fri Jul 12 13:55:05 2024"
    },
    "mesh_info" : {
        "N_body_panels" : 48,
        "N_body_vertices" : 26,
        "N_wake_panels" : 0,
        "N_wake_filaments" : 0,
        "average_characteristic_length" : 4.76931360312427E-001,
        "max_flow_turning_angle" : 9.00000000000000E+001
    },
    "solver_results" : {
        "solver_status_code" : 0,
        "system_dimension" : 26,
        "timing" : {
            "system_sorting" : 2.00000000000000E-006,
            "preconditioner" : 5.50000000000000E-006,
            "matrix_solver" : 1.38000000000000E-005
        },
        "iterations" : 6,
        "residual" : {
            "max" : 6.66133814775094E-016,
            "norm" : 1.34544507842292E-015
        }
    },
    "pressure_calculations" : {
        "incompressible_rule" : {
            "max" : 6.44562016795840E-001,
            "min" : -6.48258245619095E-001
        }
    },
    "total_forces" : {
        "Cx" : 2.04665016045880E-008,
        "Cy" : -1.02001740387436E-015,
        "Cz" : -8.18789480661053E-016
    },
    "total_moments" : {
        "CMx" : -7.63486496246912E-014,
        "CMy" : 8.70831184940357E-016,
        "CMz" : -7.63278329429795E-016
    },
    "CF_sensitivities" : {
        "d_CFx" : [
                7.95497205359454E-001,
                -6.13366592647061E-002,
                -1.06396651719006E-001,
                -1.39275667006712E-001,
                -9.46284485901929E-002,
                -6.13366624570771E-002,
                -1.06396647258057E-001,
                -1.39275669156958E-001,
                -9.46284497786839E-002,
                2.48642321781503E-002,
                -5.02171976206656E-003,
                -2.74093191200893E-002,
                -2.31694692839834E-003,
                2.48642306097078E-002,
                -5.02171541270191E-003,
                -2.74093175029364E-002,
                -2.31694581653841E-003,
                -3.54742529334571E-001,
                -2.62254726476325E-001,
                -1.85692597066944E-001,
                -2.80885424749484E-001,
                -3.54742549308493E-001,
                -2.62254743798126E-001,
                -1.85692646697131E-001,
                -2.80885433910358E-001,
                1.72284740194998E+000,
                -7.77095639336588E-010,
                3.22871780759060E-001,
                3.12870973443675E-001,
                -6.22776451123928E-004,
                -3.12266104338248E-001,
                -3.22871784650086E-001,
                -3.12870979401550E-001,
                6.22772612280043E-004,
                3.12266095672243E-001,
                -8.41707462892436E-002,
                -2.51946875894382E-001,
                -1.49580241997932E-002,
                2.85685424368161E-001,
                8.41707399506014E-002,
                2.51946874326554E-001,
                1.49580250966969E-002,
                -2.85685430374031E-001,
                -1.87509818330562E-001,
                4.17200593958241E-002,
                -7.16368761138009E-003,
                -7.13202966473355E-002,
                1.87509773559931E-001,
                -4.17200983265278E-002,
                7.16364810220412E-003,
                7.13202507134667E-002,
                -2.05307145903886E-008,
                -2.20806835222385E-009,
                7.28430018004888E-003,
                -2.49612293735216E-001,
                -5.02940488235143E-001,
                -2.68988717634480E-001,
                -7.28430300707818E-003,
                2.49612286091718E-001,
                5.02940485483524E-001,
                2.68988710890722E-001,
                2.10615281987635E-002,
                1.38462993486387E-001,
                4.98425236585798E-001,
                1.64523214845295E-001,
                -2.10615321023923E-002,
                -1.38462996489439E-001,
                -4.98425236209583E-001,
                -1.64523221734916E-001,
                -1.06364075995593E-004,
                4.69770687780985E-002,
                -2.14758491571361E-001,
                5.42361786222630E-002,
                1.06325657527921E-004,
                -4.69771165651293E-002,
                2.14758456425506E-001,
                -5.42362317436266E-002,
                -4.07760855613147E-009
            ],
        "d_CFy" : [
                -1.12246314752792E-016,
                -2.60399462843139E-001,
                -1.12243883746665E-001,
                3.77478382248758E-005,
                1.12614807754466E-001,
                2.60399462818120E-001,
                1.12243883989319E-001,
                -3.77476203345907E-005,
                -1.12614807711086E-001,
                -1.55179054382347E-001,
                -1.75854327202788E-001,
                -9.62406274189397E-005,
                1.74926581756183E-001,
                1.55179063490921E-001,
                1.75854322457447E-001,
                9.62406415062181E-005,
                -1.74926578118669E-001,
                5.28253657669496E-001,
                3.88878423384269E-001,
                -6.61608010989651E-004,
                -3.68406616732675E-001,
                -5.28253668442826E-001,
                -3.88878411946668E-001,
                6.61632928136890E-004,
                3.68406612095711E-001,
                -2.42502489317141E-009,
                2.00755032794438E-001,
                2.85038417059301E-001,
                4.98241127409831E-002,
                1.09751894342130E-001,
                5.01461891918287E-002,
                2.85038417237469E-001,
                4.98241126281276E-002,
                1.09751894194059E-001,
                5.01461889794228E-002,
                -6.48022671359442E-001,
                -3.18687275462714E-001,
                -1.34400671157584E-001,
                -3.26222525340058E-001,
                -6.48022659607189E-001,
                -3.18687271243976E-001,
                -1.34400671263708E-001,
                -3.26222526447030E-001,
                6.48344238385437E-001,
                2.25770441829690E-001,
                -2.40897213765688E-001,
                2.50346022690134E-001,
                6.48344231636046E-001,
                2.25770453615693E-001,
                -2.40897202242070E-001,
                2.50346026918075E-001,
                -2.62493599196655E-001,
                -3.92312414192360E-004,
                7.94493432684246E-005,
                1.52666626545727E-002,
                1.14079220130736E-004,
                -1.57336618099752E-002,
                7.94494469318550E-005,
                1.52666626289493E-002,
                1.14079097265474E-004,
                -1.57336620754967E-002,
                2.52335437822475E-002,
                2.23002270229441E-001,
                1.61653631756538E-004,
                -2.16580189080606E-001,
                2.52335551737330E-002,
                2.23002276073120E-001,
                1.61653561402850E-004,
                -2.16580189712229E-001,
                -9.89597842527591E-003,
                -4.65950248685578E-001,
                8.04734094819153E-003,
                4.46451680222270E-001,
                -9.89597026196669E-003,
                -4.65950233819993E-001,
                8.04735057790533E-003,
                4.46451686758447E-001,
                -2.78022734691237E-002
            ],