{
    "info" : {
        "generated_by" : "MachLine (c) 2023 USU Aerolab",
        "executed" : "Fri Jul 12 13:56:19 2024"
    },
    "mesh_info" : {
        "N_body_panels" : 48,
        "N_body_vertices" : 26,
        "N_wake_panels" : 0,
        "N_wake_filaments" : 0,
        "average_characteristic_length" : 4.76931360312427E-001,
        "max_flow_turning_angle" : 9.00000000000000E+001
    },
    "solver_results" : {
        "solver_status_code" : 0,
        "system_dimension" : 26,
        "timing" : {
            "system_sorting" : 2.80000000000000E-006,
            "preconditioner" : 7.60000000000000E-006,
            "matrix_solver" : 1.46000000000000E-005
        },
        "iterations" : 6,
        "residual" : {
            "max" : 4.44089209850063E-016,
            "norm" : 1.05398692068958E-015
        }
    },
    "pressure_calculations" : {
        "incompressible_rule" : {
            "max" : 6.27940078909990E-001,
            "min" : -6.99574398923240E-001
        }
    },
    "total_forces" : {
        "Cx" : -8.14469325316480E-012,
        "Cy" : 7.91033905045424E-016,
        "Cz" : 1.04083408558608E-017
    },
    "total_moments" : {
        "CMx" : 8.58688120608520E-017,
        "CMy" : 5.55111512312578E-017,
        "CMz" : 7.42461647718073E-016
    },
    "CF_sensitivities" : {
        "d_CFx" : [
                5.25772762717165E-001,
                -2.53740381288339E-002,
                -1.02176806526746E-001,
                -1.78806594226220E-001,
                -1.02176806526746E-001,
                -2.53740381288342E-002,
                -1.02176806526746E-001,
                -1.78806594226216E-001,
                -1.02176806526747E-001,
                7.28788850390492E-002,
                7.27689790095407E-002,
                7.28788850421260E-002,
                7.27689790095327E-002,
                7.28788850390472E-002,
                7.27689790095432E-002,
                7.28788850421287E-002,
                7.27689790095380E-002,
                -1.78806594225869E-001,
                -1.02176806527637E-001,
                -2.53740381310552E-002,
                -1.02176806527634E-001,
                -1.78806594225917E-001,
                -1.02176806527625E-001,
                -2.53740381310520E-002,
                -1.02176806527627E-001,
                5.25772762724804E-001,
                1.63683855427143E-014,
                1.02957710513176E-001,
                2.57635166849460E-001,
                5.79000549612266E-015,
                -2.57635166849460E-001,
                -1.02957710513184E-001,
                -2.57635166849458E-001,
                2.59937151106939E-015,
                2.57635166849461E-001,
                2.61262229985586E-001,
                -7.64298745787087E-002,
                -8.49413565663179E-015,
                7.64298745786913E-002,
                -2.61262229985608E-001,
                7.64298745786918E-002,
                -6.74106330020142E-015,
                -7.64298745787114E-002,
                -4.72638727309240E-001,
                -1.49485844026911E-001,
                -3.38988847247268E-014,
                1.49485844026863E-001,
                4.72638727309205E-001,
                1.49485844026872E-001,
                -4.85893061698982E-015,
                -1.49485844026910E-001,
                -5.72076992852715E-015,
                1.68931749079037E-014,
                -2.77632647584308E-015,
                -1.49485844023309E-001,
                -4.72638727305194E-001,
                -1.49485844023304E-001,
                -3.47636495517598E-015,
                1.49485844023308E-001,
                4.72638727305202E-001,
                1.49485844023305E-001,
                -8.09912952012048E-015,
                -7.64298745816358E-002,
                2.61262229981297E-001,
                -7.64298745816330E-002,
                -1.27312938533281E-014,
                7.64298745816163E-002,
                -2.61262229981316E-001,
                7.64298745816129E-002,
                -1.39746191226606E-014,
                2.57635166852496E-001,
                1.02957710518648E-001,
                2.57635166852476E-001,
                -1.56034145146431E-014,
                -2.57635166852537E-001,
                -1.02957710518686E-001,
                -2.57635166852514E-001,
                9.38944713509220E-016
            ],
        "d_CFy" : [
                1.00844958923758E-017,
                -2.54175928008753E-001,
                -9.40353549553297E-002,
                1.13400764468117E-016,
                9.40353549553304E-002,
                2.54175928008752E-001,
                9.40353549553298E-002,
                6.62874425483771E-016,
                -9.40353549553294E-002,
                1.14600929689498E-001,
                -3.22748503536213E-002,
                -1.68142020257298E-016,
                3.22748503536218E-002,
                -1.14600929689491E-001,
                3.22748503536183E-002,
                3.24519446920116E-016,
                -3.22748503536164E-002,
                8.15618151543982E-002,
                1.45617689573516E-001,
                -1.43898280790324E-014,
                -1.45617689573522E-001,
                -8.15618151543873E-002,
                -1.45617689573486E-001,
                2.39475607400551E-014,
                1.45617689573507E-001,
                -4.16413862980413E-015,
                1.48623771962296E-001,
                3.10736107281805E-001,
                4.53247766445998E-002,
                1.00006992965433E-001,
                4.53247766446165E-002,
                3.10736107281829E-001,
                4.53247766446157E-002,
                1.00006992965433E-001,
                4.53247766446002E-002,
                -4.36141706244166E-001,
                -2.88868841685378E-001,
                -1.34958483533032E-001,
                -2.88868841685365E-001,
                -4.36141706244166E-001,
                -2.88868841685365E-001,
                -1.34958483533033E-001,
                -2.88868841685374E-001,
                -7.85545300606192E-002,
                2.07026291512529E-001,
                1.63923146657762E-001,
                2.07026291512522E-001,
                -7.85545300606330E-002,
                2.07026291512529E-001,
                1.63923146657775E-001,
                2.07026291512543E-001,
                1.47424268016191E-001,
                -5.07406616723218E-017,
                -1.10098562211558E-014,
                8.46555150438938E-003,
                -3.95906415955109E-016,
                -8.46555150438841E-003,
                1.16343566725075E-014,
                8.46555150440600E-003,
                -9.93571364362700E-017,
                -8.46555150440512E-003,
                1.21083698623181E-015,
                1.53210826543890E-001,
                3.67706438777320E-016,
                -1.53210826543897E-001,
                -1.16193946825272E-015,
                1.53210826543906E-001,
                -3.00052223214225E-016,
                -1.53210826543908E-001,
                9.64650587057317E-015,
                3.96122539287130E-003,
                -9.90893555825004E-015,
                -3.96122539288338E-003,
                -5.64888051293082E-015,
                3.96122539286478E-003,
                1.37149397123019E-015,
                -3.96122539286053E-003,
                -1.56055723898874E-014
            ],