{
    "info" : {
        "generated_by" : "MachLine (c) 2023 USU Aerolab",
        "executed" : "Fri Jul 12 13:54:13 2024"
    },
    "mesh_info" : {
        "N_body_panels" : 48,
        "N_body_vertices" : 26,
        "N_wake_panels" : 0,
        "N_wake_filaments" : 0,
        "average_characteristic_length" : 4.76931360312427E-001,
        "max_flow_turning_angle" : 9.00000000000000E+001
    },
    "solver_results" : {
        "solver_status_code" : 0,
        "system_dimension" : 26,
        "timing" : {
            "system_sorting" : 1.90000000000000E-006,
            "preconditioner" : 4.20000000000000E-006,
            "matrix_solver" : 1.32000000000000E-005
        },
        "iterations" : 6,
        "residual" : {
            "max" : 1.22124532708767E-014,
            "norm" : 3.43231438133994E-014
        }
    },
    "pressure_calculations" : {
        "incompressible_rule" : {
            "max" : 6.44648036815169E-001,
            "min" : -6.48420339859879E-001
        }
    },
    "total_forces" : {
        "Cx" : 1.55684824289168E-004,
        "Cy" : 1.94289029309402E-016,
        "Cz" : -4.23272528138341E-016
    },
    "total_moments" : {
        "CMx" : -4.55002728202980E-010,
        "CMy" : 4.78783679369599E-016,
        "CMz" : 2.35922392732846E-016
    },
    "CF_sensitivities" : {
        "d_CFx" : [
                8.42846867620609E-001,
                -4.27428685635863E-002,
                -1.07997719056567E-001,
                -1.52899509846669E-001,
                -8.69474905417803E-002,
                -4.27799036451645E-002,
                -1.08025210752698E-001,
                -1.52825451120162E-001,
                -8.70386948550734E-002,
                1.66703371625889E-002,
                -1.99498429647549E-003,
                -1.57803640284331E-002,
                1.21298526593860E-003,
                1.65578048018233E-002,
                -1.81417145485097E-003,
                -1.57511815979032E-002,
                1.28672066165536E-003,
                -3.42260853638705E-001,
                -2.53691064089465E-001,
                -1.91491110173843E-001,
                -2.78458117568838E-001,
                -3.43025789756926E-001,
                -2.54034191478140E-001,
                -1.92085304703932E-001,
                -2.78425793905702E-001,
                2.06689142001205E+000,
                -3.59713097957292E-005,
                2.79170692091930E-001,
                3.27529284974066E-001,
                -6.62464625589794E-004,
                -3.13620426025849E-001,
                -2.79266510560894E-001,
                -3.27643787589895E-001,
                5.49406278928355E-004,
                3.13500554955478E-001,
                -1.31200558649487E-001,
                -2.96664822261945E-001,
                -1.43742130143005E-002,
                3.17773503179025E-001,
                1.31113917068205E-001,
                2.96715320089767E-001,
                1.43621783816121E-002,
                -3.17878280885919E-001,
                -1.70599583894578E-001,
                4.97761305496074E-002,
                -2.33105920213442E-002,
                -6.59714479752101E-002,
                1.69720470552730E-001,
                -5.02493122742652E-002,
                2.25610706471795E-002,
                6.50050962075994E-002,
                -7.08578556525298E-005,
                -3.52936324265432E-005,
                1.97177880712228E-002,
                -2.43168998918217E-001,
                -5.29609177983685E-001,
                -2.56066961828779E-001,
                -1.97468656279262E-002,
                2.43003968166233E-001,
                5.29516367936551E-001,
                2.55983788942690E-001,
                1.66881264539931E-002,
                1.74066718520698E-001,
                5.63805398325492E-001,
                1.92186465152161E-001,
                -1.67310045198889E-002,
                -1.74131219524845E-001,
                -5.63820079764331E-001,
                -1.92304181715441E-001,
                3.02593720393315E-004,
                3.42365284865334E-002,
                -1.90527847320896E-001,
                5.01087487117102E-002,
                -9.67193289203974E-004,
                -3.51173921165872E-002,
                1.89895877823898E-001,
                -5.08953787313484E-002,
                -2.20105674324297E-004
            ],
        "d_CFy" : [
                -5.63144364990787E-018,
                -2.59481180225002E-001,
                -1.12170658887481E-001,
                -2.80142078896458E-005,
                1.12294590151210E-001,
                2.59482567702999E-001,
                1.12171974948808E-001,
                2.96400434922988E-005,
                -1.12292818958466E-001,
                -1.32170034254750E-001,
                -1.75730822871336E-001,
                -1.51391334089143E-004,
                1.74806003990780E-001,
                1.32312250767784E-001,
                1.75627579761990E-001,
                1.51560068003070E-004,
                -1.74760093349351E-001,
                5.26798721498565E-001,
                4.20747974219836E-001,
                1.26306293468761E-003,
                -4.07835741576444E-001,
                -5.26711954721119E-001,
                -4.20346281052029E-001,
                -7.91275600212040E-004,
                4.07305081917510E-001,
                -3.50075165891811E-005,
                2.00411592848250E-001,
                2.83903840874329E-001,
                5.02693642486873E-002,
                1.09962514389630E-001,
                5.04065061270797E-002,
                2.83905023166064E-001,
                5.02673770802932E-002,
                1.09959761734733E-001,
                5.04022335871749E-002,
                -6.27777414048259E-001,
                -3.37993515913648E-001,
                -1.34690605118113E-001,
                -3.37087234092969E-001,
                -6.27606643700448E-001,
                -3.37916590376326E-001,
                -1.34692273036551E-001,
                -3.37105093701645E-001,
                6.26700544045785E-001,
                2.77095565862398E-001,
                -2.30642649474335E-001,
                2.88095352705285E-001,
                6.26972753799593E-001,
                2.77373107904584E-001,
                -2.30408071313197E-001,
                2.88176822853948E-001,
                -2.39022615307575E-001,
                -4.99465201007083E-005,
                -1.69510875503842E-004,
                1.58058813500330E-002,
                6.89950080578850E-006,
                -1.59159511215252E-002,
                -1.67922180717607E-004,
                1.58044555946569E-002,
                4.48141802897072E-006,
                -1.59203175860551E-002,
                7.47150225205560E-003,
                2.15912646333632E-001,
                1.34727566272672E-004,
                -2.14522897617670E-001,
                7.65050677728660E-003,
                2.16037865381980E-001,
                1.32802355406307E-004,
                -2.14550924573043E-001,
                -1.50519836135742E-003,
                -4.90066840985659E-001,
                2.34667052537504E-003,
                4.82070527271234E-001,
                -1.43666976973226E-003,
                -4.89875914148611E-001,
                2.55650290755667E-003,
                4.82100472056840E-001,
                -4.26134852844214E-003
            ],