{
    "info" : {
        "generated_by" : "MachLine (c) 2023 USU Aerolab",
        "executed" : "Fri Jul 12 13:55:27 2024"
    },
    "mesh_info" : {
        "N_body_panels" : 48,
        "N_body_vertices" : 26,
        "N_wake_panels" : 0,
        "N_wake_filaments" : 0,
        "average_characteristic_length" : 4.76931360312427E-001,
        "max_flow_turning_angle" : 9.00000000000000E+001
    },
    "solver_results" : {
        "solver_status_code" : 0,
        "system_dimension" : 26,
        "timing" : {
            "system_sorting" : 1.14000000000000E-005,
            "preconditioner" : 8.20000000000000E-006,
            "matrix_solver" : 1.79000000000000E-005
        },
        "iterations" : 6,
        "residual" : {
            "max" : 1.55431223447522E-015,
            "norm" : 3.49378400421637E-015
        }
    },
    "pressure_calculations" : {
        "incompressible_rule" : {
            "max" : 6.44558588385608E-001,
            "min" : -6.48269133942240E-001
        }
    },
    "total_forces" : {
        "Cx" : 1.34568939325064E-010,
        "Cy" : 1.11022302462516E-016,
        "Cz" : -1.13103970633688E-015
    },
    "total_moments" : {
        "CMx" : -8.41340885848751E-016,
        "CMy" : 8.88178419700125E-016,
        "CMz" : -3.46944695195361E-017
    },
    "CF_sensitivities" : {
        "d_CFx" : [
                8.03885612549230E-001,
                -4.19493921263998E-002,
                -9.71275881129271E-002,
                -1.36031231361162E-001,
                -7.99488274726231E-002,
                -4.19493920689875E-002,
                -9.71275881022743E-002,
                -1.36031231465716E-001,
                -7.99488275139116E-002,
                2.51333669254215E-002,
                -1.27798660317047E-003,
                -2.30715421537206E-002,
                2.14813072758302E-003,
                2.51333668358231E-002,
                -1.27798653321998E-003,
                -2.30715421470673E-002,
                2.14813088756660E-003,
                -3.19071102747929E-001,
                -2.29155974154174E-001,
                -1.61529698239713E-001,
                -2.51532317843022E-001,
                -3.19071102965292E-001,
                -2.29155974156216E-001,
                -1.61529698345355E-001,
                -2.51532317651084E-001,
                1.82294270869694E+000,
                -1.36878605893293E-012,
                2.86899337425186E-001,
                3.11392189608748E-001,
                -2.43692985498911E-003,
                -3.01918153968821E-001,
                -2.86899337470582E-001,
                -3.11392189678201E-001,
                2.43692976014957E-003,
                3.01918153905030E-001,
                -1.18969736616041E-001,
                -2.70782819960185E-001,
                -1.48823463996681E-002,
                3.09292812460851E-001,
                1.18969736518586E-001,
                2.70782819970435E-001,
                1.48823464246515E-002,
                -3.09292812580809E-001,
                -1.76126154390622E-001,
                5.12593238055010E-002,
                -2.48176633767215E-002,
                -7.01250825500929E-002,
                1.76126153747921E-001,
                -5.12593238984462E-002,
                2.48176627306671E-002,
                7.01250817637636E-002,
                -3.49870858844170E-010,
                -2.89287109463168E-011,
                2.15531755755993E-002,
                -2.38107585312487E-001,
                -4.98627599741792E-001,
                -2.55806486188891E-001,
                -2.15531755732906E-002,
                2.38107585222688E-001,
                4.98627599642937E-001,
                2.55806486108431E-001,
                1.72243519306296E-002,
                1.53265018100738E-001,
                5.34956777556215E-001,
                1.88635634550881E-001,
                -1.72243520206425E-002,
                -1.53265018139757E-001,
                -5.34956777611327E-001,
                -1.88635634629713E-001,
                2.51177799488908E-003,
                3.76177328379425E-002,
                -2.00004805967285E-001,
                5.05396632368549E-002,
                -2.51177860684468E-003,
                -3.76177335674071E-002,
                2.00004805400555E-001,
                -5.05396641510278E-002,
                -5.46514278744474E-012
            ],
        "d_CFy" : [
                -9.71560092784546E-017,
                -2.60114075647165E-001,
                -1.12169489471974E-001,
                -7.17700988847156E-005,
                1.12356736146725E-001,
                2.60114075645777E-001,
                1.12169489475006E-001,
                7.17701015511586E-005,
                -1.12356736147308E-001,
                -1.40555454942176E-001,
                -1.68051741243617E-001,
                -1.49950246099765E-004,
                1.66132541403085E-001,
                1.40555455141746E-001,
                1.68051741197050E-001,
                1.49950246184981E-004,
                -1.66132541343570E-001,
                5.31036267072770E-001,
                4.07034701565404E-001,
                1.02903261305795E-003,
                -3.85883264798034E-001,
                -5.31036267178485E-001,
                -4.07034701350413E-001,
                -1.02903219356887E-003,
                3.85883264894710E-001,
                -3.47856594092224E-011,
                2.00527374804991E-001,
                2.85113587199320E-001,
                4.98827842877766E-002,
                1.09610873834866E-001,
                5.01241526764152E-002,
                2.85113587200050E-001,
                4.98827842867093E-002,
                1.09610873832715E-001,
                5.01241526729148E-002,
                -6.50182990302972E-001,
                -3.20036127745222E-001,
                -1.34587753036148E-001,
                -3.18022381838220E-001,
                -6.50182990092072E-001,
                -3.20036127677989E-001,
                -1.34587753037483E-001,
                -3.18022381862214E-001,
                6.54203720476842E-001,
                2.55939237535225E-001,
                -2.22303653596413E-001,
                2.63419979555475E-001,
                6.54203720501559E-001,
                2.55939237703508E-001,
                -2.22303653391358E-001,
                2.63419979742130E-001,
                -2.46850234052404E-001,
                -1.55561813052203E-004,
                -1.54550344763501E-004,
                1.56653776775937E-002,
                -1.66749237708805E-005,
                -1.56685050222067E-002,
                -1.54550342706074E-004,
                1.56653776770468E-002,
                -1.66749268065710E-005,
                -1.56685050264631E-002,
                8.43443947728942E-003,
                2.07415194126199E-001,
                1.52942268774218E-004,
                -2.03632083918904E-001,
                8.43443967463413E-003,
                2.07415194245880E-001,
                1.52942267222223E-004,
                -2.03632083929466E-001,
                -1.43509364631764E-003,
                -4.72750803303208E-001,
                6.57036171173833E-003,
                4.60509935886052E-001,
                -1.43509361852109E-003,
                -4.72750803139130E-001,
                6.57036188023705E-003,
                4.60509935963599E-001,
                -1.00255192682920E-002
            ],