{
    "info" : {
        "generated_by" : "MachLine (c) 2023 USU Aerolab",
        "executed" : "Fri Jul 12 13:55:43 2024"
    },
    "mesh_info" : {
        "N_body_panels" : 48,
        "N_body_vertices" : 26,
        "N_wake_panels" : 0,
        "N_wake_filaments" : 0,
        "average_characteristic_length" : 4.76931360312427E-001,
        "max_flow_turning_angle" : 9.00000000000000E+001
    },
    "solver_results" : {
        "solver_status_code" : 0,
        "system_dimension" : 26,
        "timing" : {
            "system_sorting" : 1.90000000000000E-006,
            "preconditioner" : 5.90000000000000E-006,
            "matrix_solver" : 1.41000000000000E-005
        },
        "iterations" : 6,
        "residual" : {
            "max" : 8.88178419700125E-016,
            "norm" : 2.04993730452656E-015
        }
    },
    "pressure_calculations" : {
        "incompressible_rule" : {
            "max" : 6.44501866462005E-001,
            "min" : -6.48449585140934E-001
        }
    },
    "total_forces" : {
        "Cx" : 4.15362189087887E-013,
        "Cy" : 4.85722573273506E-016,
        "Cz" : -1.28716481917479E-015
    },
    "total_moments" : {
        "CMx" : -1.09287578986539E-016,
        "CMy" : 1.34614541735800E-015,
        "CMz" : 5.06539254985228E-016
    },
    "CF_sensitivities" : {
        "d_CFx" : [
                5.70339025122472E-001,
                -2.14050537024493E-002,
                -9.32098362787961E-002,
                -1.65759199737042E-001,
                -9.31351861020512E-002,
                -2.14050537038190E-002,
                -9.32098362796476E-002,
                -1.65759199736793E-001,
                -9.31351861003038E-002,
                4.66096582069697E-002,
                4.63808326556103E-002,
                4.63152828691162E-002,
                4.63808306711242E-002,
                4.66096582047772E-002,
                4.63808326603374E-002,
                4.63152828683069E-002,
                4.63808306719926E-002,
                -1.69333296622618E-001,
                -9.70867534249578E-002,
                -2.60729371374637E-002,
                -9.71614144063304E-002,
                -1.69333296643524E-001,
                -9.70867534299870E-002,
                -2.60729371505170E-002,
                -9.71614143991806E-002,
                5.55758670776699E-001,
                -2.24436396567872E-012,
                1.43656852200612E-001,
                2.65176039369830E-001,
                2.56942818607454E-005,
                -2.65100804221402E-001,
                -1.43656852205458E-001,
                -2.65176039374240E-001,
                -2.56942860070193E-005,
                2.65100804220274E-001,
                2.31892922508843E-001,
                -6.68745001295964E-002,
                -4.13565436361539E-006,
                6.68935204298143E-002,
                -2.31892922511152E-001,
                6.68745001271388E-002,
                4.13565238108785E-006,
                -6.68935204351413E-002,
                -4.68999323259413E-001,
                -1.67303568446618E-001,
                -6.02391492156751E-005,
                1.67320447395747E-001,
                4.68999323219611E-001,
                1.67303568428645E-001,
                6.02391230033504E-005,
                -1.67320447438769E-001,
                -6.13096193424906E-012,
                -1.44539681245885E-012,
                2.35769123059400E-004,
                -1.70978162831961E-001,
                -4.76289086811220E-001,
                -1.70977922209545E-001,
                -2.35769124247043E-004,
                1.70978162827306E-001,
                4.76289086805021E-001,
                1.70977922207150E-001,
                5.89976242496537E-008,
                -6.59055631116921E-002,
                2.31906864611956E-001,
                -6.59052923565916E-002,
                -5.90008661949997E-008,
                6.59055631085155E-002,
                -2.31906864613448E-001,
                6.59052923515353E-002,
                1.03056495260680E-004,
                2.62933433339519E-001,
                1.37907668932184E-001,
                2.63048812025024E-001,
                -1.03056525360806E-004,
                -2.62933433376523E-001,
                -1.37907668961360E-001,
                -2.63048812050708E-001,
                -1.15132515663705E-011
            ],
        "d_CFy" : [
                -5.99782785260977E-017,
                -2.63953516251316E-001,
                -1.16158096250502E-001,
                1.41834598496730E-013,
                1.16158096266842E-001,
                2.63953516251238E-001,
                1.16158096250520E-001,
                1.24112167627906E-014,
                -1.16158096266987E-001,
                1.04211907857035E-001,
                -2.84849950719621E-002,
                -6.79092615348040E-014,
                2.84849950769835E-002,
                -1.04211907853297E-001,
                2.84849950679770E-002,
                9.52518897216705E-014,
                -2.84849950750308E-002,
                1.23364722341790E-001,
                1.56455440733342E-001,
                -1.84473132577402E-011,
                -1.56456389542654E-001,
                -1.23364722335654E-001,
                -1.56455440725460E-001,
                1.54992163573408E-011,
                1.56456389540145E-001,
                -2.94434397150583E-012,
                1.93738823117655E-001,
                2.92842512666741E-001,
                5.21415791609749E-002,
                1.04714441465244E-001,
                5.21443888743650E-002,
                2.92842512667025E-001,
                5.21415791609297E-002,
                1.04714441465104E-001,
                5.21443888741285E-002,
                -4.62622686951321E-001,
                -3.00584052663229E-001,
                -1.35676568737986E-001,
                -3.00646273444907E-001,
                -4.62622686941598E-001,
                -3.00584052659420E-001,
                -1.35676568738065E-001,
                -3.00646273445740E-001,
                -5.73007596465799E-002,
                1.99245123247403E-001,
                1.68024466104588E-001,
                1.99245123254336E-001,
                -5.73007596470323E-002,
                1.99245123255543E-001,
                1.68024466113160E-001,
                1.99245123257153E-001,
                2.18447411197270E-001,
                5.42380507443600E-006,
                -2.67846059296643E-006,
                9.07396161236981E-003,
                1.93346934698471E-006,
                -9.07279701190453E-003,
                -2.67846045437227E-006,
                9.07396161236315E-003,
                1.93346922277794E-006,
                -9.07279701209759E-003,
                -2.85551241020754E-007,
                1.64514410336598E-001,
                -2.82908699392761E-013,
                -1.64513530623241E-001,
                -2.85541831892980E-007,
                1.64514410342420E-001,
                -3.38880379165938E-013,
                -1.64513530626209E-001,
                -1.89200598492266E-004,
                1.06048798561452E-002,
                -6.53154682962838E-012,
                -1.06039310385000E-002,
                -1.89200593205249E-004,
                1.06048798633287E-002,
                3.69552027713989E-012,
                -1.06039310375042E-002,
                3.83615418781099E-004
            ],