{
    "info" : {
        "generated_by" : "MachLine (c) 2023 USU Aerolab",
        "executed" : "Fri Jul 12 13:55:16 2024"
    },
    "mesh_info" : {
        "N_body_panels" : 48,
        "N_body_vertices" : 26,
        "N_wake_panels" : 0,
        "N_wake_filaments" : 0,
        "average_characteristic_length" : 4.76931360312427E-001,
        "max_flow_turning_angle" : 9.00000000000000E+001
    },
    "solver_results" : {
        "solver_status_code" : 0,
        "system_dimension" : 26,
        "timing" : {
            "system_sorting" : 1.11000000000000E-005,
            "preconditioner" : 5.40000000000000E-006,
            "matrix_solver" : 1.35000000000000E-005
        },
        "iterations" : 6,
        "residual" : {
            "max" : 8.88178419700125E-016,
            "norm" : 1.83063192598332E-015
        }
    },
    "pressure_calculations" : {
        "incompressible_rule" : {
            "max" : 6.44561584043452E-001,
            "min" : -6.48259619666448E-001
        }
    },
    "total_forces" : {
        "Cx" : 1.96934059337739E-009,
        "Cy" : -2.98372437868011E-016,
        "Cz" : -9.36750677027476E-017
    },
    "total_moments" : {
        "CMx" : -2.52055321059430E-015,
        "CMy" : 9.02056207507940E-017,
        "CMz" : -2.91433543964104E-016
    },
    "CF_sensitivities" : {
        "d_CFx" : [
                8.03892785616291E-001,
                -4.19494354536947E-002,
                -9.71465150585289E-002,
                -1.36029512612083E-001,
                -7.99281384501273E-002,
                -4.19494356728745E-002,
                -9.71465147883930E-002,
                -1.36029513029577E-001,
                -7.99281380725410E-002,
                2.51299867966090E-002,
                -1.28125313524396E-003,
                -2.30942893126111E-002,
                2.14393871162044E-003,
                2.51299860314629E-002,
                -1.28125277747615E-003,
                -2.30942888470285E-002,
                2.14393987779249E-003,
                -3.19065888488611E-001,
                -2.29136285040143E-001,
                -1.61528037007439E-001,
                -2.51545112972942E-001,
                -3.19065895109835E-001,
                -2.29136284063319E-001,
                -1.61528037995670E-001,
                -2.51545107941342E-001,
                1.82293412806166E+000,
                -1.73833002890746E-010,
                2.86929512166451E-001,
                3.11412267590242E-001,
                -2.33634365077685E-003,
                -3.01883950771536E-001,
                -2.86929512697884E-001,
                -3.11412268226359E-001,
                2.33634283557330E-003,
                3.01883950083586E-001,
                -1.18971199000668E-001,
                -2.70777679498367E-001,
                -1.48797202233195E-002,
                3.09288147444163E-001,
                1.18971198264268E-001,
                2.70777679718866E-001,
                1.48797203203262E-002,
                -3.09288148316589E-001,
                -1.76342610457036E-001,
                5.13144547038884E-002,
                -2.43575836203903E-002,
                -7.01137883148274E-002,
                1.76342606919362E-001,
                -5.13144587474208E-002,
                2.43575784786884E-002,
                7.01137823182398E-002,
                -2.70586500998515E-009,
                -1.23362565240527E-010,
                2.16516006291487E-002,
                -2.38095243780365E-001,
                -4.98651083807985E-001,
                -2.55809098157888E-001,
                -2.16516008078213E-002,
                2.38095243042573E-001,
                4.98651083299929E-001,
                2.55809097887775E-001,
                1.72241209833335E-002,
                1.53264083192638E-001,
                5.34947610209781E-001,
                1.88634383862578E-001,
                -1.72241215583271E-002,
                -1.53264083643481E-001,
                -5.34947610326819E-001,
                -1.88634384590693E-001,
                2.95192468745431E-003,
                3.76455132366049E-002,
                -1.99836567186891E-001,
                5.04954940061234E-002,
                -2.95192915957739E-003,
                -3.76455186656816E-002,
                1.99836562896457E-001,
                -5.04954988031602E-002,
                -1.19913434636540E-009
            ],
        "d_CFy" : [
                1.94142678682810E-017,
                -2.60116310448628E-001,
                -1.12173675355831E-001,
                -7.17721695366253E-005,
                1.12360443672196E-001,
                2.60116310435868E-001,
                1.12173675348102E-001,
                7.17721953493054E-005,
                -1.12360443691431E-001,
                -1.40552333567569E-001,
                -1.68049931238496E-001,
                -1.49920864697667E-004,
                1.66129992636851E-001,
                1.40552334817943E-001,
                1.68049930792960E-001,
                1.49920865409726E-004,
                -1.66129992129119E-001,
                5.31036956458839E-001,
                4.07034300707303E-001,
                1.02899380895454E-003,
                -3.85883669147576E-001,
                -5.31036952818369E-001,
                -4.07034297297188E-001,
                -1.02899121075304E-003,
                3.85883666303449E-001,
                -2.18253400024593E-010,
                2.00533894371188E-001,
                2.85110291134191E-001,
                4.98874359220514E-002,
                1.09612930846246E-001,
                5.01273736189702E-002,
                2.85110291149692E-001,
                4.98874359134585E-002,
                1.09612930826098E-001,
                5.01273735845438E-002,
                -6.50184172677267E-001,
                -3.20038571611301E-001,
                -1.34587495202566E-001,
                -3.18024879384954E-001,
                -6.50184171352577E-001,
                -3.20038571090032E-001,
                -1.34587495214558E-001,
                -3.18024879546167E-001,
                6.53984327642949E-001,
                2.55914679883898E-001,
                -2.22305489641119E-001,
                2.63418727891901E-001,
                6.53984327861546E-001,
                2.55914681359529E-001,
                -2.22305488156377E-001,
                2.63418728600887E-001,
                -2.46837489190767E-001,
                -1.56088351303632E-004,
                -1.54541384554439E-004,
                1.56636269527685E-002,
                -1.76671430601353E-005,
                -1.56679615132230E-002,
                -1.54541370063914E-004,
                1.56636269427692E-002,
                -1.76671643144702E-005,
                -1.56679615505263E-002,
                8.43443996118532E-003,
                2.07417140388634E-001,
                1.52952654793282E-004,
                -2.03634006281472E-001,
                8.43444145373567E-003,
                2.07417141253200E-001,
                1.52952644830689E-004,
                -2.03634006367564E-001,
                -1.53290450780318E-003,
                -4.72733565530511E-001,
                6.58730808283446E-003,
                4.60503080190623E-001,
                -1.53290399002673E-003,
                -4.72733564186283E-001,
                6.58730935669369E-003,
                4.60503081092490E-001,
                -1.00254273058333E-002
            ],