{
    "info" : {
        "generated_by" : "MachLine (c) 2023 USU Aerolab",
        "executed" : "Fri Jul 12 13:55:54 2024"
    },
    "mesh_info" : {
        "N_body_panels" : 48,
        "N_body_vertices" : 26,
        "N_wake_panels" : 0,
        "N_wake_filaments" : 0,
        "average_characteristic_length" : 4.76931360312427E-001,
        "max_flow_turning_angle" : 9.00000000000000E+001
    },
    "solver_results" : {
        "solver_status_code" : 0,
        "system_dimension" : 26,
        "timing" : {
            "system_sorting" : 3.30000000000000E-006,
            "preconditioner" : 5.80000000000000E-006,
            "matrix_solver" : 1.54000000000000E-005
        },
        "iterations" : 6,
        "residual" : {
            "max" : 6.66133814775094E-016,
            "norm" : 1.98916964643389E-015
        }
    },
    "pressure_calculations" : {
        "incompressible_rule" : {
            "max" : 6.44158025797650E-001,
            "min" : -6.49544775814168E-001
        }
    },
    "total_forces" : {
        "Cx" : -6.35769215051596E-012,
        "Cy" : -1.23512311489549E-015,
        "Cz" : -5.06539254985228E-016
    },
    "total_moments" : {
        "CMx" : 2.20309881449055E-016,
        "CMy" : 2.46330733588707E-016,
        "CMz" : -1.40165656858926E-015
    },
    "CF_sensitivities" : {
        "d_CFx" : [
                5.72036563807574E-001,
                -2.29465058052173E-002,
                -9.45501221398368E-002,
                -1.67066513161174E-001,
                -9.45501221394458E-002,
                -2.29465058052973E-002,
                -9.45501221398631E-002,
                -1.67066513161233E-001,
                -9.45501221398646E-002,
                4.70355352785752E-002,
                4.60607120088816E-002,
                4.70361647084481E-002,
                4.60607120084264E-002,
                4.70355352785716E-002,
                4.60607120092305E-002,
                4.70361647085424E-002,
                4.60607120089978E-002,
                -1.67066077239852E-001,
                -9.45493402243137E-002,
                -2.29454159614656E-002,
                -9.45493402260686E-002,
                -1.67066077242169E-001,
                -9.45493402285749E-002,
                -2.29454159596311E-002,
                -9.45493402242510E-002,
                5.72036846725245E-001,
                -6.14001529226129E-014,
                1.43962919610599E-001,
                2.66126009814507E-001,
                -3.73449419472366E-014,
                -2.66126009815026E-001,
                -1.43962919610959E-001,
                -2.66126009815080E-001,
                -4.54238536647626E-013,
                2.66126009814540E-001,
                2.32167102526970E-001,
                -6.63608334584566E-002,
                -5.91359890686734E-014,
                6.63608334575727E-002,
                -2.32167102527466E-001,
                6.63608334584713E-002,
                6.48062629793726E-014,
                -6.63608334581643E-002,
                -4.76813139247984E-001,
                -1.70972077548023E-001,
                -2.75928709509901E-012,
                1.70972077544492E-001,
                4.76813139244332E-001,
                1.70972077546645E-001,
                -8.87381786715046E-013,
                -1.70972077549374E-001,
                -1.11130088377690E-012,
                -1.62722220291577E-013,
                -3.59505983846692E-013,
                -1.70977263780880E-001,
                -4.76808463482736E-001,
                -1.70977263780645E-001,
                -5.37148048514689E-014,
                1.70977263780138E-001,
                4.76808463482433E-001,
                1.70977263780151E-001,
                1.74402500223159E-014,
                -6.63608454555735E-002,
                2.32168376500812E-001,
                -6.63608454555981E-002,
                -6.08660334320480E-013,
                6.63608454555215E-002,
                -2.32168376501260E-001,
                6.63608454548397E-002,
                -1.52633791238644E-012,
                2.66122609216947E-001,
                1.43965460594263E-001,
                2.66122609214804E-001,
                -2.14028696567337E-012,
                -2.66122609221404E-001,
                -1.43965460596910E-001,
                -2.66122609218579E-001,
                -1.49704072759921E-012
            ],
        "d_CFy" : [
                -1.77531428986379E-016,
                -2.63698800029082E-001,
                -1.15682543773557E-001,
                6.41171003305551E-015,
                1.15682543773552E-001,
                2.63698800029082E-001,
                1.15682543773572E-001,
                7.96385386318575E-015,
                -1.15682543773549E-001,
                1.03509930041928E-001,
                -3.08719494318964E-002,
                2.61879189692424E-014,
                3.08719494316026E-002,
                -1.03509930041249E-001,
                3.08719494314655E-002,
                -2.23010716312613E-014,
                -3.08719494313490E-002,
                1.22632888245952E-001,
                1.56421926349550E-001,
                -1.48339942653349E-012,
                -1.56421926349669E-001,
                -1.22632888247191E-001,
                -1.56421926347524E-001,
                2.58743452117786E-012,
                1.56421926348726E-001,
                -5.78471689967437E-013,
                1.93348095683927E-001,
                2.93183932571187E-001,
                5.19546759417164E-002,
                1.04663158238813E-001,
                5.19546759417953E-002,
                2.93183932571220E-001,
                5.19546759417245E-002,
                1.04663158238797E-001,
                5.19546759417561E-002,
                -4.64764707130907E-001,
                -2.98950567544164E-001,
                -1.35659937129192E-001,
                -2.98950567543826E-001,
                -4.64764707130098E-001,
                -2.98950567543750E-001,
                -1.35659937129201E-001,
                -2.98950567543960E-001,
                -6.01479373835201E-002,
                1.98124845923588E-001,
                1.66951235406263E-001,
                1.98124845924761E-001,
                -6.01479373828800E-002,
                1.98124845925360E-001,
                1.66951235407480E-001,
                1.98124845924670E-001,
                1.93703848667229E-001,
                2.14610230628298E-014,
                -1.48717843595492E-014,
                9.12227525728870E-003,
                1.19430520138380E-014,
                -9.12227525719808E-003,
                1.73440363633592E-014,
                9.12227525729398E-003,
                -1.63532511958385E-015,
                -9.12227525723616E-003,
                -6.86867229759969E-013,
                1.63928952267469E-001,
                3.06358901313920E-014,
                -1.63928952267880E-001,
                3.49584835905581E-013,
                1.63928952268080E-001,
                2.15463267494663E-014,
                -1.63928952268029E-001,
                2.74418075069116E-013,
                1.13755610740920E-002,
                -7.63920643199217E-013,
                -1.13755610747278E-002,
                4.54515733115169E-013,
                1.13755610753800E-002,
                4.20787569161445E-013,
                -1.13755610741932E-002,
                -1.59846962055621E-012
            ],