{
    "info" : {
        "generated_by" : "MachLine (c) 2023 USU Aerolab",
        "executed" : "Fri Jul 12 13:55:31 2024"
    },
    "mesh_info" : {
        "N_body_panels" : 48,
        "N_body_vertices" : 26,
        "N_wake_panels" : 0,
        "N_wake_filaments" : 0,
        "average_characteristic_length" : 4.76931360312427E-001,
        "max_flow_turning_angle" : 9.00000000000000E+001
    },
    "solver_results" : {
        "solver_status_code" : 0,
        "system_dimension" : 26,
        "timing" : {
            "system_sorting" : 4.70000000000000E-006,
            "preconditioner" : 5.00000000000000E-006,
            "matrix_solver" : 1.41000000000000E-005
        },
        "iterations" : 6,
        "residual" : {
            "max" : 8.88178419700125E-016,
            "norm" : 1.46122224640444E-015
        }
    },
    "pressure_calculations" : {
        "incompressible_rule" : {
            "max" : 6.44555128915863E-001,
            "min" : -6.48280128824219E-001
        }
    },
    "total_forces" : {
        "Cx" : 6.90591750451830E-011,
        "Cy" : 1.87350135405495E-016,
        "Cz" : -7.04297731246584E-016
    },
    "total_moments" : {
        "CMx" : -7.61543605953818E-016,
        "CMy" : 7.94503351997378E-016,
        "CMz" : 2.28983498828939E-016
    },
    "CF_sensitivities" : {
        "d_CFx" : [
                8.03877540231275E-001,
                -4.19493614525738E-002,
                -9.71287377974905E-002,
                -1.36033223215105E-001,
                -7.99497443925433E-002,
                -4.19493614606744E-002,
                -9.71287378360939E-002,
                -1.36033223218686E-001,
                -7.99497444065582E-002,
                2.51386323366991E-002,
                -1.27322599510760E-003,
                -2.30673357987567E-002,
                2.15297574190121E-003,
                2.51386323080671E-002,
                -1.27322593298929E-003,
                -2.30673357901565E-002,
                2.15297575838846E-003,
                -3.19077192984253E-001,
                -2.29159874774809E-001,
                -1.61531683225005E-001,
                -2.51536518420341E-001,
                -3.19077193226557E-001,
                -2.29159875201254E-001,
                -1.61531683416144E-001,
                -2.51536518488903E-001,
                1.82295303897802E+000,
                -2.36109633886974E-012,
                2.86892863151506E-001,
                3.11391320741179E-001,
                -2.43695305183763E-003,
                -3.01917146833550E-001,
                -2.86892863182874E-001,
                -3.11391320776189E-001,
                2.43695299210570E-003,
                3.01917146803587E-001,
                -1.18968094455015E-001,
                -2.70787799421030E-001,
                -1.48825340064264E-002,
                3.09298238732882E-001,
                1.18968094410398E-001,
                2.70787799437639E-001,
                1.48825340263969E-002,
                -3.09298238783248E-001,
                -1.76122606395751E-001,
                5.12672252691396E-002,
                -2.48180135099434E-002,
                -7.01332156618809E-002,
                1.76122606126473E-001,
                -5.12672254910539E-002,
                2.48180132116825E-002,
                7.01332152638630E-002,
                -8.67550104734794E-011,
                -1.39301524344078E-011,
                2.15534378078922E-002,
                -2.38104282559873E-001,
                -4.98627909891885E-001,
                -2.55803386930132E-001,
                -2.15534378244435E-002,
                2.38104282498425E-001,
                4.98627909848882E-001,
                2.55803386913940E-001,
                1.72245801188513E-002,
                1.53266119784257E-001,
                5.34967418643713E-001,
                1.88637109048184E-001,
                -1.72245801783220E-002,
                -1.53266119801352E-001,
                -5.34967418659346E-001,
                -1.88637109096004E-001,
                2.51181526482998E-003,
                3.76133102786628E-002,
                -2.00018780693131E-001,
                5.05354316074903E-002,
                -2.51181556215605E-003,
                -3.76133106772216E-002,
                2.00018780566137E-001,
                -5.05354319304667E-002,
                -3.40842934674887E-011
            ],
        "d_CFy" : [
                2.03607633646543E-017,
                -2.60111515658203E-001,
                -1.12164956548790E-001,
                -7.17681860758451E-005,
                1.12352182272328E-001,
                2.60111515656473E-001,
                1.12164956550381E-001,
                7.17681883062701E-005,
                -1.12352182272332E-001,
                -1.40557228712299E-001,
                -1.68054245417775E-001,
                -1.49935996118161E-004,
                1.66135054089905E-001,
                1.40557228793732E-001,
                1.68054245375857E-001,
                1.49935995990405E-004,
                -1.66135054067051E-001,
                5.31035535604035E-001,
                4.07034900896155E-001,
                1.02899365707813E-003,
                -3.85883133588128E-001,
                -5.31035535484397E-001,
                -4.07034900755089E-001,
                -1.02899355212626E-003,
                3.85883133481318E-001,
                -2.62984828223725E-011,
                2.00519776446454E-001,
                2.85117892623374E-001,
                4.98807700131531E-002,
                1.09609929187138E-001,
                5.01221662715154E-002,
                2.85117892624500E-001,
                4.98807700131220E-002,
                1.09609929185845E-001,
                5.01221662697071E-002,
                -6.50181631090447E-001,
                -3.20033310918210E-001,
                -1.34588051820519E-001,
                -3.18019503525834E-001,
                -6.50181631003654E-001,
                -3.20033310890486E-001,
                -1.34588051821150E-001,
                -3.18019503537407E-001,
                6.54212147918426E-001,
                2.55940521837968E-001,
                -2.22309700218479E-001,
                2.63421429407084E-001,
                6.54212147939397E-001,
                2.55940521931651E-001,
                -2.22309700117921E-001,
                2.63421429469380E-001,
                -2.46865096420171E-001,
                -1.55540427090414E-004,
                -1.54598206723197E-004,
                1.56656298537703E-002,
                -1.66509897760233E-005,
                -1.56687626851674E-002,
                -1.54598205786654E-004,
                1.56656298535434E-002,
                -1.66509913524229E-005,
                -1.56687626868534E-002,
                8.43463520776859E-003,
                2.07413019886748E-001,
                1.52930901606712E-004,
                -2.03629871769860E-001,
                8.43463531538700E-003,
                2.07413019935609E-001,
                1.52930900829965E-004,
                -2.03629871789116E-001,
                -1.43509743289617E-003,
                -4.72759331703342E-001,
                6.57038519512047E-003,
                4.60518292895740E-001,
                -1.43509738163034E-003,
                -4.72759331639762E-001,
                6.57038527650943E-003,
                4.60518292913638E-001,
                -1.00256224362898E-002
            ],