{
    "info" : {
        "generated_by" : "MachLine (c) 2023 USU Aerolab",
        "executed" : "Fri Jul 12 13:54:46 2024"
    },
    "mesh_info" : {
        "N_body_panels" : 48,
        "N_body_vertices" : 26,
        "N_wake_panels" : 0,
        "N_wake_filaments" : 0,
        "average_characteristic_length" : 4.76931360312427E-001,
        "max_flow_turning_angle" : 9.00000000000000E+001
    },
    "solver_results" : {
        "solver_status_code" : 0,
        "system_dimension" : 26,
        "timing" : {
            "system_sorting" : 3.00000000000000E-006,
            "preconditioner" : 5.90000000000000E-006,
            "matrix_solver" : 1.43000000000000E-005
        },
        "iterations" : 6,
        "residual" : {
            "max" : 2.47054588093095E-015,
            "norm" : 3.83940198004491E-015
        }
    },
    "pressure_calculations" : {
        "incompressible_rule" : {
            "max" : 6.44562078966851E-001,
            "min" : -6.48258333216119E-001
        }
    },
    "total_forces" : {
        "Cx" : 3.89310413795307E-007,
        "Cy" : 2.35922392732846E-016,
        "Cz" : -1.12410081243297E-015
    },
    "total_moments" : {
        "CMx" : -3.12030783156114E-012,
        "CMy" : 8.91647866652079E-016,
        "CMz" : 1.87350135405495E-016
    },
    "CF_sensitivities" : {
        "d_CFx" : [
                8.42882851265210E-001,
                -4.27877234952788E-002,
                -1.07859771986459E-001,
                -1.52918175386303E-001,
                -8.68957640419511E-002,
                -4.27877633982798E-002,
                -1.07859693303079E-001,
                -1.52918131636203E-001,
                -8.68958337687404E-002,
                1.66420873613156E-002,
                -1.88605243456852E-003,
                -1.57832377051716E-002,
                1.28218380947254E-003,
                1.66420579882083E-002,
                -1.88586917507405E-003,
                -1.57833129641780E-002,
                1.28233940075395E-003,
                -3.41540634138706E-001,
                -2.54018220014242E-001,
                -1.91037000467177E-001,
                -2.78142183031633E-001,
                -3.41542218084681E-001,
                -2.54019527419491E-001,
                -1.91036842649551E-001,
                -2.78141698758823E-001,
                2.06700230440299E+000,
                -9.79763250261575E-008,
                2.79185296119302E-001,
                3.27550597455470E-001,
                -6.33751166032070E-004,
                -3.13508031717041E-001,
                -2.79185465566684E-001,
                -3.27550837998906E-001,
                6.33459842630106E-004,
                3.13507859220495E-001,
                -1.31317037546330E-001,
                -2.96715854977456E-001,
                -1.44500222839996E-002,
                3.17862995932953E-001,
                1.31316803690494E-001,
                2.96715805091898E-001,
                1.44500142030075E-002,
                -3.17863186419893E-001,
                -1.70047963011306E-001,
                4.98522433216165E-002,
                -2.27664752455396E-002,
                -6.52916521849144E-002,
                1.70045997721575E-001,
                -4.98530380765174E-002,
                2.27650753636539E-002,
                6.52896304970992E-002,
                -7.92417201866879E-007,
                -4.64372799627913E-008,
                1.97059052232075E-002,
                -2.42985124537455E-001,
                -5.29610508815324E-001,
                -2.56021089484466E-001,
                -1.97060082542019E-002,
                2.42984912991358E-001,
                5.29610262852764E-001,
                2.56021003144985E-001,
                1.66942947043108E-002,
                1.74226317903195E-001,
                5.63942400551077E-001,
                1.92361339219501E-001,
                -1.66944542045715E-002,
                -1.74226412837399E-001,
                -5.63942457208446E-001,
                -1.92361488685006E-001,
                6.48744589104510E-004,
                3.46323670577163E-002,
                -1.90543380751180E-001,
                5.07182473089810E-002,
                -6.50080113532540E-004,
                -3.46339043409596E-002,
                1.90542120515986E-001,
                -5.07203234858518E-002,
                -2.76373711595701E-007
            ],
        "d_CFy" : [
                -2.64218424284770E-017,
                -2.59506211581309E-001,
                -1.12165752269513E-001,
                -2.85138731882182E-005,
                1.12285927564739E-001,
                2.59506210825389E-001,
                1.12165747445992E-001,
                2.85152648966245E-005,
                -1.12285930347816E-001,
                -1.32105886954966E-001,
                -1.75634378249165E-001,
                -1.48091731342434E-004,
                1.74774296603567E-001,
                1.32106162901820E-001,
                1.75634180250251E-001,
                1.48092739840351E-004,
                -1.74774173845717E-001,
                5.26517216406091E-001,
                4.20543559942694E-001,
                1.39180382839025E-003,
                -4.07802049016490E-001,
                -5.26517197838205E-001,
                -4.20543039032250E-001,
                -1.39100300207018E-003,
                4.07802643821658E-001,
                -1.62005500375503E-007,
                2.00415915077580E-001,
                2.83900098759681E-001,
                5.02481717961641E-002,
                1.09962031999732E-001,
                5.03941977622774E-002,
                2.83900102951210E-001,
                5.02481688919023E-002,
                1.09962026519867E-001,
                5.03941893076237E-002,
                -6.27768127363723E-001,
                -3.37887402715413E-001,
                -1.34703567768658E-001,
                -3.37073475184545E-001,
                -6.27767666744131E-001,
                -3.37887262825198E-001,
                -1.34703572374887E-001,
                -3.37073512300694E-001,
                6.26815760847896E-001,
                2.77357559387787E-001,
                -2.30411290063930E-001,
                2.88223360399949E-001,
                6.26815937871070E-001,
                2.77358087681233E-001,
                -2.30410901312086E-001,
                2.88223155946862E-001,
                -2.38532772021784E-001,
                -5.30128806883852E-005,
                -1.69198047879940E-004,
                1.58448914468611E-002,
                5.70561712461671E-006,
                -1.59418971039970E-002,
                -1.69193751575010E-004,
                1.58448883549110E-002,
                5.69964336472338E-006,
                -1.59419050143357E-002,
                7.58309769217265E-003,
                2.15976607744792E-001,
                1.39843115590168E-004,
                -2.14524173549479E-001,
                7.58344388872534E-003,
                2.15976827084412E-001,
                1.39839985369293E-004,
                -2.14524135105979E-001,
                -1.46478953301502E-003,
                -4.89871240433406E-001,
                2.42689132967751E-003,
                4.81940066453661E-001,
                -1.46451927385062E-003,
                -4.89870729530183E-001,
                2.42737344605585E-003,
                4.81940140717127E-001,
                -3.84153832259587E-003
            ],