{
    "info" : {
        "generated_by" : "MachLine (c) 2023 USU Aerolab",
        "executed" : "Fri Jul 12 13:55:04 2024"
    },
    "mesh_info" : {
        "N_body_panels" : 48,
        "N_body_vertices" : 26,
        "N_wake_panels" : 0,
        "N_wake_filaments" : 0,
        "average_characteristic_length" : 4.76931360312427E-001,
        "max_flow_turning_angle" : 9.00000000000000E+001
    },
    "solver_results" : {
        "solver_status_code" : 0,
        "system_dimension" : 26,
        "timing" : {
            "system_sorting" : 3.30000000000000E-006,
            "preconditioner" : 5.30000000000000E-006,
            "matrix_solver" : 1.46000000000000E-005
        },
        "iterations" : 6,
        "residual" : {
            "max" : 6.66133814775094E-016,
            "norm" : 1.21548904358030E-015
        }
    },
    "pressure_calculations" : {
        "incompressible_rule" : {
            "max" : 6.44562033833425E-001,
            "min" : -6.48258193622224E-001
        }
    },
    "total_forces" : {
        "Cx" : 2.74603040584243E-008,
        "Cy" : -6.10622663543836E-016,
        "Cz" : 8.22258927613007E-016
    },
    "total_moments" : {
        "CMx" : -1.09568604189647E-013,
        "CMy" : -7.66747776381749E-016,
        "CMz" : -3.67761376907083E-016
    },
    "CF_sensitivities" : {
        "d_CFx" : [
                7.95557249934789E-001,
                -4.30466698927927E-002,
                -9.53097675424204E-002,
                -1.39030186152719E-001,
                -8.72357726087113E-002,
                -4.30466761622792E-002,
                -9.53097702277429E-002,
                -1.39030188551747E-001,
                -8.72357696309104E-002,
                1.66424607658053E-002,
                -1.88590454007920E-003,
                -1.57832811260024E-002,
                1.28246516370778E-003,
                1.66424556080036E-002,
                -1.88589878130041E-003,
                -1.57832812098213E-002,
                1.28246633765339E-003,
                -3.71936035005037E-001,
                -2.86901881554939E-001,
                -2.13174643750706E-001,
                -2.96221872421604E-001,
                -3.71936041615293E-001,
                -2.86901868902308E-001,
                -2.13174635491830E-001,
                -2.96221889371798E-001,
                1.71864309827650E+000,
                -1.06393118094270E-009,
                3.13325214698614E-001,
                3.01974572030854E-001,
                -6.33709425898260E-004,
                -3.13652054254958E-001,
                -3.13325220951890E-001,
                -3.01974577880284E-001,
                6.33701524415932E-004,
                3.13652048587202E-001,
                -9.93345406954674E-002,
                -2.71998426947185E-001,
                -1.44500878454122E-002,
                3.03130173696994E-001,
                9.93345318744574E-002,
                2.71998427028358E-001,
                1.44500874863742E-002,
                -3.03130181323692E-001,
                -1.99217777771367E-001,
                4.65696680621860E-002,
                -2.27653545385325E-002,
                -7.79918692048505E-002,
                1.99217726063009E-001,
                -4.65696890195433E-002,
                2.27653055627273E-002,
                7.79918057635512E-002,
                -2.60346787927900E-008,
                -1.91432706656975E-009,
                1.97058078256224E-002,
                -2.52059812991092E-001,
                -4.95346985371989E-001,
                -2.77278938782340E-001,
                -1.97058114517004E-002,
                2.52059806258687E-001,
                4.95346977570959E-001,
                2.77278933914960E-001,
                1.66943022787373E-002,
                1.69272038543702E-001,
                5.00507263382695E-001,
                1.86312346677267E-001,
                -1.66943094945795E-002,
                -1.69272043740330E-001,
                -5.00507262464089E-001,
                -1.86312353546495E-001,
                6.49235312474819E-004,
                5.82822303186598E-002,
                -2.02834299925448E-001,
                4.06222073781204E-002,
                -6.49278218980916E-004,
                -5.82822890873685E-002,
                2.02834256609706E-001,
                -4.06222593014063E-002,
                -1.26559484397481E-008
            ],
        "d_CFy" : [
                -4.48443498905740E-017,
                -2.60816876318258E-001,
                -1.12892042462917E-001,
                -4.45458070822816E-004,
                1.12772292769759E-001,
                2.60816876095372E-001,
                1.12892042843145E-001,
                4.45458360924008E-004,
                -1.12772292791563E-001,
                -1.32105666171265E-001,
                -1.75634296793573E-001,
                -1.48071229681218E-004,
                1.74774302739459E-001,
                1.32105679773960E-001,
                1.75634290730009E-001,
                1.48071240443495E-004,
                -1.74774299820782E-001,
                4.59503973282808E-001,
                3.65840148117029E-001,
                1.39221064579267E-003,
                -3.31198256586826E-001,
                -4.59503970895152E-001,
                -3.65840128361343E-001,
                -1.39218240763746E-003,
                3.31198234348623E-001,
                -2.24582711894406E-009,
                2.00415775970823E-001,
                2.85243881620312E-001,
                4.99203101948528E-002,
                1.09962017372569E-001,
                4.96864536712803E-002,
                2.85243881717197E-001,
                4.99203101066905E-002,
                1.09962017202441E-001,
                4.96864533131101E-002,
                -7.11369064208644E-001,
                -3.18461539940531E-001,
                -1.34703610262433E-001,
                -3.36321210168410E-001,
                -7.11369051273666E-001,
                -3.18461534055027E-001,
                -1.34703610304180E-001,
                -3.36321211152169E-001,
                6.30333153333302E-001,
                2.29038868394339E-001,
                -2.30411082113016E-001,
                2.50425941420260E-001,
                6.30333168976412E-001,
                2.29038885905517E-001,
                -2.30411068383108E-001,
                2.50425950407894E-001,
                -2.38532078976722E-001,
                -5.30204120738813E-005,
                -1.69197627031511E-004,
                1.55716703487405E-002,
                -2.00353268975621E-004,
                -1.59153452577663E-002,
                -1.69197561767815E-004,
                1.55716703082156E-002,
                -2.00353507180580E-004,
                -1.59153456983045E-002,
                7.58323723925415E-003,
                2.38131681504591E-001,
                1.75406391305646E-004,
                -2.14449368064258E-001,
                7.58325188611669E-003,
                2.38131688885957E-001,
                1.75406297384784E-004,
                -2.14449369731914E-001,
                -1.46473213499765E-003,
                -4.75757132409472E-001,
                -3.12680646832605E-003,
                4.80606149800684E-001,
                -1.46472363120975E-003,
                -4.75757116916554E-001,
                -3.12679609606480E-003,
                4.80606159477979E-001,
                -3.84082606377812E-003
            ],