{
    "info" : {
        "generated_by" : "MachLine (c) 2023 USU Aerolab",
        "executed" : "Fri Jul 12 13:55:17 2024"
    },
    "mesh_info" : {
        "N_body_panels" : 48,
        "N_body_vertices" : 26,
        "N_wake_panels" : 0,
        "N_wake_filaments" : 0,
        "average_characteristic_length" : 4.76931360312427E-001,
        "max_flow_turning_angle" : 9.00000000000000E+001
    },
    "solver_results" : {
        "solver_status_code" : 0,
        "system_dimension" : 26,
        "timing" : {
            "system_sorting" : 1.90000000000000E-006,
            "preconditioner" : 5.80000000000000E-006,
            "matrix_solver" : 1.40000000000000E-005
        },
        "iterations" : 6,
        "residual" : {
            "max" : 6.66133814775094E-016,
            "norm" : 1.11585436637553E-015
        }
    },
    "pressure_calculations" : {
        "incompressible_rule" : {
            "max" : 6.44561433016821E-001,
            "min" : -6.48260098142386E-001
        }
    },
    "total_forces" : {
        "Cx" : 2.00307594122595E-009,
        "Cy" : 1.10328413072125E-015,
        "Cz" : 2.08166817117217E-017
    },
    "total_moments" : {
        "CMx" : -7.06899816460549E-015,
        "CMy" : 7.97972798949331E-017,
        "CMz" : 7.97972798949331E-016
    },
    "CF_sensitivities" : {
        "d_CFx" : [
                8.03892416345120E-001,
                -4.19494328043546E-002,
                -9.71466143225140E-002,
                -1.36029599171022E-001,
                -7.99281258732878E-002,
                -4.19494328494705E-002,
                -9.71466145461203E-002,
                -1.36029599767662E-001,
                -7.99281257367653E-002,
                2.51299435382213E-002,
                -1.28104600274259E-003,
                -2.30750125865922E-002,
                2.14414986608058E-003,
                2.51299432877554E-002,
                -1.28104530665785E-003,
                -2.30750127151977E-002,
                2.14415029446613E-003,
                -3.19066150742770E-001,
                -2.29132857222024E-001,
                -1.61528121586878E-001,
                -2.51548876224006E-001,
                -3.19066153399538E-001,
                -2.29132860667506E-001,
                -1.61528120827002E-001,
                -2.51548877413073E-001,
                1.82293454325092E+000,
                1.03901848983370E-011,
                2.86929231389166E-001,
                3.11412826985321E-001,
                -2.41666051409633E-003,
                -3.01884212476745E-001,
                -2.86929231626707E-001,
                -3.11412827419381E-001,
                2.41666004820464E-003,
                3.01884211938037E-001,
                -1.18971123786176E-001,
                -2.70777893056500E-001,
                -1.48797286129023E-002,
                3.09288381064018E-001,
                1.18971123330581E-001,
                2.70777892779113E-001,
                1.48797287740116E-002,
                -3.09288381604527E-001,
                -1.76277579219582E-001,
                5.13193281590076E-002,
                -2.48384114448714E-002,
                -7.01096032916564E-002,
                1.76277574867462E-001,
                -5.13193292844312E-002,
                2.48384073667785E-002,
                7.01095987155245E-002,
                -1.18352494706239E-009,
                -6.85767154309292E-011,
                2.15717072771434E-002,
                -2.38095165214584E-001,
                -4.98652023788624E-001,
                -2.55808899586343E-001,
                -2.15717074734691E-002,
                2.38095164425645E-001,
                4.98652023418774E-001,
                2.55808899143383E-001,
                1.72241304613248E-002,
                1.53264128312186E-001,
                5.34948069750643E-001,
                1.88634445936359E-001,
                -1.72241311144131E-002,
                -1.53264128607359E-001,
                -5.34948070146363E-001,
                -1.88634446695044E-001,
                2.49989631579773E-003,
                3.76035711453249E-002,
                -1.99837168908472E-001,
                5.04739656947139E-002,
                -2.49990034199694E-003,
                -3.76035757418556E-002,
                1.99837164957444E-001,
                -5.04739710587525E-002,
                -4.25846584489707E-010
            ],
        "d_CFy" : [
                2.55707347499669E-017,
                -2.60116197357733E-001,
                -1.12173228464003E-001,
                -7.17720350149440E-005,
                1.12360492405345E-001,
                2.60116197341489E-001,
                1.12173228482377E-001,
                7.17720543236626E-005,
                -1.12360492428965E-001,
                -1.40551085337527E-001,
                -1.68049642053028E-001,
                -1.49920227433504E-004,
                1.66130495783950E-001,
                1.40551086256101E-001,
                1.68049641629152E-001,
                1.49920225611111E-004,
                -1.66130495514798E-001,
                5.31036918491198E-001,
                4.07034305812231E-001,
                1.02899201367370E-003,
                -3.85883660384892E-001,
                -5.31036917674634E-001,
                -4.07034304854028E-001,
                -1.02899065365434E-003,
                3.85883658441824E-001,
                -2.60264855647880E-010,
                2.00533569045937E-001,
                2.85110476423349E-001,
                4.98844586825782E-002,
                1.09612890306789E-001,
                5.01258082915747E-002,
                2.85110476444933E-001,
                4.98844586708386E-002,
                1.09612890290663E-001,
                5.01258082772194E-002,
                -6.50184112924016E-001,
                -3.20038448214364E-001,
                -1.34587508080337E-001,
                -3.18024753513280E-001,
                -6.50184112002041E-001,
                -3.20038447947495E-001,
                -1.34587508084956E-001,
                -3.18024753619363E-001,
                6.54196921643978E-001,
                2.55914735776740E-001,
                -2.22305742834996E-001,
                2.63418790027274E-001,
                6.54196921647572E-001,
                2.55914736923884E-001,
                -2.22305741721495E-001,
                2.63418790215951E-001,
                -2.46838124365629E-001,
                -1.56087474816602E-004,
                -1.54543186586437E-004,
                1.56639533178059E-002,
                -1.66930166611210E-005,
                -1.56676612059136E-002,
                -1.54543174544057E-004,
                1.56639533127010E-002,
                -1.66930307804191E-005,
                -1.56676612238421E-002,
                8.43444884542352E-003,
                2.07417045105439E-001,
                1.52952097867223E-004,
                -2.03633909276839E-001,
                8.43444982325844E-003,
                2.07417045756377E-001,
                1.52952091044860E-004,
                -2.03633909483988E-001,
                -1.40633774898664E-003,
                -4.72733924609239E-001,
                6.58714241283476E-003,
                4.60503432907016E-001,
                -1.40633705275163E-003,
                -4.72733923565693E-001,
                6.58714357052386E-003,
                4.60503433097691E-001,
                -1.00254312415919E-002
            ],