{
    "info" : {
        "generated_by" : "MachLine (c) 2023 USU Aerolab",
        "executed" : "Fri Jul 12 13:56:31 2024"
    },
    "mesh_info" : {
        "N_body_panels" : 48,
        "N_body_vertices" : 26,
        "N_wake_panels" : 0,
        "N_wake_filaments" : 0,
        "average_characteristic_length" : 4.76931360312427E-001,
        "max_flow_turning_angle" : 9.00000000000000E+001
    },
    "solver_results" : {
        "solver_status_code" : 0,
        "system_dimension" : 26,
        "timing" : {
            "system_sorting" : 2.10000000000000E-006,
            "preconditioner" : 5.20000000000000E-006,
            "matrix_solver" : 1.36000000000000E-005
        },
        "iterations" : 6,
        "residual" : {
            "max" : 9.99200722162641E-016,
            "norm" : 2.88818070333731E-015
        }
    },
    "pressure_calculations" : {
        "incompressible_rule" : {
            "max" : 5.74420516856419E-001,
            "min" : -8.26777168004624E-001
        }
    },
    "total_forces" : {
        "Cx" : -1.22461901730375E-011,
        "Cy" : -6.73072708679001E-016,
        "Cz" : 1.40859546249317E-015
    },
    "total_moments" : {
        "CMx" : -5.20417042793042E-018,
        "CMy" : -1.24900090270330E-015,
        "CMz" : -9.78384040450919E-016
    },
    "CF_sensitivities" : {
        "d_CFx" : [
                5.01251245283849E-001,
                -7.68990650885879E-002,
                -1.59146796622443E-001,
                -2.17760407542815E-001,
                -1.59146796622442E-001,
                -7.68990650885862E-002,
                -1.59146796622445E-001,
                -2.17760407542814E-001,
                -1.59146796622444E-001,
                1.77333689280986E-001,
                1.84993753948364E-001,
                1.77333689283184E-001,
                1.84993753948364E-001,
                1.77333689280988E-001,
                1.84993753948365E-001,
                1.77333689283187E-001,
                1.84993753948362E-001,
                -2.17760407541183E-001,
                -1.59146796622880E-001,
                -7.68990650911239E-002,
                -1.59146796622883E-001,
                -2.17760407541190E-001,
                -1.59146796622885E-001,
                -7.68990650911238E-002,
                -1.59146796622881E-001,
                5.01251245302142E-001,
                3.23625076044317E-014,
                -9.86114189227161E-002,
                1.91783437838697E-001,
                1.41885319184384E-014,
                -1.91783437838682E-001,
                9.86114189227164E-002,
                -1.91783437838683E-001,
                1.44810132770740E-014,
                1.91783437838696E-001,
                3.48512732612113E-001,
                -1.18104225757547E-001,
                -1.51358309434997E-014,
                1.18104225757517E-001,
                -3.48512732612149E-001,
                1.18104225757516E-001,
                -1.71446839773821E-014,
                -1.18104225757545E-001,
                -3.77866196444614E-001,
                -2.90782956056216E-002,
                -6.96768571418526E-015,
                2.90782956056201E-002,
                3.77866196444628E-001,
                2.90782956056259E-002,
                -1.90805335147011E-015,
                -2.90782956056225E-002,
                2.49942937189504E-014,
                3.37833808558251E-014,
                -2.94983571300300E-016,
                -2.90782956019943E-002,
                -3.77866196441218E-001,
                -2.90782956019923E-002,
                -1.70200156948777E-016,
                2.90782956020092E-002,
                3.77866196441245E-001,
                2.90782956020068E-002,
                -1.66235643574874E-014,
                -1.18104225757913E-001,
                3.48512732612295E-001,
                -1.18104225757916E-001,
                -1.63456144776814E-014,
                1.18104225757887E-001,
                -3.48512732612324E-001,
                1.18104225757881E-001,
                9.87136545269826E-015,
                1.91783437841674E-001,
                -9.86114189178339E-002,
                1.91783437841672E-001,
                7.77342641478916E-015,
                -1.91783437841671E-001,
                9.86114189178182E-002,
                -1.91783437841666E-001,
                2.45935733117165E-014
            ],
        "d_CFy" : [
                -5.08292945848060E-015,
                -2.35513945857545E-001,
                -1.85348226624702E-002,
                -7.44863709831008E-015,
                1.85348226624470E-002,
                2.35513945857511E-001,
                1.85348226624472E-002,
                -6.56045867860995E-015,
                -1.85348226624715E-002,
                1.53140263233399E-001,
                -2.83921596897774E-002,
                -2.46563733513538E-014,
                2.83921596897219E-002,
                -1.53140263233452E-001,
                2.83921596897244E-002,
                -2.44343287464287E-014,
                -2.83921596897778E-002,
                -8.41720318020251E-002,
                1.25448883845520E-001,
                -2.01132785505949E-014,
                -1.25448883845546E-001,
                8.41720318020183E-002,
                -1.25448883845544E-001,
                -1.48258413958176E-014,
                1.25448883845521E-001,
                -4.59595322824584E-015,
                -1.19954124614157E-001,
                3.48700656988478E-001,
                5.17473836949870E-002,
                5.95888643752711E-002,
                5.17473836950256E-002,
                3.48700656988539E-001,
                5.17473836950257E-002,
                5.95888643752715E-002,
                5.17473836949893E-002,
                -2.85574442653093E-001,
                -2.48110104325799E-001,
                -1.17551675506334E-001,
                -2.48110104325779E-001,
                -2.85574442653122E-001,
                -2.48110104325780E-001,
                -1.17551675506335E-001,
                -2.48110104325802E-001,
                -6.59077046118012E-002,
                2.42411183108064E-001,
                1.10527233674913E-001,
                2.42411183108028E-001,
                -6.59077046118448E-002,
                2.42411183108030E-001,
                1.10527233674912E-001,
                2.42411183108070E-001,
                -1.63805589829762E-001,
                2.31151903173869E-016,
                -2.13518439040606E-014,
                -2.59506727379810E-002,
                5.31513102660398E-015,
                2.59506727379922E-002,
                2.37765536426071E-014,
                -2.59506727379652E-002,
                -5.73146466083850E-015,
                2.59506727379546E-002,
                1.17995890835942E-014,
                1.17786197867637E-001,
                3.16516584347520E-015,
                -1.17786197867640E-001,
                -1.28148359979097E-014,
                1.17786197867663E-001,
                -4.32049167847584E-015,
                -1.17786197867665E-001,
                2.00707506170516E-014,
                -7.99760274278904E-002,
                -1.12033558941732E-014,
                7.99760274278786E-002,
                -2.01540173438986E-014,
                -7.99760274279055E-002,
                9.05583599354953E-015,
                7.99760274279166E-002,
                -2.60902410786919E-015
            ],