{
    "info" : {
        "generated_by" : "MachLine (c) 2023 USU Aerolab",
        "executed" : "Fri Jul 12 13:55:38 2024"
    },
    "mesh_info" : {
        "N_body_panels" : 48,
        "N_body_vertices" : 26,
        "N_wake_panels" : 0,
        "N_wake_filaments" : 0,
        "average_characteristic_length" : 4.76931360312427E-001,
        "max_flow_turning_angle" : 9.00000000000000E+001
    },
    "solver_results" : {
        "solver_status_code" : 0,
        "system_dimension" : 26,
        "timing" : {
            "system_sorting" : 1.90000000000000E-006,
            "preconditioner" : 7.60000000000000E-006,
            "matrix_solver" : 1.65000000000000E-005
        },
        "iterations" : 6,
        "residual" : {
            "max" : 6.66133814775094E-016,
            "norm" : 1.40893826259815E-015
        }
    },
    "pressure_calculations" : {
        "incompressible_rule" : {
            "max" : 6.44536271284701E-001,
            "min" : -6.48340100656181E-001
        }
    },
    "total_forces" : {
        "Cx" : 6.64043819931237E-012,
        "Cy" : 1.15185638804860E-015,
        "Cz" : 1.22124532708767E-015
    },
    "total_moments" : {
        "CMx" : 6.93889390390723E-018,
        "CMy" : -1.11716191852906E-015,
        "CMz" : 1.29757316003065E-015
    },
    "CF_sensitivities" : {
        "d_CFx" : [
                5.81822192520554E-001,
                -4.67551608255246E-003,
                -9.27119327541968E-002,
                -1.53914355920501E-001,
                -8.91805174398848E-002,
                -4.67551608176053E-003,
                -9.27119327514001E-002,
                -1.53914355931986E-001,
                -8.91805174553937E-002,
                4.83484934696838E-002,
                4.32461687819337E-002,
                4.42953698724886E-002,
                4.24454084502246E-002,
                4.83484934676137E-002,
                4.32461687818433E-002,
                4.42953698741368E-002,
                4.24454084598749E-002,
                -1.45793313123622E-001,
                -5.28191452627086E-002,
                8.98911235938582E-003,
                -5.46428234123827E-002,
                -1.45793313224298E-001,
                -5.28191453404170E-002,
                8.98911238506228E-003,
                -5.46428234360693E-002,
                6.99007258131078E-001,
                -2.47903015041394E-012,
                7.49463879857903E-002,
                2.63629682445604E-001,
                3.13881254029555E-003,
                -2.60185391263702E-001,
                -7.49463879900800E-002,
                -2.63629682454239E-001,
                -3.13881254979108E-003,
                2.60185391262763E-001,
                2.11993563312256E-001,
                -1.07128769830610E-001,
                -7.30535680946298E-003,
                1.03998482783823E-001,
                -2.11993563323258E-001,
                1.07128769832400E-001,
                7.30535680557875E-003,
                -1.03998482799266E-001,
                -3.88300663877141E-001,
                -1.49245054793398E-001,
                3.52701262867099E-003,
                1.35768978081491E-001,
                3.88300663779609E-001,
                1.49245054743379E-001,
                -3.52701269920679E-003,
                -1.35768978180119E-001,
                -2.91877133463654E-011,
                -5.29502630621026E-012,
                -8.09446760990163E-003,
                -1.43902579095477E-001,
                -4.83134114186833E-001,
                -1.46584448436120E-001,
                8.09446760841344E-003,
                1.43902579088215E-001,
                4.83134114176697E-001,
                1.46584448432768E-001,
                7.52250116981892E-003,
                -4.28633744123693E-002,
                2.72760127892157E-001,
                -4.09103294921856E-002,
                -7.52250118203983E-003,
                4.28633744065850E-002,
                -2.72760127895338E-001,
                4.09103294821729E-002,
                1.77940879085654E-003,
                2.21880801310271E-001,
                1.10244094264885E-001,
                2.29158268950026E-001,
                -1.77940885906151E-003,
                -2.21880801390086E-001,
                -1.10244094344904E-001,
                -2.29158269037445E-001,
                -1.07298935316634E-011
            ],
        "d_CFy" : [
                -5.93170314881704E-018,
                -2.63422311168104E-001,
                -1.16345626219792E-001,
                -6.46122457420930E-005,
                1.16246140033848E-001,
                2.63422311168267E-001,
                1.16345626219645E-001,
                6.46122462643823E-005,
                -1.16246140033726E-001,
                8.78308787419467E-002,
                -3.39283020089906E-002,
                -6.44438825472596E-006,
                3.66613171349237E-002,
                -8.78308787266574E-002,
                3.39283020023820E-002,
                6.44438828413066E-006,
                -3.66613171271127E-002,
                1.15746498544120E-001,
                1.97756044704088E-001,
                -1.21892498099954E-003,
                -1.99489486539540E-001,
                -1.15746498518358E-001,
                -1.97756044664644E-001,
                1.21892502127345E-003,
                1.99489486519540E-001,
                -1.15170773587143E-012,
                1.95365611455166E-001,
                2.90729236430732E-001,
                5.17899592847749E-002,
                1.05517117881177E-001,
                5.17637953646928E-002,
                2.90729236430873E-001,
                5.17899592847604E-002,
                1.05517117880879E-001,
                5.17637953641887E-002,
                -3.78730314381889E-001,
                -2.95945542953383E-001,
                -1.35546669889233E-001,
                -2.79496013097890E-001,
                -3.78730314350442E-001,
                -2.95945542943147E-001,
                -1.35546669889332E-001,
                -2.79496013101144E-001,
                1.64662529673661E-002,
                2.84409589320101E-001,
                1.35877657964768E-001,
                2.87645161406332E-001,
                1.64662529824868E-002,
                2.84409589352999E-001,
                1.35877657986915E-001,
                2.87645161425150E-001,
                1.09580243753272E-001,
                9.94367011638078E-006,
                -2.08166410915077E-004,
                9.48835884038776E-003,
                -1.10480551023100E-005,
                -9.69346023297915E-003,
                -2.08166410661712E-004,
                9.48835884026178E-003,
                -1.10480552992304E-005,
                -9.69346023356990E-003,
                1.31275295301390E-003,
                1.41436745686081E-001,
                8.01693214162123E-005,
                -1.35701643306050E-001,
                1.31275297735937E-003,
                1.41436745703384E-001,
                8.01693212488090E-005,
                -1.35701643310023E-001,
                1.83468222434904E-002,
                -2.83786214960001E-002,
                2.31305579622611E-003,
                4.14829284187866E-002,
                1.83468222432650E-002,
                -2.83786214754179E-002,
                2.31305581212208E-003,
                4.14829284345186E-002,
                1.09369373014928E-003
            ],