{
    "info" : {
        "generated_by" : "MachLine (c) 2023 USU Aerolab",
        "executed" : "Fri Jul 12 13:55:02 2024"
    },
    "mesh_info" : {
        "N_body_panels" : 48,
        "N_body_vertices" : 26,
        "N_wake_panels" : 0,
        "N_wake_filaments" : 0,
        "average_characteristic_length" : 4.76931360312427E-001,
        "max_flow_turning_angle" : 9.00000000000000E+001
    },
    "solver_results" : {
        "solver_status_code" : 0,
        "system_dimension" : 26,
        "timing" : {
            "system_sorting" : 1.90000000000000E-006,
            "preconditioner" : 4.80000000000000E-006,
            "matrix_solver" : 1.34000000000000E-005
        },
        "iterations" : 6,
        "residual" : {
            "max" : 1.99840144432528E-015,
            "norm" : 5.35924516051360E-015
        }
    },
    "pressure_calculations" : {
        "incompressible_rule" : {
            "max" : 6.44562052558921E-001,
            "min" : -6.48258158170251E-001
        }
    },
    "total_forces" : {
        "Cx" : 2.99636763873012E-008,
        "Cy" : 1.45716771982052E-016,
        "Cz" : 5.13478148889135E-016
    },
    "total_moments" : {
        "CMx" : -4.36924801894278E-014,
        "CMy" : -4.30211422042248E-016,
        "CMz" : 2.08166817117217E-017
    },
    "CF_sensitivities" : {
        "d_CFx" : [
                8.42882868200841E-001,
                -4.27876688176666E-002,
                -1.07859513597195E-001,
                -1.52918365489469E-001,
                -8.68956026984945E-002,
                -4.27876685958880E-002,
                -1.07859515996215E-001,
                -1.52918365994075E-001,
                -8.68955897083031E-002,
                1.66424450717673E-002,
                -1.88592572225943E-003,
                -1.57833009689348E-002,
                1.28244822607027E-003,
                1.66424414774797E-002,
                -1.88591514552372E-003,
                -1.57833002907544E-002,
                1.28244917954512E-003,
                -3.41540447758113E-001,
                -2.54018929575418E-001,
                -1.91035587362940E-001,
                -2.78142024854022E-001,
                -3.41540513065418E-001,
                -2.54018957757136E-001,
                -1.91035622846495E-001,
                -2.78141983167146E-001,
                2.06700178995987E+000,
                -2.46774190909746E-010,
                3.05421992105960E-001,
                3.02092862868826E-001,
                -6.33711216323758E-004,
                -3.13815271579530E-001,
                -3.05421999431081E-001,
                -3.02092870634084E-001,
                6.33702705093738E-004,
                3.13815266158710E-001,
                -8.93404178731661E-002,
                -2.96715804507926E-001,
                -1.44500896849624E-002,
                3.17863120261685E-001,
                8.93404092719930E-002,
                2.96715806415558E-001,
                1.44500868311946E-002,
                -3.17863130811965E-001,
                -2.01333834972985E-001,
                7.61269128869848E-002,
                -2.27653544804771E-002,
                -6.52903942988680E-002,
                2.01333757207373E-001,
                -7.61269436075808E-002,
                2.27652881672926E-002,
                6.52903080129488E-002,
                -1.92228427358526E-008,
                -3.33252338696107E-009,
                1.97058034404244E-002,
                -2.69258982293215E-001,
                -4.95316953596523E-001,
                -2.56020982781934E-001,
                -1.97058094325024E-002,
                2.69258969965396E-001,
                4.95316946669303E-001,
                2.56020974047487E-001,
                1.66943086440252E-002,
                1.74226457169453E-001,
                5.13269899413981E-001,
                1.92361359592373E-001,
                -1.66943157238308E-002,
                -1.74226461003492E-001,
                -5.13269901967491E-001,
                -1.92361366137907E-001,
                6.49231119052728E-004,
                4.99720644988106E-002,
                -2.16779841343712E-001,
                2.91742651556668E-002,
                -6.49289808494655E-004,
                -4.99721347006464E-002,
                2.16779813950603E-001,
                -2.91743574326765E-002,
                -1.75539758057861E-008
            ],
        "d_CFy" : [
                1.04801979748673E-016,
                -2.59506237956409E-001,
                -1.12165683142399E-001,
                -2.85097800617836E-005,
                1.12285875049878E-001,
                2.59506237808298E-001,
                1.12165683425556E-001,
                2.85098801082541E-005,
                -1.12285875282254E-001,
                -1.32105665358786E-001,
                -1.75634291647425E-001,
                -1.48071922763864E-004,
                1.74774299076224E-001,
                1.32105677085763E-001,
                1.75634283266805E-001,
                1.48071864568355E-004,
                -1.74774293233030E-001,
                5.26516083509439E-001,
                4.20544335733175E-001,
                1.39218498379542E-003,
                -4.07803036256565E-001,
                -5.26516051293726E-001,
                -4.20544331180965E-001,
                -1.39216447834245E-003,
                4.07803014408824E-001,
                -6.32707204294312E-009,
                2.00415805962308E-001,
                2.83997105881859E-001,
                4.96779300920078E-002,
                1.09962021637164E-001,
                4.91562009293355E-002,
                2.83997106082241E-001,
                4.96779300123463E-002,
                1.09962021364572E-001,
                4.91562005840721E-002,
                -6.28914274081242E-001,
                -3.37887250366074E-001,
                -1.34703610679163E-001,
                -3.37073449987729E-001,
                -6.28914254616258E-001,
                -3.37887242001962E-001,
                -1.34703610795136E-001,
                -3.37073451768421E-001,
                6.28343523259758E-001,
                2.77021530351403E-001,
                -2.30411061924636E-001,
                2.88223350459217E-001,
                6.28343536221383E-001,
                2.77021556742404E-001,
                -2.30411045236968E-001,
                2.88223362186478E-001,
                -2.38532039601860E-001,
                -5.30203287536252E-005,
                -1.69197443365136E-004,
                1.58450389366475E-002,
                -5.01226006099659E-004,
                -1.59419783739533E-002,
                -1.69197267849770E-004,
                1.58450389440486E-002,
                -5.01226246980105E-004,
                -1.59419786703071E-002,
                7.58324060143296E-003,
                2.15976739110782E-001,
                1.39877165656586E-004,
                -2.14524027967092E-001,
                7.58325942694802E-003,
                2.15976750675422E-001,
                1.39876971802713E-004,
                -2.14524025722348E-001,
                -1.46472269828443E-003,
                -5.23354528005598E-001,
                2.33017946368023E-003,
                5.18053986923245E-001,
                -1.46471828294652E-003,
                -5.23354509513272E-001,
                2.33020077833532E-003,
                5.18053992256898E-001,
                -3.84084019628806E-003
            ],