{
    "info" : {
        "generated_by" : "MachLine (c) 2023 USU Aerolab",
        "executed" : "Fri Jul 12 13:54:28 2024"
    },
    "mesh_info" : {
        "N_body_panels" : 48,
        "N_body_vertices" : 26,
        "N_wake_panels" : 0,
        "N_wake_filaments" : 0,
        "average_characteristic_length" : 4.76931360312427E-001,
        "max_flow_turning_angle" : 9.00000000000000E+001
    },
    "solver_results" : {
        "solver_status_code" : 0,
        "system_dimension" : 26,
        "timing" : {
            "system_sorting" : 2.20000000000000E-006,
            "preconditioner" : 6.10000000000000E-006,
            "matrix_solver" : 1.41000000000000E-005
        },
        "iterations" : 6,
        "residual" : {
            "max" : 7.74387566516899E-014,
            "norm" : 1.18926513321209E-013
        }
    },
    "pressure_calculations" : {
        "incompressible_rule" : {
            "max" : 6.44561235609620E-001,
            "min" : -6.48264399142582E-001
        }
    },
    "total_forces" : {
        "Cx" : 1.39561831469515E-005,
        "Cy" : 6.59194920871187E-016,
        "Cz" : -1.39124822773340E-015
    },
    "total_moments" : {
        "CMx" : -7.26673148737644E-011,
        "CMy" : 1.02348685082632E-015,
        "CMz" : 6.93889390390723E-016
    },
    "CF_sensitivities" : {
        "d_CFx" : [
                8.42879860026350E-001,
                -4.27918932308299E-002,
                -1.07864312178090E-001,
                -1.52912294460794E-001,
                -8.68953951405064E-002,
                -4.27930970744185E-002,
                -1.07862330696752E-001,
                -1.52914022753630E-001,
                -8.68966669049646E-002,
                1.66375951387885E-002,
                -1.88875113121667E-003,
                -1.57837136367964E-002,
                1.27434469495191E-003,
                1.66355921642354E-002,
                -1.88415818956611E-003,
                -1.57798361217438E-002,
                1.27836315429031E-003,
                -3.41556679468399E-001,
                -2.54027581599091E-001,
                -1.91068351856130E-001,
                -2.78171235615979E-001,
                -3.41615756760801E-001,
                -2.54081143989968E-001,
                -1.91090295258625E-001,
                -2.78159768042943E-001,
                2.06703581496224E+000,
                -2.81808117683342E-006,
                2.79190235559007E-001,
                3.27552021773656E-001,
                -6.35771653327477E-004,
                -3.13512020269592E-001,
                -2.79194354622965E-001,
                -3.27558957653580E-001,
                6.28253126635187E-004,
                3.13505805592984E-001,
                -1.31303638986348E-001,
                -2.96720217829968E-001,
                -1.44512712595968E-002,
                3.17860283583531E-001,
                1.31297516791456E-001,
                2.96721182393498E-001,
                1.44541825892787E-002,
                -3.17868505384587E-001,
                -1.70060092708212E-001,
                4.98579194329445E-002,
                -2.28052515062001E-002,
                -6.53268231101283E-002,
                1.70019234875422E-001,
                -4.98674192999099E-002,
                2.27566579603393E-002,
                6.52588165025283E-002,
                -1.68129844184152E-005,
                -2.34465865195443E-006,
                1.97061628750775E-002,
                -2.42994956573269E-001,
                -5.29611414210530E-001,
                -2.56023626507678E-001,
                -1.97095404846288E-002,
                2.42987168472480E-001,
                5.29604881352990E-001,
                2.56018500427120E-001,
                1.66930067177785E-002,
                1.74231510585224E-001,
                5.63941400416165E-001,
                1.92365176323323E-001,
                -1.66981543914716E-002,
                -1.74235086810919E-001,
                -5.63944959717404E-001,
                -1.92368895012824E-001,
                6.31734252129795E-004,
                3.46014241919955E-002,
                -1.90548219264744E-001,
                5.06751886889437E-002,
                -6.81762590461516E-004,
                -3.46578831759581E-002,
                1.90515028801211E-001,
                -5.07378294681784E-002,
                -3.03968408752554E-006
            ],
        "d_CFy" : [
                5.52104641268641E-017,
                -2.59505616657995E-001,
                -1.12164041875313E-001,
                -2.82137437711490E-005,
                1.12283129724791E-001,
                2.59505610354194E-001,
                1.12164503537902E-001,
                2.86395988344497E-005,
                -1.12283400333063E-001,
                -1.32112447516328E-001,
                -1.75637905212166E-001,
                -1.48317636553112E-004,
                1.74773586683998E-001,
                1.32119510684639E-001,
                1.75632490961878E-001,
                1.48292994435066E-004,
                -1.74769927690555E-001,
                5.26577021169829E-001,
                4.20514079796661E-001,
                1.37418543411668E-003,
                -4.07776331094107E-001,
                -5.26547917626263E-001,
                -4.20491850740170E-001,
                -1.35660190967346E-003,
                4.07779697018746E-001,
                -4.23553702180782E-006,
                2.00416650782965E-001,
                2.83903979951711E-001,
                5.02501701384344E-002,
                1.09961961139863E-001,
                5.03957765897788E-002,
                2.83904093302723E-001,
                5.02501100621977E-002,
                1.09961772420333E-001,
                5.03955328896716E-002,
                -6.27763228062487E-001,
                -3.37888410428146E-001,
                -1.34702327726352E-001,
                -3.37072513270015E-001,
                -6.27748452089300E-001,
                -3.37883341740211E-001,
                -1.34702468828658E-001,
                -3.37073697399488E-001,
                6.26813370607582E-001,
                2.77333130185693E-001,
                -2.30421268579618E-001,
                2.88193651478711E-001,
                6.26825238715716E-001,
                2.77348452710015E-001,
                -2.30406357531560E-001,
                2.88209173478451E-001,
                -2.38558304343664E-001,
                -5.28625143737992E-005,
                -1.69270504416125E-004,
                1.58422915638863E-002,
                5.84000519448846E-006,
                -1.59397800605059E-002,
                -1.69168175201940E-004,
                1.58421732993534E-002,
                5.60990138212845E-006,
                -1.59400278063252E-002,
                7.57215787200848E-003,
                2.15972192180914E-001,
                1.39230576375763E-004,
                -2.14522548598594E-001,
                7.58599295576257E-003,
                2.15979990489165E-001,
                1.39091014060412E-004,
                -2.14521322883392E-001,
                -1.46107020302851E-003,
                -4.89896420316249E-001,
                2.41923489202182E-003,
                4.81949249936916E-001,
                -1.45431375092986E-003,
                -4.89880022076574E-001,
                2.43129497962335E-003,
                4.81954658818790E-001,
                -3.84819398958710E-003
            ],