{
    "info" : {
        "generated_by" : "MachLine (c) 2023 USU Aerolab",
        "executed" : "Fri Jul 12 13:55:38 2024"
    },
    "mesh_info" : {
        "N_body_panels" : 48,
        "N_body_vertices" : 26,
        "N_wake_panels" : 0,
        "N_wake_filaments" : 0,
        "average_characteristic_length" : 4.76931360312427E-001,
        "max_flow_turning_angle" : 9.00000000000000E+001
    },
    "solver_results" : {
        "solver_status_code" : 0,
        "system_dimension" : 26,
        "timing" : {
            "system_sorting" : 2.20000000000000E-006,
            "preconditioner" : 5.70000000000000E-006,
            "matrix_solver" : 1.45000000000000E-005
        },
        "iterations" : 6,
        "residual" : {
            "max" : 4.44089209850063E-016,
            "norm" : 1.13779870042622E-015
        }
    },
    "pressure_calculations" : {
        "incompressible_rule" : {
            "max" : 6.44534945916057E-001,
            "min" : -6.48344316985096E-001
        }
    },
    "total_forces" : {
        "Cx" : 2.24060492381994E-011,
        "Cy" : 6.03683769639929E-016,
        "Cz" : -9.12464548363801E-016
    },
    "total_moments" : {
        "CMx" : 1.56125112837913E-017,
        "CMy" : 9.22872889219661E-016,
        "CMz" : 3.33066907387547E-016
    },
    "CF_sensitivities" : {
        "d_CFx" : [
                5.81816799909099E-001,
                -1.16395541271053E-002,
                -7.56698435041362E-002,
                -1.50506793470330E-001,
                -7.21119733294922E-002,
                -1.16395541285954E-002,
                -7.56698434994955E-002,
                -1.50506793473545E-001,
                -7.21119733341659E-002,
                3.34540464531778E-002,
                4.01260345332624E-002,
                5.88937381447168E-002,
                4.15789650450000E-002,
                3.34540464470052E-002,
                4.01260345440906E-002,
                5.88937381465640E-002,
                4.15789650535194E-002,
                -1.63636867514277E-001,
                -8.12072717660495E-002,
                1.18534823507367E-002,
                -8.48819895830425E-002,
                -1.63636867582672E-001,
                -8.12072718974878E-002,
                1.18534823532783E-002,
                -8.48819895738243E-002,
                6.99002095790866E-001,
                -1.46838950490221E-012,
                6.02793225815255E-002,
                2.63047316978415E-001,
                2.43654035380358E-003,
                -2.63143096254936E-001,
                -6.02793225832108E-002,
                -2.63047316982052E-001,
                -2.43654035996102E-003,
                2.63143096253730E-001,
                2.18161388467467E-001,
                -8.08613728406770E-002,
                -4.21965836656855E-003,
                8.49709660538146E-002,
                -2.18161388480079E-001,
                8.08613728422415E-002,
                4.21965836699624E-003,
                -8.49709660685255E-002,
                -4.13990229899189E-001,
                -1.59260609158352E-001,
                -5.61473832251848E-004,
                1.46336918398758E-001,
                4.13990229810943E-001,
                1.59260609105456E-001,
                5.61473763552173E-004,
                -1.46336918494287E-001,
                -3.63934176614344E-011,
                -3.84490864945245E-012,
                -3.27612607357685E-003,
                -1.37097887516262E-001,
                -4.61561755550884E-001,
                -1.39733518816058E-001,
                3.27612607393021E-003,
                1.37097887508493E-001,
                4.61561755546254E-001,
                1.39733518811543E-001,
                5.10396823811573E-003,
                -6.35496861077364E-002,
                2.48416316458558E-001,
                -6.11328402199491E-002,
                -5.10396824806618E-003,
                6.35496861019926E-002,
                -2.48416316462520E-001,
                6.11328402055760E-002,
                2.54062310757271E-004,
                2.20106177769320E-001,
                1.19077915448943E-001,
                2.24851185898790E-001,
                -2.54062374650923E-004,
                -2.20106177845594E-001,
                -1.19077915511264E-001,
                -2.24851185978042E-001,
                -1.72097464541835E-011
            ],
        "d_CFy" : [
                7.79168940426279E-017,
                -2.63512851692954E-001,
                -1.16914297828629E-001,
                2.45633447337027E-005,
                1.16942700972655E-001,
                2.63512851692829E-001,
                1.16914297828991E-001,
                -2.45633444663767E-005,
                -1.16942700973093E-001,
                9.77427041145069E-002,
                -4.45260402026233E-002,
                6.68108006069670E-006,
                3.96287190735302E-002,
                -9.77427040963381E-002,
                4.45260401952808E-002,
                -6.68107999721061E-006,
                -3.96287190661305E-002,
                6.25893899617425E-002,
                1.72720237278400E-001,
                -1.22464525220449E-003,
                -1.74453800856772E-001,
                -6.25893899697882E-002,
                -1.72720237271189E-001,
                1.22464526569152E-003,
                1.74453800837247E-001,
                1.82518005905929E-012,
                1.95220929373214E-001,
                2.90684005534449E-001,
                5.22339777085211E-002,
                1.05327611493655E-001,
                5.22207693896981E-002,
                2.90684005534777E-001,
                5.22339777085208E-002,
                1.05327611493408E-001,
                5.22207693892665E-002,
                -4.49853554548118E-001,
                -2.89415194096732E-001,
                -1.35479768644281E-001,
                -2.86817878198905E-001,
                -4.49853554520238E-001,
                -2.89415194084039E-001,
                -1.35479768644396E-001,
                -2.86817878203176E-001,
                -2.59751576067543E-002,
                2.37617161356066E-001,
                1.38276010063487E-001,
                2.37617346008618E-001,
                -2.59751576051245E-002,
                2.37617161385109E-001,
                1.38276010081878E-001,
                2.37617346021607E-001,
                1.19606855936547E-001,
                1.67588545517885E-004,
                -2.10396701196579E-004,
                9.22032927665298E-003,
                -1.10473251310259E-005,
                -9.42340393206503E-003,
                -2.10396700976859E-004,
                9.22032927660685E-003,
                -1.10473254057889E-005,
                -9.42340393253882E-003,
                4.27771530581351E-003,
                1.53316934569321E-001,
                -2.53490864173423E-005,
                -1.46476582025136E-001,
                4.27771532887024E-003,
                1.53316934580268E-001,
                -2.53490865705560E-005,
                -1.46476582028903E-001,
                8.43454183489548E-003,
                -3.18370081677592E-002,
                9.59570107022615E-011,
                4.15646168808117E-002,
                8.43454183379578E-003,
                -3.18370081479998E-002,
                1.21730281535023E-010,
                4.15646168973227E-002,
                1.01791693466301E-002
            ],