{
    "info" : {
        "generated_by" : "MachLine (c) 2023 USU Aerolab",
        "executed" : "Fri Jul 12 13:55:44 2024"
    },
    "mesh_info" : {
        "N_body_panels" : 48,
        "N_body_vertices" : 26,
        "N_wake_panels" : 0,
        "N_wake_filaments" : 0,
        "average_characteristic_length" : 4.76931360312427E-001,
        "max_flow_turning_angle" : 9.00000000000000E+001
    },
    "solver_results" : {
        "solver_status_code" : 0,
        "system_dimension" : 26,
        "timing" : {
            "system_sorting" : 2.10000000000000E-006,
            "preconditioner" : 5.70000000000000E-006,
            "matrix_solver" : 1.38000000000000E-005
        },
        "iterations" : 6,
        "residual" : {
            "max" : 1.11022302462516E-015,
            "norm" : 1.64183513322485E-015
        }
    },
    "pressure_calculations" : {
        "incompressible_rule" : {
            "max" : 6.44495596246750E-001,
            "min" : -6.48469543997569E-001
        }
    },
    "total_forces" : {
        "Cx" : -2.33271735261553E-013,
        "Cy" : -1.33920652345410E-015,
        "Cz" : -1.39124822773340E-015
    },
    "total_moments" : {
        "CMx" : 4.16333634234434E-017,
        "CMy" : 1.16573417585641E-015,
        "CMz" : -1.60288449180257E-015
    },
    "CF_sensitivities" : {
        "d_CFx" : [
                5.70321312774670E-001,
                -2.30246439983776E-002,
                -9.46249007986281E-002,
                -1.66896080793194E-001,
                -9.46249008087325E-002,
                -2.30246439992051E-002,
                -9.46249007969140E-002,
                -1.66896080792784E-001,
                -9.46249008100721E-002,
                4.69618133670699E-002,
                4.57910016281200E-002,
                4.64504781495807E-002,
                4.57909994111114E-002,
                4.69618133642493E-002,
                4.57910016328187E-002,
                4.64504781504553E-002,
                4.57909994147760E-002,
                -1.67669441305066E-001,
                -9.48564428859537E-002,
                -2.33625089932050E-002,
                -9.48564429202469E-002,
                -1.67669441324031E-001,
                -9.48564428995375E-002,
                -2.33625090056625E-002,
                -9.48564429165036E-002,
                5.55159629821225E-001,
                -5.84450817148929E-013,
                1.43643104006095E-001,
                2.65820354086401E-001,
                2.56968403771312E-005,
                -2.65820354103693E-001,
                -1.43643104009255E-001,
                -2.65820354091268E-001,
                -2.56968438852552E-005,
                2.65820354100518E-001,
                2.32665637317309E-001,
                -6.61927985493017E-002,
                -4.13622730204977E-006,
                6.62118192636710E-002,
                -2.32665637322194E-001,
                6.61927985478988E-002,
                4.13622900491062E-006,
                -6.62118192690375E-002,
                -4.68957646563692E-001,
                -1.66427714234009E-001,
                1.50530318907316E-004,
                1.66444589973031E-001,
                4.68957646534390E-001,
                1.66427714214512E-001,
                -1.50530342598296E-004,
                -1.66444590011382E-001,
                -5.79046480454339E-012,
                -9.65050295153593E-013,
                2.50210269194983E-005,
                -1.70765737205990E-001,
                -4.76290140320117E-001,
                -1.70765496685012E-001,
                -2.50210278167415E-005,
                1.70765737201017E-001,
                4.76290140316871E-001,
                1.70765496681749E-001,
                5.89980736149659E-008,
                -6.63344224230754E-002,
                2.31065391469357E-001,
                -6.63341517031988E-002,
                -5.90013380388043E-008,
                6.63344224211481E-002,
                -2.31065391471747E-001,
                6.63341517006229E-002,
                1.03073442424602E-004,
                2.60815760280794E-001,
                1.37836669470696E-001,
                2.60815760278693E-001,
                -1.03073467571502E-004,
                -2.60815760317721E-001,
                -1.37836669498907E-001,
                -2.60815760312343E-001,
                -2.35614326551584E-012
            ],
        "d_CFy" : [
                1.32738207834866E-017,
                -2.63950515158682E-001,
                -1.16167517708530E-001,
                -6.57404833501911E-015,
                1.16167517709023E-001,
                2.63950515158634E-001,
                1.16167517708726E-001,
                3.12143005039217E-014,
                -1.16167517709036E-001,
                1.05443962999246E-001,
                -3.09161188338653E-002,
                2.55639770363823E-013,
                3.09161188398159E-002,
                -1.05443962993293E-001,
                3.09161188315039E-002,
                -2.68305699979356E-013,
                -3.09161188377519E-002,
                1.21800113433937E-001,
                1.56674927628559E-001,
                -1.46517768779924E-011,
                -1.56674927635979E-001,
                -1.21800113422423E-001,
                -1.56674927615852E-001,
                2.66398286734488E-011,
                1.56674927617349E-001,
                -2.62040554648739E-012,
                1.93955773338157E-001,
                2.92844547761450E-001,
                5.21378391853919E-002,
                1.04728703289383E-001,
                5.21378391857704E-002,
                2.92844547761628E-001,
                5.21378391853501E-002,
                1.04728703289261E-001,
                5.21378391855657E-002,
                -4.63016739463633E-001,
                -2.99631993012494E-001,
                -1.35690746460776E-001,
                -2.99694215422712E-001,
                -4.63016739454084E-001,
                -2.99631993008961E-001,
                -1.35690746460829E-001,
                -2.99694215423258E-001,
                -5.71736509418664E-002,
                1.98662807488324E-001,
                1.68434940339745E-001,
                1.98662807499276E-001,
                -5.71736509435520E-002,
                1.98662807496490E-001,
                1.68434940349603E-001,
                1.98662807500204E-001,
                2.02392457930650E-001,
                5.42313041776237E-006,
                -2.51907869563972E-014,
                9.05605465463935E-003,
                1.07728596678041E-013,
                -9.05489056292452E-003,
                5.51998767875372E-014,
                9.05605465462778E-003,
                9.49881165804323E-015,
                -9.05489056312844E-003,
                -2.85541112480386E-007,
                1.64529752166929E-001,
                3.40070928113431E-013,
                -1.64528872561951E-001,
                -2.85534300338498E-007,
                1.64529752172830E-001,
                2.77948596331970E-013,
                -1.64528872562281E-001,
                -1.89194289608090E-004,
                1.03357569056437E-002,
                -5.83526326102081E-012,
                -1.03357569116849E-002,
                -1.89194284709696E-004,
                1.03357569142593E-002,
                2.89174977251385E-012,
                -1.03357569104135E-002,
                3.83625471263208E-004
            ],