{
    "info" : {
        "generated_by" : "MachLine (c) 2023 USU Aerolab",
        "executed" : "Fri Jul 12 13:55:17 2024"
    },
    "mesh_info" : {
        "N_body_panels" : 48,
        "N_body_vertices" : 26,
        "N_wake_panels" : 0,
        "N_wake_filaments" : 0,
        "average_characteristic_length" : 4.76931360312427E-001,
        "max_flow_turning_angle" : 9.00000000000000E+001
    },
    "solver_results" : {
        "solver_status_code" : 0,
        "system_dimension" : 26,
        "timing" : {
            "system_sorting" : 2.10000000000000E-006,
            "preconditioner" : 5.50000000000000E-006,
            "matrix_solver" : 1.41000000000000E-005
        },
        "iterations" : 6,
        "residual" : {
            "max" : 6.66133814775094E-016,
            "norm" : 1.57719460853668E-015
        }
    },
    "pressure_calculations" : {
        "incompressible_rule" : {
            "max" : 6.44561466182934E-001,
            "min" : -6.48259992089888E-001
        }
    },
    "total_forces" : {
        "Cx" : 2.42199195421566E-009,
        "Cy" : -1.04083408558608E-016,
        "Cz" : -1.00613961606655E-015
    },
    "total_moments" : {
        "CMx" : -1.30329774750138E-014,
        "CMy" : 1.42247325030098E-015,
        "CMz" : -4.16333634234434E-017
    },
    "CF_sensitivities" : {
        "d_CFx" : [
                8.03892497927665E-001,
                -4.19494332524218E-002,
                -9.71465527961143E-002,
                -1.36029579636481E-001,
                -7.99281684905645E-002,
                -4.19494334285765E-002,
                -9.71465530399076E-002,
                -1.36029580609200E-001,
                -7.99281685535598E-002,
                2.51298920287646E-002,
                -1.28109161305834E-003,
                -2.30750530279942E-002,
                2.14410323370040E-003,
                2.51298920335079E-002,
                -1.28109049551806E-003,
                -2.30750526655401E-002,
                2.14410390841291E-003,
                -3.19066091360302E-001,
                -2.29136411253745E-001,
                -1.61528102663672E-001,
                -2.51545249735571E-001,
                -3.19066093352360E-001,
                -2.29136417249605E-001,
                -1.61528102836019E-001,
                -2.51545252410044E-001,
                1.82293445244173E+000,
                -2.21059881707228E-011,
                2.86929294204893E-001,
                3.11412835122552E-001,
                -2.41666009299427E-003,
                -3.01884221786899E-001,
                -2.86929294483971E-001,
                -3.11412835561699E-001,
                2.41665959890825E-003,
                3.01884221340021E-001,
                -1.18971139982884E-001,
                -2.70777845573185E-001,
                -1.48797267894693E-002,
                3.09288329371812E-001,
                1.18971139533051E-001,
                2.70777845651615E-001,
                1.48797268069611E-002,
                -3.09288330085056E-001,
                -1.76277612063427E-001,
                5.13192530996251E-002,
                -2.48384081884637E-002,
                -7.01095263527152E-002,
                1.76277609643972E-001,
                -5.13192552868668E-002,
                2.48384040717765E-002,
                7.01095211070337E-002,
                -1.78683908652786E-009,
                -1.12827410829992E-010,
                2.15717051330247E-002,
                -2.38095196610568E-001,
                -4.98652020470969E-001,
                -2.55808928866393E-001,
                -2.15717053715428E-002,
                2.38095196113788E-001,
                4.98652019902396E-001,
                2.55808928626540E-001,
                1.72241280866984E-002,
                1.53264118717266E-001,
                5.34947967086486E-001,
                1.88634432888049E-001,
                -1.72241288371910E-002,
                -1.53264118906901E-001,
                -5.34947967303390E-001,
                -1.88634433323465E-001,
                2.49989641630672E-003,
                3.76036122697417E-002,
                -1.99837035085817E-001,
                5.04740062813040E-002,
                -2.49990000249820E-003,
                -3.76036173842753E-002,
                1.99837033766810E-001,
                -5.04740106706079E-002,
                -9.61998418032048E-010
            ],
        "d_CFy" : [
                -1.76429015432747E-017,
                -2.60116222597068E-001,
                -1.12173520324455E-001,
                -7.17720574473017E-005,
                1.12360287947674E-001,
                2.60116222608101E-001,
                1.12173520352752E-001,
                7.17720857719028E-005,
                -1.12360287967347E-001,
                -1.40551069032950E-001,
                -1.68049618503648E-001,
                -1.49920363466714E-004,
                1.66130472186479E-001,
                1.40551069818902E-001,
                1.68049618009634E-001,
                1.49920365323549E-004,
                -1.66130471860031E-001,
                5.31036924611060E-001,
                4.07034303752795E-001,
                1.02899259092191E-003,
                -3.85883658148576E-001,
                -5.31036923803119E-001,
                -4.07034302232551E-001,
                -1.02899118982733E-003,
                3.85883657602035E-001,
                -2.57325484750605E-010,
                2.00533641031788E-001,
                2.85110435789977E-001,
                4.98844784401770E-002,
                1.09612899236920E-001,
                5.01258278914963E-002,
                2.85110435795729E-001,
                4.98844784331151E-002,
                1.09612899220969E-001,
                5.01258278629355E-002,
                -6.50184125380326E-001,
                -3.20038475343491E-001,
                -1.34587505283496E-001,
                -3.18024781587847E-001,
                -6.50184124090171E-001,
                -3.20038474998593E-001,
                -1.34587505293001E-001,
                -3.18024781754719E-001,
                6.54196843118068E-001,
                2.55914722644540E-001,
                -2.22305686511658E-001,
                2.63418775584622E-001,
                6.54196843044243E-001,
                2.55914724404061E-001,
                -2.22305685265537E-001,
                2.63418776094123E-001,
                -2.46837983399799E-001,
                -1.56087671726361E-004,
                -1.54542772947790E-004,
                1.56639505393454E-002,
                -1.66932126100526E-005,
                -1.56676583813639E-002,
                -1.54542765388877E-004,
                1.56639505299334E-002,
                -1.66932330237271E-005,
                -1.56676583984906E-002,
                8.43444664533649E-003,
                2.07417066475111E-001,
                1.52952193781058E-004,
                -2.03633931163263E-001,
                8.43444781844408E-003,
                2.07417067276997E-001,
                1.52952187318588E-004,
                -2.03633931436282E-001,
                -1.40633811788590E-003,
                -4.72733845574200E-001,
                6.58730983038945E-003,
                4.60503355349148E-001,
                -1.40633757599515E-003,
                -4.72733844461987E-001,
                6.58731049749016E-003,
                4.60503355615237E-001,
                -1.00254302736686E-002
            ],