{
    "info" : {
        "generated_by" : "MachLine (c) 2023 USU Aerolab",
        "executed" : "Fri Jul 12 13:55:15 2024"
    },
    "mesh_info" : {
        "N_body_panels" : 48,
        "N_body_vertices" : 26,
        "N_wake_panels" : 0,
        "N_wake_filaments" : 0,
        "average_characteristic_length" : 4.76931360312427E-001,
        "max_flow_turning_angle" : 9.00000000000000E+001
    },
    "solver_results" : {
        "solver_status_code" : 0,
        "system_dimension" : 26,
        "timing" : {
            "system_sorting" : 1.90000000000000E-006,
            "preconditioner" : 7.70000000000000E-006,
            "matrix_solver" : 1.60000000000000E-005
        },
        "iterations" : 6,
        "residual" : {
            "max" : 4.44089209850063E-016,
            "norm" : 8.72650293011259E-016
        }
    },
    "pressure_calculations" : {
        "incompressible_rule" : {
            "max" : 6.44561622348087E-001,
            "min" : -6.48259499850153E-001
        }
    },
    "total_forces" : {
        "Cx" : 2.73769217018494E-009,
        "Cy" : -9.92261828258734E-016,
        "Cz" : 2.42861286636753E-016
    },
    "total_moments" : {
        "CMx" : -1.86500120902267E-014,
        "CMy" : -1.42247325030098E-016,
        "CMz" : -8.60422844084496E-016
    },
    "CF_sensitivities" : {
        "d_CFx" : [
                8.03892879656531E-001,
                -4.19494362419296E-002,
                -9.71465023881737E-002,
                -1.36029490986378E-001,
                -7.99281289980980E-002,
                -4.19494365071214E-002,
                -9.71465026619428E-002,
                -1.36029491446185E-001,
                -7.99281284253227E-002,
                2.51299286661182E-002,
                -1.28130510523983E-003,
                -2.30943356993412E-002,
                2.14388523494291E-003,
                2.51299289626152E-002,
                -1.28130470156984E-003,
                -2.30943355948183E-002,
                2.14388589928149E-003,
                -3.19065825697171E-001,
                -2.29136238226276E-001,
                -1.61528028950150E-001,
                -2.51545063510750E-001,
                -3.19065829194998E-001,
                -2.29136241335651E-001,
                -1.61528024785981E-001,
                -2.51545065116262E-001,
                1.82293402467457E+000,
                6.79599661995561E-011,
                2.86929583095942E-001,
                3.11461901481180E-001,
                -2.33634353782414E-003,
                -3.01883055500856E-001,
                -2.86929583652868E-001,
                -3.11461902186157E-001,
                2.33634247746724E-003,
                3.01883054954890E-001,
                -1.18971218176162E-001,
                -2.70816250111770E-001,
                -1.47195347995094E-002,
                3.09421077909066E-001,
                1.18971216975703E-001,
                2.70816249957496E-001,
                1.47195350310472E-002,
                -3.09421078997656E-001,
                -1.76342648500464E-001,
                5.13143722851662E-002,
                -2.42897870742799E-002,
                -6.98150931502601E-002,
                1.76342642408477E-001,
                -5.13143755881172E-002,
                2.42897812928785E-002,
                6.98150870047327E-002,
                -3.49205836756908E-009,
                -2.28212410401979E-010,
                2.16506311360089E-002,
                -2.38095279672737E-001,
                -4.98651079949633E-001,
                -2.55858756472410E-001,
                -2.16506312902758E-002,
                2.38095278901706E-001,
                4.98651079246624E-001,
                2.55858756034644E-001,
                1.71257185863866E-002,
                1.53302696045094E-001,
                5.34947494800849E-001,
                1.88760474825314E-001,
                -1.71257189669013E-002,
                -1.53302696559736E-001,
                -5.34947494956397E-001,
                -1.88760475853105E-001,
                2.95192409974093E-003,
                3.79441672181134E-002,
                -1.99836413775201E-001,
                5.05589546349799E-002,
                -2.95192996213481E-003,
                -3.79441734057845E-002,
                1.99836410227827E-001,
                -5.05589631352640E-002,
                -6.36778844186037E-010
            ],
        "d_CFy" : [
                -1.78965570660045E-016,
                -2.60116339381743E-001,
                -1.12173725506624E-001,
                -7.17721949365257E-005,
                1.12360494205438E-001,
                2.60116339370022E-001,
                1.12173725508337E-001,
                7.17722077859354E-005,
                -1.12360494205330E-001,
                -1.40552315775829E-001,
                -1.68049904230787E-001,
                -1.49920958391480E-004,
                1.66129965238229E-001,
                1.40552316531657E-001,
                1.68049903822298E-001,
                1.49920956411571E-004,
                -1.66129964749388E-001,
                5.31036961491467E-001,
                4.07034300392919E-001,
                1.02899308985145E-003,
                -3.85883671372862E-001,
                -5.31036961226179E-001,
                -4.07034298007521E-001,
                -1.02899254778873E-003,
                3.85883670147935E-001,
                -1.39964512527460E-010,
                2.00533976462509E-001,
                2.85110243640764E-001,
                4.98874586858178E-002,
                1.09612941073421E-001,
                5.01271000594862E-002,
                2.85110243655757E-001,
                4.98874586788954E-002,
                1.09612941053040E-001,
                5.01271000307733E-002,
                -6.50184187811555E-001,
                -3.20038602667131E-001,
                -1.34588145266435E-001,
                -3.18025234586299E-001,
                -6.50184186052318E-001,
                -3.20038601879212E-001,
                -1.34588145274896E-001,
                -3.18025234775023E-001,
                6.53984238276129E-001,
                2.55914665984987E-001,
                -2.22527189172388E-001,
                2.63418711545750E-001,
                6.53984238472321E-001,
                2.55914667377389E-001,
                -2.22527187623836E-001,
                2.63418712921448E-001,
                -2.46837329259150E-001,
                -1.47665882216824E-004,
                -1.51400825851452E-004,
                1.56636234729385E-002,
                -1.76673454101733E-005,
                -1.56679579507569E-002,
                -1.51400811876634E-004,
                1.56636234611318E-002,
                -1.76673690657597E-005,
                -1.56679579853305E-002,
                8.43841231667907E-003,
                2.07416669035002E-001,
                1.52952813920510E-004,
                -2.03609484875751E-001,
                8.43841372557805E-003,
                2.07416670006474E-001,
                1.52952800969760E-004,
                -2.03609485140660E-001,
                -1.53290335784613E-003,
                -4.72733475378060E-001,
                6.58730691426595E-003,
                4.60216927367848E-001,
                -1.53290277200049E-003,
                -4.72733473602786E-001,
                6.58730885078271E-003,
                4.60216928167910E-001,
                -9.35268370579122E-003
            ],