{
    "info" : {
        "generated_by" : "MachLine (c) 2023 USU Aerolab",
        "executed" : "Fri Jul 12 13:54:16 2024"
    },
    "mesh_info" : {
        "N_body_panels" : 48,
        "N_body_vertices" : 26,
        "N_wake_panels" : 0,
        "N_wake_filaments" : 0,
        "average_characteristic_length" : 4.76931360312427E-001,
        "max_flow_turning_angle" : 9.00000000000000E+001
    },
    "solver_results" : {
        "solver_status_code" : 0,
        "system_dimension" : 26,
        "timing" : {
            "system_sorting" : 2.40000000000000E-006,
            "preconditioner" : 5.90000000000000E-006,
            "matrix_solver" : 1.46000000000000E-005
        },
        "iterations" : 6,
        "residual" : {
            "max" : 9.02312598913846E-015,
            "norm" : 2.08320166091410E-014
        }
    },
    "pressure_calculations" : {
        "incompressible_rule" : {
            "max" : 6.44578511679318E-001,
            "min" : -6.48308257517521E-001
        }
    },
    "total_forces" : {
        "Cx" : 1.61428747765008E-004,
        "Cy" : 9.71445146547012E-016,
        "Cz" : 9.02056207507940E-017
    },
    "total_moments" : {
        "CMx" : 8.96054879601094E-011,
        "CMy" : 2.08166817117217E-016,
        "CMz" : 9.36750677027476E-016
    },
    "CF_sensitivities" : {
        "d_CFx" : [
                8.42864565673954E-001,
                -4.28143384821821E-002,
                -1.07917924858203E-001,
                -1.52851261203837E-001,
                -8.69185019044235E-002,
                -4.27998731935310E-002,
                -1.07890244978301E-001,
                -1.52869008745739E-001,
                -8.69134091905625E-002,
                1.66356808911670E-002,
                -1.91329968104914E-003,
                -1.57623690378290E-002,
                1.18562586666249E-003,
                1.65992481185120E-002,
                -1.83219187560346E-003,
                -1.57854153056858E-002,
                1.24383344973911E-003,
                -3.41860103506408E-001,
                -2.53956470370167E-001,
                -1.91211012884531E-001,
                -2.78442713663857E-001,
                -3.42138484636639E-001,
                -2.54028909014051E-001,
                -1.91118201187294E-001,
                -2.78133171206277E-001,
                2.06709267700847E+000,
                6.95276174139752E-006,
                2.79165873842910E-001,
                3.27565719074211E-001,
                -6.33151462166571E-004,
                -3.13573756626553E-001,
                -2.79201729865819E-001,
                -3.27630741294556E-001,
                5.71608969229598E-004,
                3.13511512658006E-001,
                -1.31228105980850E-001,
                -2.96748377833027E-001,
                -1.44457104431077E-002,
                3.17857013197186E-001,
                1.31165139341220E-001,
                2.96714856478990E-001,
                1.44627759059430E-002,
                -3.17917831206573E-001,
                -1.70336479451561E-001,
                4.97373886253009E-002,
                -2.31468652966547E-002,
                -6.56158834618897E-002,
                1.69857319916725E-001,
                -4.99555194464631E-002,
                2.27253304798974E-002,
                6.51516143738368E-002,
                -1.71179341049802E-004,
                -1.86563367930422E-005,
                1.97212369321357E-002,
                -2.43048937842911E-001,
                -5.29611617577249E-001,
                -2.56040157760356E-001,
                -1.97602456512422E-002,
                2.42958013862981E-001,
                5.29530903745510E-001,
                2.55970635329668E-001,
                1.67112284131577E-002,
                1.74170818351407E-001,
                5.63787237246753E-001,
                1.92307798369518E-001,
                -1.67593036044406E-002,
                -1.74195770380905E-001,
                -5.63798961694535E-001,
                -1.92376374351162E-001,
                4.74994611319627E-004,
                3.43970067236988E-002,
                -1.90586326825598E-001,
                5.02876932804924E-002,
                -8.73397053065503E-004,
                -3.48911127184239E-002,
                1.90421510338272E-001,
                -5.08008223629791E-002,
                2.71194671091185E-006
            ],
        "d_CFy" : [
                -6.91962403107527E-019,
                -2.59516521583637E-001,
                -1.12166696539109E-001,
                -2.68047072510305E-005,
                1.12291289881254E-001,
                2.59516295619722E-001,
                1.12167723152033E-001,
                2.88225454383935E-005,
                -1.12291844913237E-001,
                -1.32226944558216E-001,
                -1.75691856710344E-001,
                -1.50575761440821E-004,
                1.74797692406370E-001,
                1.32308795110992E-001,
                1.75633380538290E-001,
                1.50459852675043E-004,
                -1.74770565436008E-001,
                5.26941779432261E-001,
                4.20570470758919E-001,
                1.20494110572146E-003,
                -4.07715985198231E-001,
                -5.26827138583390E-001,
                -4.20445217488243E-001,
                -1.02834820714755E-003,
                4.07667997528912E-001,
                -5.69857776678423E-005,
                2.00418562228155E-001,
                2.83874972481008E-001,
                5.02619500106540E-002,
                1.09961353886005E-001,
                5.03963265813088E-002,
                2.83876468667122E-001,
                5.02613691310422E-002,
                1.09959713128027E-001,
                5.03934197291762E-002,
                -6.27753094922655E-001,
                -3.37931894043685E-001,
                -1.34708249441726E-001,
                -3.37076577966501E-001,
                -6.27627585401467E-001,
                -3.37881539981899E-001,
                -1.34709349505328E-001,
                -3.37086692123097E-001,
                6.26876343455354E-001,
                2.77186098977820E-001,
                -2.30479208094680E-001,
                2.88050271853678E-001,
                6.26904210158894E-001,
                2.77304701526778E-001,
                -2.30355094421234E-001,
                2.88124616420842E-001,
                -2.38726745759519E-001,
                -5.08122917339811E-005,
                -1.69043565044978E-004,
                1.58212629947461E-002,
                6.56437016391243E-006,
                -1.59338539110769E-002,
                -1.67897827956948E-004,
                1.58210268683704E-002,
                5.00795838517096E-006,
                -1.59370534010952E-002,
                7.54277220820924E-003,
                2.16002261456566E-001,
                1.31608357452084E-004,
                -2.14602867677953E-001,
                7.66975963520235E-003,
                2.16072745345434E-001,
                1.30639464940067E-004,
                -2.14623347077286E-001,
                -1.42735975738245E-003,
                -4.90053561299480E-001,
                2.35010307213791E-003,
                4.82039721973874E-001,
                -1.40190822815440E-003,
                -4.89959476114271E-001,
                2.48551301393661E-003,
                4.82064249126963E-001,
                -4.02200516655697E-003
            ],