{
    "info" : {
        "generated_by" : "MachLine (c) 2023 USU Aerolab",
        "executed" : "Fri Jul 12 13:55:48 2024"
    },
    "mesh_info" : {
        "N_body_panels" : 48,
        "N_body_vertices" : 26,
        "N_wake_panels" : 0,
        "N_wake_filaments" : 0,
        "average_characteristic_length" : 4.76931360312427E-001,
        "max_flow_turning_angle" : 9.00000000000000E+001
    },
    "solver_results" : {
        "solver_status_code" : 0,
        "system_dimension" : 26,
        "timing" : {
            "system_sorting" : 2.70000000000000E-006,
            "preconditioner" : 5.20000000000000E-006,
            "matrix_solver" : 1.32000000000000E-005
        },
        "iterations" : 6,
        "residual" : {
            "max" : 8.88178419700125E-016,
            "norm" : 1.46218987862013E-015
        }
    },
    "pressure_calculations" : {
        "incompressible_rule" : {
            "max" : 6.44432810529849E-001,
            "min" : -6.48669452962529E-001
        }
    },
    "total_forces" : {
        "Cx" : -5.58118828930532E-012,
        "Cy" : -9.71445146547012E-016,
        "Cz" : -4.51028103753970E-017
    },
    "total_moments" : {
        "CMx" : 3.46944695195361E-018,
        "CMy" : -2.67147415300428E-016,
        "CMz" : -1.13103970633688E-015
    },
    "CF_sensitivities" : {
        "d_CFx" : [
                5.73094245258526E-001,
                -2.29663767579751E-002,
                -9.44634639083936E-002,
                -1.66886786201899E-001,
                -9.44634639059063E-002,
                -2.29663767591241E-002,
                -9.44634639060601E-002,
                -1.66886786200506E-001,
                -9.44634639065892E-002,
                4.66137889678511E-002,
                4.56216654992043E-002,
                4.65858008507378E-002,
                4.56216654975117E-002,
                4.66137889660840E-002,
                4.56216655002892E-002,
                4.65858008511009E-002,
                4.56216654999666E-002,
                -1.66886937623999E-001,
                -9.44519713247742E-002,
                -2.29668174390694E-002,
                -9.44519713332579E-002,
                -1.66886937640815E-001,
                -9.44519713314925E-002,
                -2.29668174466205E-002,
                -9.44519713265647E-002,
                5.73096993302429E-001,
                -7.18948855999721E-013,
                1.44589040122400E-001,
                2.66224691060984E-001,
                -1.25269764995815E-012,
                -2.66224691063485E-001,
                -1.44589040123282E-001,
                -2.66224691062860E-001,
                -1.03349604224412E-012,
                2.66224691062331E-001,
                2.31666417348011E-001,
                -6.62031314911575E-002,
                5.02857278011301E-006,
                6.62031314899928E-002,
                -2.31666417349512E-001,
                6.62031314911478E-002,
                -5.02857278934816E-006,
                -6.62031314922140E-002,
                -4.76772006334775E-001,
                -1.71296857290699E-001,
                -1.19379293914910E-011,
                1.71296857278381E-001,
                4.76772006316408E-001,
                1.71296857282168E-001,
                -2.94669166572524E-012,
                -1.71296857296359E-001,
                -8.54654498053236E-012,
                -6.43601347947092E-013,
                -9.36861204717127E-013,
                -1.71259553036934E-001,
                -4.76788707540928E-001,
                -1.71259553035027E-001,
                -1.73599034256730E-013,
                1.71259553033511E-001,
                4.76788707539746E-001,
                1.71259553033433E-001,
                -7.16143978204746E-008,
                -6.61997926606210E-002,
                2.31674681094257E-001,
                -6.61997926609803E-002,
                7.16128939762591E-008,
                6.61997926594401E-002,
                -2.31674681095075E-001,
                6.61997926594402E-002,
                -6.69236028093335E-012,
                2.66214631819806E-001,
                1.44583102773483E-001,
                2.66214631812367E-001,
                -7.63113595800976E-012,
                -2.66214631836610E-001,
                -1.44583102785496E-001,
                -2.66214631824621E-001,
                -3.00639178226100E-012
            ],
        "d_CFy" : [
                -7.62416002559715E-017,
                -2.63899488629011E-001,
                -1.16063691826895E-001,
                -6.91091288884301E-015,
                1.16063691826974E-001,
                2.63899488628995E-001,
                1.16063691827064E-001,
                1.01461893695679E-014,
                -1.16063691826987E-001,
                1.03307491299006E-001,
                -3.08597912073655E-002,
                -1.17523128931066E-013,
                3.08597912066091E-002,
                -1.03307491295724E-001,
                3.08597912057484E-002,
                1.26347766768705E-013,
                -3.08597912053518E-002,
                1.23314489123036E-001,
                1.56625212529089E-001,
                -4.37541464705007E-012,
                -1.56625212534027E-001,
                -1.23314489121070E-001,
                -1.56625212521864E-001,
                7.85956574288569E-012,
                1.56625212523980E-001,
                -1.27876146085728E-012,
                1.93936795432888E-001,
                2.92917993744916E-001,
                5.21106960882013E-002,
                1.04708052653160E-001,
                5.21106960879996E-002,
                2.92917993744999E-001,
                5.21106960882032E-002,
                1.04708052653104E-001,
                5.21106960879150E-002,
                -4.65223444685534E-001,
                -2.99184444713724E-001,
                -1.35661015368466E-001,
                -2.99184444713292E-001,
                -4.65223444681125E-001,
                -2.99184444712498E-001,
                -1.35661015368500E-001,
                -2.99184444713659E-001,
                -5.96535748659847E-002,
                1.98014785043195E-001,
                1.66956875399594E-001,
                1.98014785047834E-001,
                -5.96535748638054E-002,
                1.98014785047917E-001,
                1.66956875403691E-001,
                1.98014785049193E-001,
                1.94307606124663E-001,
                6.03577517827025E-014,
                -1.04538773471052E-014,
                9.07606627671262E-003,
                2.66637994591122E-014,
                -9.07606627705349E-003,
                6.04937649452408E-014,
                9.07606627671093E-003,
                -2.71894206723332E-014,
                -9.07606627713195E-003,
                3.46574746460521E-007,
                1.64156252039561E-001,
                -2.11505898657329E-013,
                -1.64156252041848E-001,
                3.46578727373993E-007,
                1.64156252042083E-001,
                -2.40292422319975E-013,
                -1.64156252043018E-001,
                -7.08729949727705E-013,
                1.14007202896144E-002,
                -2.19244790316383E-012,
                -1.14007202920008E-002,
                1.04233126036607E-012,
                1.14007202952623E-002,
                1.63569143931516E-012,
                -1.14007202902497E-002,
                -5.31880789411687E-012
            ],