{
    "info" : {
        "generated_by" : "MachLine (c) 2023 USU Aerolab",
        "executed" : "Fri Jul 12 13:55:23 2024"
    },
    "mesh_info" : {
        "N_body_panels" : 48,
        "N_body_vertices" : 26,
        "N_wake_panels" : 0,
        "N_wake_filaments" : 0,
        "average_characteristic_length" : 4.76931360312427E-001,
        "max_flow_turning_angle" : 9.00000000000000E+001
    },
    "solver_results" : {
        "solver_status_code" : 0,
        "system_dimension" : 26,
        "timing" : {
            "system_sorting" : 2.90000000000000E-006,
            "preconditioner" : 6.10000000000000E-006,
            "matrix_solver" : 1.41000000000000E-005
        },
        "iterations" : 6,
        "residual" : {
            "max" : 8.88178419700125E-016,
            "norm" : 1.43063439235555E-015
        }
    },
    "pressure_calculations" : {
        "incompressible_rule" : {
            "max" : 6.44560195724245E-001,
            "min" : -6.48264026817172E-001
        }
    },
    "total_forces" : {
        "Cx" : 1.82689502414846E-010,
        "Cy" : 9.02056207507940E-017,
        "Cz" : 1.19002030452009E-015
    },
    "total_moments" : {
        "CMx" : -1.47624967805626E-015,
        "CMy" : -1.37043154602168E-015,
        "CMz" : 2.15105711021124E-016
    },
    "CF_sensitivities" : {
        "d_CFx" : [
                8.03889428379122E-001,
                -4.19494122134296E-002,
                -9.71270587221328E-002,
                -1.36030308299381E-001,
                -7.99484056484201E-002,
                -4.19494122383098E-002,
                -9.71270588328109E-002,
                -1.36030308263953E-001,
                -7.99484056283688E-002,
                2.51309212196971E-002,
                -1.28019803001722E-003,
                -2.30734962749621E-002,
                2.14588077022415E-003,
                2.51309211424036E-002,
                -1.28019790758338E-003,
                -2.30734961636421E-002,
                2.14588087473855E-003,
                -3.19068292910091E-001,
                -2.29154181272236E-001,
                -1.61528797414901E-001,
                -2.51530387886999E-001,
                -3.19068293901490E-001,
                -2.29154181747329E-001,
                -1.61528798004549E-001,
                -2.51530387110675E-001,
                1.82293803749126E+000,
                -4.19115148723259E-011,
                2.86902305217440E-001,
                3.11392591608057E-001,
                -2.43691889271032E-003,
                -3.01918619521626E-001,
                -2.86902305347096E-001,
                -3.11392591785053E-001,
                2.43691873472565E-003,
                3.01918619383199E-001,
                -1.18970514545592E-001,
                -2.70780519621307E-001,
                -1.48822595062155E-002,
                3.09290303289649E-001,
                1.18970514333998E-001,
                2.70780519676897E-001,
                1.48822594485170E-002,
                -3.09290303504563E-001,
                -1.76127775521293E-001,
                5.12556740337841E-002,
                -2.48175020732923E-002,
                -7.01213254644618E-002,
                1.76127774130606E-001,
                -5.12556742558007E-002,
                2.48175007252812E-002,
                7.01213242285446E-002,
                -6.41330381205188E-010,
                -4.77362373095393E-011,
                2.15530537323612E-002,
                -2.38109116864504E-001,
                -4.98627450682327E-001,
                -2.55807922754815E-001,
                -2.15530538011654E-002,
                2.38109116652661E-001,
                4.98627450630937E-001,
                2.55807922633950E-001,
                1.72242465393982E-002,
                1.53264517648914E-001,
                5.34951850139152E-001,
                1.88634959037361E-001,
                -1.72242466868164E-002,
                -1.53264517729098E-001,
                -5.34951850171711E-001,
                -1.88634959244271E-001,
                2.51176044729153E-003,
                3.76197684182944E-002,
                -1.99995833311567E-001,
                5.05416106818609E-002,
                -2.51176162126139E-003,
                -3.76197697158075E-002,
                1.99995832508693E-001,
                -5.05416123101038E-002,
                -3.05962855327486E-010
            ],
        "d_CFy" : [
                1.83896151702052E-017,
                -2.60115271539822E-001,
                -1.12171600242911E-001,
                -7.17711324139449E-005,
                1.12358856669133E-001,
                2.60115271539753E-001,
                1.12171600242624E-001,
                7.17711371847543E-005,
                -1.12358856670027E-001,
                -1.40554647705820E-001,
                -1.68050585324883E-001,
                -1.49956921583490E-004,
                1.66131381919613E-001,
                1.40554648002765E-001,
                1.68050585208527E-001,
                1.49956921963057E-004,
                -1.66131381772472E-001,
                5.31036625875070E-001,
                4.07034619008718E-001,
                1.02904962753805E-003,
                -3.85883338320783E-001,
                -5.31036625544959E-001,
                -4.07034618199278E-001,
                -1.02904946447263E-003,
                3.85883337971475E-001,
                -5.44694072144216E-011,
                2.00530884308749E-001,
                2.85111767383363E-001,
                4.98837273320681E-002,
                1.09611310415857E-001,
                5.01250843540104E-002,
                2.85111767386820E-001,
                4.98837273300319E-002,
                1.09611310410942E-001,
                5.01250843473549E-002,
                -6.50183623858305E-001,
                -3.20037438024424E-001,
                -1.34587614463759E-001,
                -3.18023721006370E-001,
                -6.50183623424159E-001,
                -3.20037437817401E-001,
                -1.34587614466079E-001,
                -3.18023721046902E-001,
                6.54199855833828E-001,
                2.55938642173838E-001,
                -2.22300881296519E-001,
                2.63419306756309E-001,
                6.54199855852253E-001,
                2.55938642493169E-001,
                -2.22300880971410E-001,
                2.63419307070896E-001,
                -2.46843371580121E-001,
                -1.55571594247327E-004,
                -1.54529221765003E-004,
                1.56652525673604E-002,
                -1.66854264032932E-005,
                -1.56683774646015E-002,
                -1.54529217892227E-004,
                1.56652525644463E-002,
                -1.66854311829280E-005,
                -1.56683774722199E-002,
                8.43434865077345E-003,
                2.07416205808429E-001,
                1.52947723486085E-004,
                -2.03633114220047E-001,
                8.43434903320395E-003,
                2.07416206031787E-001,
                1.52947720530146E-004,
                -2.03633114256169E-001,
                -1.43509118041267E-003,
                -4.72746883493077E-001,
                6.57034899823067E-003,
                4.60506097082872E-001,
                -1.43509097791281E-003,
                -4.72746883231748E-001,
                6.57034926604457E-003,
                4.60506097179697E-001,
                -1.00254698123289E-002
            ],