{
    "info" : {
        "generated_by" : "MachLine (c) 2023 USU Aerolab",
        "executed" : "Fri Jul 12 13:56:09 2024"
    },
    "mesh_info" : {
        "N_body_panels" : 48,
        "N_body_vertices" : 26,
        "N_wake_panels" : 0,
        "N_wake_filaments" : 0,
        "average_characteristic_length" : 4.76931360312427E-001,
        "max_flow_turning_angle" : 9.00000000000000E+001
    },
    "solver_results" : {
        "solver_status_code" : 0,
        "system_dimension" : 26,
        "timing" : {
            "system_sorting" : 3.30000000000000E-006,
            "preconditioner" : 6.70000000000000E-006,
            "matrix_solver" : 1.50000000000000E-005
        },
        "iterations" : 6,
        "residual" : {
            "max" : 1.77635683940025E-015,
            "norm" : 4.41887369530613E-015
        }
    },
    "pressure_calculations" : {
        "incompressible_rule" : {
            "max" : 6.40373404278051E-001,
            "min" : -6.61541755815453E-001
        }
    },
    "total_forces" : {
        "Cx" : -7.58575147141727E-012,
        "Cy" : -1.20736753927986E-015,
        "Cz" : -2.46330733588707E-016
    },
    "total_moments" : {
        "CMx" : 1.61329283265843E-016,
        "CMy" : 1.14491749414469E-016,
        "CMz" : -1.34614541735800E-015
    },
    "CF_sensitivities" : {
        "d_CFx" : [
                5.59204228423607E-001,
                -2.29996627054889E-002,
                -9.59560322290297E-002,
                -1.69667802657401E-001,
                -9.59560322290337E-002,
                -2.29996627055089E-002,
                -9.59560322290476E-002,
                -1.69667802657393E-001,
                -9.59560322290242E-002,
                5.28988390699867E-002,
                5.20785765384530E-002,
                5.28988390727945E-002,
                5.20785765384146E-002,
                5.28988390699703E-002,
                5.20785765384928E-002,
                5.28988390728091E-002,
                5.20785765384446E-002,
                -1.69667802657456E-001,
                -9.59560322296886E-002,
                -2.29996627077461E-002,
                -9.59560322298769E-002,
                -1.69667802657512E-001,
                -9.59560322298242E-002,
                -2.29996627076274E-002,
                -9.59560322298924E-002,
                5.59204228429490E-001,
                1.64964537591596E-014,
                1.35019122657281E-001,
                2.64557755487930E-001,
                -4.69502210206124E-015,
                -2.64557755487965E-001,
                -1.35019122657312E-001,
                -2.64557755487957E-001,
                -1.89401988973419E-014,
                2.64557755487937E-001,
                2.38990894489852E-001,
                -6.86365468715651E-002,
                -6.75446115525471E-015,
                6.86365468715288E-002,
                -2.38990894489893E-001,
                6.86365468715450E-002,
                -5.50651507962659E-015,
                -6.86365468715769E-002,
                -4.76644448121243E-001,
                -1.66436198641197E-001,
                -2.01742647858852E-013,
                1.66436198641019E-001,
                4.76644448121066E-001,
                1.66436198641102E-001,
                -5.82518763814684E-014,
                -1.66436198641317E-001,
                -3.51324165109283E-014,
                1.01311825197793E-014,
                -9.77466838634365E-015,
                -1.66436198637715E-001,
                -4.76644448116831E-001,
                -1.66436198637699E-001,
                -1.29621758328777E-014,
                1.66436198637681E-001,
                4.76644448116825E-001,
                1.66436198637672E-001,
                2.19320745452387E-015,
                -6.86365468749074E-002,
                2.38990894484869E-001,
                -6.86365468749151E-002,
                -4.18101813021232E-014,
                6.86365468748844E-002,
                -2.38990894484891E-001,
                6.86365468748549E-002,
                -9.47744424666073E-014,
                2.64557755490943E-001,
                1.35019122662623E-001,
                2.64557755490836E-001,
                -1.08266884974815E-013,
                -2.64557755491199E-001,
                -1.35019122662781E-001,
                -2.64557755491052E-001,
                -1.11546758609312E-014
            ],
        "d_CFy" : [
                -3.34329796076311E-017,
                -2.61204270075435E-001,
                -1.10573507328322E-001,
                1.01910993912700E-015,
                1.10573507328328E-001,
                2.61204270075435E-001,
                1.10573507328322E-001,
                3.73359125194638E-016,
                -1.10573507328328E-001,
                1.06164387915165E-001,
                -3.13031905852902E-002,
                5.90400699259794E-015,
                3.13031905852699E-002,
                -1.06164387915106E-001,
                3.13031905852653E-002,
                -5.44802343419429E-015,
                -3.13031905852540E-002,
                1.13171357776066E-001,
                1.53671983712058E-001,
                -8.51513334847676E-014,
                -1.53671983712090E-001,
                -1.13171357775978E-001,
                -1.53671983711904E-001,
                1.17648249197777E-013,
                1.53671983712128E-001,
                -1.91435543401001E-014,
                1.84404352188350E-001,
                2.97050817942793E-001,
                5.00577873446958E-002,
                1.03862744220844E-001,
                5.00577873447201E-002,
                2.97050817942815E-001,
                5.00577873447108E-002,
                1.03862744220844E-001,
                5.00577873447037E-002,
                -4.58335329099841E-001,
                -2.96546035465287E-001,
                -1.35606911672442E-001,
                -2.96546035465271E-001,
                -4.58335329099774E-001,
                -2.96546035465248E-001,
                -1.35606911672443E-001,
                -2.96546035465283E-001,
                -6.53683610942724E-002,
                2.00046925457463E-001,
                1.66793217476257E-001,
                2.00046925457530E-001,
                -6.53683610942607E-002,
                2.00046925457541E-001,
                1.66793217476336E-001,
                2.00046925457588E-001,
                1.84568582916847E-001,
                6.32523547428044E-016,
                -1.08099293405495E-014,
                9.45281417775129E-003,
                1.11970891697215E-015,
                -9.45281417773750E-003,
                1.06804213910461E-014,
                9.45281417776625E-003,
                4.86273440982359E-017,
                -9.45281417775268E-003,
                -1.41310574353071E-014,
                1.61330855529867E-001,
                1.06101650827861E-014,
                -1.61330855529899E-001,
                3.94223499330937E-014,
                1.61330855529917E-001,
                8.65220439446034E-015,
                -1.61330855529918E-001,
                3.68602717792932E-014,
                1.03989893797446E-002,
                -4.73324884933526E-014,
                -1.03989893797818E-002,
                1.11120016183311E-014,
                1.03989893798028E-002,
                2.42268391550795E-014,
                -1.03989893797406E-002,
                -1.11913950329168E-013
            ],