{
    "info" : {
        "generated_by" : "MachLine (c) 2023 USU Aerolab",
        "executed" : "Fri Jul 12 13:56:19 2024"
    },
    "mesh_info" : {
        "N_body_panels" : 48,
        "N_body_vertices" : 26,
        "N_wake_panels" : 0,
        "N_wake_filaments" : 0,
        "average_characteristic_length" : 4.76931360312427E-001,
        "max_flow_turning_angle" : 9.00000000000000E+001
    },
    "solver_results" : {
        "solver_status_code" : 0,
        "system_dimension" : 26,
        "timing" : {
            "system_sorting" : 1.10000000000000E-005,
            "preconditioner" : 7.20000000000000E-006,
            "matrix_solver" : 1.51000000000000E-005
        },
        "iterations" : 6,
        "residual" : {
            "max" : 6.66133814775094E-016,
            "norm" : 1.61676227961038E-015
        }
    },
    "pressure_calculations" : {
        "incompressible_rule" : {
            "max" : 6.27259547864120E-001,
            "min" : -7.01584000908143E-001
        }
    },
    "total_forces" : {
        "Cx" : -8.20143952751096E-012,
        "Cy" : 4.51028103753970E-016,
        "Cz" : 2.10248485288389E-015
    },
    "total_moments" : {
        "CMx" : 1.59594559789866E-016,
        "CMy" : -1.85962356624714E-015,
        "CMz" : 5.96744875736022E-016
    },
    "CF_sensitivities" : {
        "d_CFx" : [
                5.24219576225124E-001,
                -2.55857670280971E-002,
                -1.02576048436153E-001,
                -1.79321827820218E-001,
                -1.02576048436158E-001,
                -2.55857670281012E-002,
                -1.02576048436154E-001,
                -1.79321827820226E-001,
                -1.02576048436154E-001,
                7.40060954414024E-002,
                7.39438081652666E-002,
                7.40060954444828E-002,
                7.39438081652608E-002,
                7.40060954414055E-002,
                7.39438081652695E-002,
                7.40060954444834E-002,
                7.39438081652672E-002,
                -1.79321827819837E-001,
                -1.02576048437033E-001,
                -2.55857670303117E-002,
                -1.02576048437050E-001,
                -1.79321827819878E-001,
                -1.02576048437061E-001,
                -2.55857670303123E-002,
                -1.02576048437022E-001,
                5.24219576232859E-001,
                1.55287753387248E-014,
                1.01083164421399E-001,
                2.57181500551375E-001,
                7.36857217513389E-015,
                -2.57181500551371E-001,
                -1.01083164421402E-001,
                -2.57181500551373E-001,
                3.20298037608649E-015,
                2.57181500551372E-001,
                2.62475727540411E-001,
                -7.68706831665892E-002,
                -5.69192349287517E-015,
                7.68706831665699E-002,
                -2.62475727540430E-001,
                7.68706831665723E-002,
                -9.04480743852310E-015,
                -7.68706831665911E-002,
                -4.72272560981242E-001,
                -1.48469379139272E-001,
                -2.58694231537249E-014,
                1.48469379139225E-001,
                4.72272560981209E-001,
                1.48469379139233E-001,
                -1.27010950415515E-014,
                -1.48469379139266E-001,
                -3.41678018749063E-015,
                1.42949968730887E-014,
                -1.57292648120346E-015,
                -1.48469379135661E-001,
                -4.72272560977204E-001,
                -1.48469379135653E-001,
                -2.78327644178837E-015,
                1.48469379135659E-001,
                4.72272560977215E-001,
                1.48469379135652E-001,
                -7.35802807244279E-015,
                -7.68706831694859E-002,
                2.62475727536173E-001,
                -7.68706831694862E-002,
                -1.43676155611707E-014,
                7.68706831694671E-002,
                -2.62475727536188E-001,
                7.68706831694659E-002,
                -1.21470788416531E-014,
                2.57181500554401E-001,
                1.01083164426862E-001,
                2.57181500554376E-001,
                -1.74745854815797E-014,
                -2.57181500554442E-001,
                -1.01083164426901E-001,
                -2.57181500554433E-001,
                1.63983809991010E-014
            ],
        "d_CFy" : [
                -1.14121127909308E-016,
                -2.53822065688220E-001,
                -9.31264898983776E-002,
                1.45170710160155E-016,
                9.31264898983771E-002,
                2.53822065688222E-001,
                9.31264898983774E-002,
                -2.96026800445082E-017,
                -9.31264898983760E-002,
                1.15059260672124E-001,
                -3.23110125188839E-002,
                2.00069747189846E-016,
                3.23110125188824E-002,
                -1.15059260672112E-001,
                3.23110125188811E-002,
                3.77011541739480E-016,
                -3.23110125188789E-002,
                7.97856610289380E-002,
                1.45204900722679E-001,
                -8.55469125525419E-015,
                -1.45204900722682E-001,
                -7.97856610289371E-002,
                -1.45204900722654E-001,
                2.54320110860834E-014,
                1.45204900722682E-001,
                -2.91331716037524E-015,
                1.46409229417936E-001,
                3.11506233654649E-001,
                4.51186060040003E-002,
                9.97459640830562E-002,
                4.51186060040154E-002,
                3.11506233654674E-001,
                4.51186060040161E-002,
                9.97459640830563E-002,
                4.51186060039988E-002,
                -4.34854049941558E-001,
                -2.88445517033330E-001,
                -1.34899706655341E-001,
                -2.88445517033315E-001,
                -4.34854049941561E-001,
                -2.88445517033316E-001,
                -1.34899706655342E-001,
                -2.88445517033325E-001,
                -7.91338687129741E-002,
                2.07431783941590E-001,
                1.63673425199158E-001,
                2.07431783941583E-001,
                -7.91338687129842E-002,
                2.07431783941589E-001,
                1.63673425199169E-001,
                2.07431783941607E-001,
                1.45095283678907E-001,
                -6.59628601740181E-016,
                -1.17731345505856E-014,
                8.33603814725681E-003,
                8.43153942618009E-017,
                -8.33603814725820E-003,
                1.14165404560551E-014,
                8.33603814727507E-003,
                6.31361011962283E-017,
                -8.33603814727535E-003,
                5.20417042793042E-016,
                1.52773730539880E-001,
                -3.51089525397598E-016,
                -1.52773730539882E-001,
                -1.34278439062330E-015,
                1.52773730539895E-001,
                -1.62822996069194E-015,
                -1.52773730539892E-001,
                1.16294235526226E-014,
                3.48397789214144E-003,
                -2.63760766617197E-015,
                -3.48397789215421E-003,
                -3.09357862270836E-015,
                3.48397789213717E-003,
                4.87453358844406E-015,
                -3.48397789213489E-003,
                -1.85788884277116E-014
            ],