{
    "info" : {
        "generated_by" : "MachLine (c) 2023 USU Aerolab",
        "executed" : "Fri Jul 12 13:55:37 2024"
    },
    "mesh_info" : {
        "N_body_panels" : 48,
        "N_body_vertices" : 26,
        "N_wake_panels" : 0,
        "N_wake_filaments" : 0,
        "average_characteristic_length" : 4.76931360312427E-001,
        "max_flow_turning_angle" : 9.00000000000000E+001
    },
    "solver_results" : {
        "solver_status_code" : 0,
        "system_dimension" : 26,
        "timing" : {
            "system_sorting" : 2.70000000000000E-006,
            "preconditioner" : 6.20000000000000E-006,
            "matrix_solver" : 1.41000000000000E-005
        },
        "iterations" : 6,
        "residual" : {
            "max" : 1.11022302462516E-015,
            "norm" : 2.87609165270955E-015
        }
    },
    "pressure_calculations" : {
        "incompressible_rule" : {
            "max" : 6.44540425500806E-001,
            "min" : -6.48326885786609E-001
        }
    },
    "total_forces" : {
        "Cx" : 3.81896181345098E-011,
        "Cy" : -1.39471767468535E-015,
        "Cz" : 5.89805981832114E-017
    },
    "total_moments" : {
        "CMx" : 2.08166817117217E-017,
        "CMy" : 5.89805981832114E-017,
        "CMz" : -1.56819002228303E-015
    },
    "CF_sensitivities" : {
        "d_CFx" : [
                8.83535691031752E-001,
                -2.78157110126536E-002,
                -9.52439353586134E-002,
                -1.61284715245589E-001,
                -9.88002470538605E-002,
                -2.78157110196968E-002,
                -9.52439353616708E-002,
                -1.61284715233763E-001,
                -9.88002470404400E-002,
                3.93011723318768E-002,
                2.89610509449219E-002,
                1.61518757857630E-002,
                2.47860962638011E-002,
                3.93011723223164E-002,
                2.89610509566267E-002,
                1.61518757858836E-002,
                2.47860962747599E-002,
                -2.44086316408030E-001,
                -1.80340776061804E-001,
                -1.19579133050454E-001,
                -1.77290908192796E-001,
                -2.44086316517960E-001,
                -1.80340776102192E-001,
                -1.19579133047661E-001,
                -1.77290908086515E-001,
                2.63050395924494E+000,
                -8.02972709350109E-012,
                1.43406797653254E-001,
                2.89837892543531E-001,
                -2.41323114455103E-003,
                -2.87677615525866E-001,
                -1.43406797659214E-001,
                -2.89837892550379E-001,
                2.41323113173370E-003,
                2.87677615522971E-001,
                1.19908124822342E-001,
                -1.26962739760576E-001,
                9.11301775666599E-003,
                1.37931302827096E-001,
                -1.19908124838308E-001,
                1.26962739761625E-001,
                -9.11301775611519E-003,
                -1.37931302843873E-001,
                -3.71718891906223E-001,
                -1.28930487281333E-001,
                -5.09019007088226E-003,
                1.45901046891934E-001,
                3.71718891798384E-001,
                1.28930487243347E-001,
                5.09018998857224E-003,
                -1.45901047021777E-001,
                -2.45167101589185E-011,
                -5.31037680236952E-012,
                2.24683141701680E-003,
                -1.61551955785043E-001,
                -4.70264005656031E-001,
                -1.49728443432680E-001,
                -2.24683141921652E-003,
                1.61551955774795E-001,
                4.70264005652102E-001,
                1.49728443425579E-001,
                -1.24840927404137E-002,
                -1.46678682621446E-002,
                3.31956623452266E-001,
                -4.38404769227602E-003,
                1.24840927273611E-002,
                1.46678682553207E-002,
                -3.31956623458497E-001,
                4.38404767404994E-003,
                8.36782399881104E-004,
                1.81232396838192E-001,
                8.16009537104582E-002,
                1.74999106703604E-001,
                -8.36782487787047E-004,
                -1.81232396934140E-001,
                -8.16009537943315E-002,
                -1.74999106819042E-001,
                -3.14184448138940E-011
            ],
        "d_CFy" : [
                8.10562446892445E-017,
                -2.65289907097884E-001,
                -1.16066142903036E-001,
                -1.28146455288393E-004,
                1.15887521543232E-001,
                2.65289907098284E-001,
                1.16066142903438E-001,
                1.28146455551798E-004,
                -1.15887521543390E-001,
                1.12847805807225E-002,
                -8.19768747085515E-002,
                1.69177053679049E-004,
                8.42426310931154E-002,
                -1.12847805605210E-002,
                8.19768747011784E-002,
                -1.69177053720602E-004,
                -8.42426310849789E-002,
                1.50563122798329E-001,
                1.16241316949974E-001,
                9.94328939018910E-003,
                -1.02289863832813E-001,
                -1.50563122763786E-001,
                -1.16241316930087E-001,
                -9.94328937373563E-003,
                1.02289863792696E-001,
                -8.97864930891351E-012,
                1.97151691761437E-001,
                2.90526624346687E-001,
                5.06489432442363E-002,
                1.06760170544572E-001,
                5.04258438975362E-002,
                2.90526624347047E-001,
                5.06489432439004E-002,
                1.06760170544201E-001,
                5.04258438969392E-002,
                -4.53809905377235E-001,
                -3.09486960547962E-001,
                -1.35130879519914E-001,
                -3.01448256055418E-001,
                -4.53809905348733E-001,
                -3.09486960538045E-001,
                -1.35130879519948E-001,
                -3.01448256059553E-001,
                2.21874551940643E-001,
                2.48133507955810E-001,
                8.61091759903856E-003,
                2.51095354959318E-001,
                2.21874551974528E-001,
                2.48133507983457E-001,
                8.61091762269657E-003,
                2.51095354953890E-001,
                -1.42878085084626E-002,
                -9.04030301131498E-005,
                -1.64276641618736E-004,
                1.02895817938239E-002,
                -1.45573431774037E-004,
                -1.02330402005651E-002,
                -1.64276641253247E-004,
                1.02895817937329E-002,
                -1.45573432072904E-004,
                -1.02330402010583E-002,
                -1.02898045256521E-002,
                1.45990242722099E-001,
                -9.44824424114436E-005,
                -1.52489265877713E-001,
                -1.02898045025328E-002,
                1.45990242738959E-001,
                -9.44824425660017E-005,
                -1.52489265885665E-001,
                -5.15660622253244E-003,
                -9.83940587864803E-002,
                2.07869146175227E-003,
                1.02117840135640E-001,
                -5.15660621389341E-003,
                -9.83940587653920E-002,
                2.07869147673249E-003,
                1.02117840144548E-001,
                -5.42890676103948E-003
            ],