{
    "info" : {
        "generated_by" : "MachLine (c) 2023 USU Aerolab",
        "executed" : "Fri Jul 12 13:55:43 2024"
    },
    "mesh_info" : {
        "N_body_panels" : 48,
        "N_body_vertices" : 26,
        "N_wake_panels" : 0,
        "N_wake_filaments" : 0,
        "average_characteristic_length" : 4.76931360312427E-001,
        "max_flow_turning_angle" : 9.00000000000000E+001
    },
    "solver_results" : {
        "solver_status_code" : 0,
        "system_dimension" : 26,
        "timing" : {
            "system_sorting" : 1.90000000000000E-006,
            "preconditioner" : 5.40000000000000E-006,
            "matrix_solver" : 1.32000000000000E-005
        },
        "iterations" : 6,
        "residual" : {
            "max" : 6.66133814775094E-016,
            "norm" : 1.75263135438419E-015
        }
    },
    "pressure_calculations" : {
        "incompressible_rule" : {
            "max" : 6.44507552623047E-001,
            "min" : -6.48431486601007E-001
        }
    },
    "total_forces" : {
        "Cx" : 9.11892783506119E-012,
        "Cy" : -2.28983498828939E-016,
        "Cz" : 5.89805981832114E-017
    },
    "total_moments" : {
        "CMx" : -2.08166817117217E-016,
        "CMy" : -9.71445146547012E-017,
        "CMz" : -2.15105711021124E-016
    },
    "CF_sensitivities" : {
        "d_CFx" : [
                5.70362508462103E-001,
                -1.81194209075582E-002,
                -9.04758216910265E-002,
                -1.63008861582368E-001,
                -9.04011756598249E-002,
                -1.81194209096736E-002,
                -9.04758216888355E-002,
                -1.63008861578950E-001,
                -9.04011756627953E-002,
                4.70188099240350E-002,
                4.74758004786413E-002,
                4.54557435844436E-002,
                4.74757986990624E-002,
                4.70188099201838E-002,
                4.74758004795408E-002,
                4.54557435877601E-002,
                4.74757987027099E-002,
                -1.53430360312300E-001,
                -7.98937106057227E-002,
                -8.29603695643100E-003,
                -7.99683663676112E-002,
                -1.53430360303143E-001,
                -7.98937106820164E-002,
                -8.29603695897074E-003,
                -7.99683663588698E-002,
                5.55784385607470E-001,
                -3.05923966527037E-014,
                1.43858479306063E-001,
                2.63953090110922E-001,
                -1.90224410882509E-004,
                -2.63877859357351E-001,
                -1.43858479308661E-001,
                -2.63953090115025E-001,
                1.90224404532971E-004,
                2.63877859354236E-001,
                2.34011184832495E-001,
                -6.70302458964529E-002,
                4.11654323234873E-005,
                6.70492658254900E-002,
                -2.34011184837312E-001,
                6.70302458968154E-002,
                -4.11654322794004E-005,
                -6.70492658316004E-002,
                -4.70694258469476E-001,
                -1.67077848953299E-001,
                -2.31448961590073E-004,
                1.67094730761188E-001,
                4.70694258435997E-001,
                1.67077848938156E-001,
                2.31448925226161E-004,
                -1.67094730814139E-001,
                1.81733535459996E-012,
                -1.76513461226829E-012,
                2.38203031900737E-004,
                -1.70475625217414E-001,
                -4.75891627023158E-001,
                -1.70475384500595E-001,
                -2.38203032943059E-004,
                1.70475625211156E-001,
                4.75891627019407E-001,
                1.70475384496303E-001,
                1.80116678025795E-004,
                -6.66688490513848E-002,
                2.32578891283526E-001,
                -6.66685782630988E-002,
                -1.80116682529695E-004,
                6.66688490495177E-002,
                -2.32578891284883E-001,
                6.66685782593260E-002,
                3.75672349891463E-004,
                2.62963487931171E-001,
                1.38793342966966E-001,
                2.63078868704912E-001,
                -3.75672379535491E-004,
                -2.62963487974579E-001,
                -1.38793342988091E-001,
                -2.63078868760173E-001,
                1.03252207615775E-012
            ],
        "d_CFy" : [
                -8.86629997787615E-017,
                -2.63878021350816E-001,
                -1.16185230646999E-001,
                7.77169868699868E-014,
                1.16185230662376E-001,
                2.63878021350847E-001,
                1.16185230647210E-001,
                2.80340728371420E-014,
                -1.16185230662423E-001,
                1.05661462883587E-001,
                -2.45357919947715E-002,
                -2.08616035601863E-014,
                2.45357919997916E-002,
                -1.05661462875812E-001,
                2.45357919916948E-002,
                4.12935385840627E-014,
                -2.45357919972911E-002,
                1.21492386398290E-001,
                1.60723210230513E-001,
                -1.58669925183531E-011,
                -1.60724159689767E-001,
                -1.21492386393993E-001,
                -1.60723210213319E-001,
                1.95767561121617E-011,
                1.60724159685803E-001,
                -3.21916887814834E-012,
                1.93587341653838E-001,
                2.92820527116003E-001,
                5.21351359589883E-002,
                1.04711220305350E-001,
                5.21379467797092E-002,
                2.92820527116170E-001,
                5.21351359589732E-002,
                1.04711220305181E-001,
                5.21379467794809E-002,
                -4.58668456329356E-001,
                -3.00891454891891E-001,
                -1.35670459594120E-001,
                -3.00953674194804E-001,
                -4.58668456317289E-001,
                -3.00891454886878E-001,
                -1.35670459594199E-001,
                -3.00953674195497E-001,
                -5.72845256240810E-002,
                1.99627918820255E-001,
                1.73457254633760E-001,
                1.99627918833072E-001,
                -5.72845256137307E-002,
                1.99627918830368E-001,
                1.73457254644805E-001,
                1.99627918831954E-001,
                2.29723051491117E-001,
                5.42442041665230E-006,
                -1.44955563754555E-005,
                9.08507275824214E-003,
                1.93422042183624E-006,
                -9.08390769867876E-003,
                -1.44955562721738E-005,
                9.08507275821771E-003,
                1.93422029147918E-006,
                -9.08390769885095E-003,
                7.97946648921292E-004,
                1.63763375756176E-001,
                -2.03709017476516E-013,
                -1.63762495945908E-001,
                7.97946659438704E-004,
                1.63763375763255E-001,
                -2.70675403158006E-013,
                -1.63762495945796E-001,
                6.11266002503762E-005,
                7.99215490554528E-003,
                -1.01003309205059E-011,
                -7.99120543452539E-003,
                6.11266020225304E-005,
                7.99215491426222E-003,
                4.24437544303191E-012,
                -7.99120543060905E-003,
                3.83606309155488E-004
            ],