{
    "info" : {
        "generated_by" : "MachLine (c) 2023 USU Aerolab",
        "executed" : "Fri Jul 12 13:54:20 2024"
    },
    "mesh_info" : {
        "N_body_panels" : 48,
        "N_body_vertices" : 26,
        "N_wake_panels" : 0,
        "N_wake_filaments" : 0,
        "average_characteristic_length" : 4.76931360312427E-001,
        "max_flow_turning_angle" : 9.00000000000000E+001
    },
    "solver_results" : {
        "solver_status_code" : 0,
        "system_dimension" : 26,
        "timing" : {
            "system_sorting" : 1.12000000000000E-005,
            "preconditioner" : 5.00000000000000E-006,
            "matrix_solver" : 1.31000000000000E-005
        },
        "iterations" : 6,
        "residual" : {
            "max" : 1.22124532708767E-013,
            "norm" : 2.74064393954482E-013
        }
    },
    "pressure_calculations" : {
        "incompressible_rule" : {
            "max" : 6.44559409571259E-001,
            "min" : -6.48274731235912E-001
        }
    },
    "total_forces" : {
        "Cx" : 6.94439919279310E-005,
        "Cy" : 8.67361737988404E-016,
        "Cz" : 2.49800180540660E-016
    },
    "total_moments" : {
        "CMx" : -1.77943269494274E-010,
        "CMy" : -2.70616862252382E-016,
        "CMz" : 9.78384040450919E-016
    },
    "CF_sensitivities" : {
        "d_CFx" : [
                8.42887554345605E-001,
                -4.28051854300235E-002,
                -1.07882998493102E-001,
                -1.52911132722363E-001,
                -8.69242758934060E-002,
                -4.28186198671038E-002,
                -1.07889034482430E-001,
                -1.52909190184103E-001,
                -8.69498327189706E-002,
                1.66679932916034E-002,
                -1.89863463957063E-003,
                -1.57782782644653E-002,
                1.25530925019190E-003,
                1.66587381565730E-002,
                -1.87575576843924E-003,
                -1.57597047355769E-002,
                1.25418854808257E-003,
                -3.41649182379009E-001,
                -2.53919695873911E-001,
                -1.91159702779894E-001,
                -2.78255473498406E-001,
                -3.41677480186779E-001,
                -2.54238902696643E-001,
                -1.91344864587794E-001,
                -2.78298617544364E-001,
                2.06709622810928E+000,
                -4.19830718436352E-006,
                2.79182445656388E-001,
                3.27546125872198E-001,
                -6.48789476649805E-004,
                -3.13528629782677E-001,
                -2.79205887472115E-001,
                -3.27574558607501E-001,
                6.15429503903630E-004,
                3.13502002996884E-001,
                -1.31243028934859E-001,
                -2.96718405117682E-001,
                -1.44545116330810E-002,
                3.17852544901666E-001,
                1.31219343179170E-001,
                2.96717815896855E-001,
                1.44699037772039E-002,
                -3.17891073064962E-001,
                -1.70174373834483E-001,
                4.97869337342571E-002,
                -2.29560180290000E-002,
                -6.54516421645793E-002,
                1.69942564450773E-001,
                -4.99935175630721E-002,
                2.27295238819428E-002,
                6.51618479737670E-002,
                -9.17545703787372E-005,
                -7.66698612476219E-006,
                1.96997437447103E-002,
                -2.43015072487492E-001,
                -5.29607984654979E-001,
                -2.56029347658745E-001,
                -1.97101457308177E-002,
                2.42990194886720E-001,
                5.29588431522645E-001,
                2.56001718320125E-001,
                1.67063332862500E-002,
                1.74213324540188E-001,
                5.63878299639577E-001,
                1.92348430692663E-001,
                -1.67336121250434E-002,
                -1.74219524950764E-001,
                -5.63883281866070E-001,
                -1.92381028736080E-001,
                5.70184020239350E-004,
                3.45227050810876E-002,
                -1.90637642266750E-001,
                5.05429650907039E-002,
                -7.58071073571843E-004,
                -3.47999118163501E-002,
                1.90338074898171E-001,
                -5.07859706540586E-002,
                -1.17127305666713E-005
            ],
        "d_CFy" : [
                -1.29803825206229E-016,
                -2.59506850175875E-001,
                -1.12158250449320E-001,
                -2.78148161683669E-005,
                1.12275538002708E-001,
                2.59505733437182E-001,
                1.12158856289810E-001,
                2.93426727462151E-005,
                -1.12276442179336E-001,
                -1.32124131488243E-001,
                -1.75658370795949E-001,
                -1.43847210789050E-004,
                1.74779396765316E-001,
                1.32167305495805E-001,
                1.75639690327558E-001,
                1.43973856310683E-004,
                -1.74764490245846E-001,
                5.26728021303195E-001,
                4.20503238762663E-001,
                1.26984549447266E-003,
                -4.07717795133335E-001,
                -5.26730192557364E-001,
                -4.20336579619141E-001,
                -1.22753953002970E-003,
                4.07669880380009E-001,
                -1.21509312357622E-005,
                2.00419305376128E-001,
                2.83903790525568E-001,
                5.02467845892992E-002,
                1.09962379558632E-001,
                5.03991326632777E-002,
                2.83903633481631E-001,
                5.02460121661829E-002,
                1.09961647727545E-001,
                5.03979767329782E-002,
                -6.27754840869237E-001,
                -3.37912800302803E-001,
                -1.34706343644275E-001,
                -3.37080050495269E-001,
                -6.27692125908086E-001,
                -3.37892825035626E-001,
                -1.34706760529241E-001,
                -3.37084993223547E-001,
                6.26803545074218E-001,
                2.77273615014421E-001,
                -2.30434165702059E-001,
                2.88169245149117E-001,
                6.26877699150209E-001,
                2.77345601410277E-001,
                -2.30376263920041E-001,
                2.88180896953603E-001,
                -2.38643586969326E-001,
                -5.17994983042938E-005,
                -1.69489461211102E-004,
                1.58488279757226E-002,
                6.69245859794951E-006,
                -1.59352538120840E-002,
                -1.68991201648979E-004,
                1.58483371845723E-002,
                5.98626498520083E-006,
                -1.59366998403538E-002,
                7.57162790822282E-003,
                2.15980798260548E-001,
                1.42226233765654E-004,
                -2.14542385928015E-001,
                7.62703188787707E-003,
                2.16012363434749E-001,
                1.41763561188236E-004,
                -2.14544000042240E-001,
                -1.48149563981906E-003,
                -4.89972833389103E-001,
                2.39375180261158E-003,
                4.81996500453482E-001,
                -1.46906937356052E-003,
                -4.89907384246139E-001,
                2.45718445216298E-003,
                4.82022396415668E-001,
                -3.93725192931923E-003
            ],