{
    "info" : {
        "generated_by" : "MachLine (c) 2023 USU Aerolab",
        "executed" : "Fri Jul 12 13:56:25 2024"
    },
    "mesh_info" : {
        "N_body_panels" : 48,
        "N_body_vertices" : 26,
        "N_wake_panels" : 0,
        "N_wake_filaments" : 0,
        "average_characteristic_length" : 4.76931360312427E-001,
        "max_flow_turning_angle" : 9.00000000000000E+001
    },
    "solver_results" : {
        "solver_status_code" : 0,
        "system_dimension" : 26,
        "timing" : {
            "system_sorting" : 2.00000000000000E-006,
            "preconditioner" : 5.70000000000000E-006,
            "matrix_solver" : 1.38000000000000E-005
        },
        "iterations" : 6,
        "residual" : {
            "max" : 6.66133814775094E-016,
            "norm" : 1.50393222144097E-015
        }
    },
    "pressure_calculations" : {
        "incompressible_rule" : {
            "max" : 6.07486043756883E-001,
            "min" : -7.56034247343100E-001
        }
    },
    "total_forces" : {
        "Cx" : -9.28258858667874E-012,
        "Cy" : -1.52655665885959E-016,
        "Cz" : 7.94503351997378E-016
    },
    "total_moments" : {
        "CMx" : -2.16840434497101E-017,
        "CMy" : -3.74700270810990E-016,
        "CMz" : -5.55111512312578E-017
    },
    "CF_sensitivities" : {
        "d_CFx" : [
                4.90827185090607E-001,
                -3.56342659359340E-002,
                -1.16948944685945E-001,
                -1.94570257854258E-001,
                -1.16948944685944E-001,
                -3.56342659359333E-002,
                -1.16948944685943E-001,
                -1.94570257854258E-001,
                -1.16948944685946E-001,
                1.08457146073942E-001,
                1.10231674540566E-001,
                1.08457146076223E-001,
                1.10231674540567E-001,
                1.08457146073940E-001,
                1.10231674540568E-001,
                1.08457146076223E-001,
                1.10231674540567E-001,
                -1.94570257853500E-001,
                -1.16948944686716E-001,
                -3.56342659383315E-002,
                -1.16948944686734E-001,
                -1.94570257853518E-001,
                -1.16948944686743E-001,
                -3.56342659383302E-002,
                -1.16948944686737E-001,
                4.90827185101634E-001,
                2.04138114159270E-014,
                4.05265010622690E-002,
                2.40345983496423E-001,
                9.07833160514275E-015,
                -2.40345983496417E-001,
                -4.05265010622725E-002,
                -2.40345983496415E-001,
                7.60108396025537E-015,
                2.40345983496424E-001,
                2.97189710244884E-001,
                -9.04034822253717E-002,
                -1.00334233392087E-014,
                9.04034822253513E-002,
                -2.97189710244904E-001,
                9.04034822253523E-002,
                -9.83099771444914E-015,
                -9.04034822253721E-002,
                -4.54169028318535E-001,
                -1.14427470898304E-001,
                -1.35559056770984E-014,
                1.14427470898296E-001,
                4.54169028318538E-001,
                1.14427470898301E-001,
                -4.28706222913023E-015,
                -1.14427470898309E-001,
                9.05277107425547E-015,
                1.93475377782023E-014,
                -1.70283981098730E-015,
                -1.14427470894638E-001,
                -4.54169028314788E-001,
                -1.14427470894637E-001,
                -1.07048518215116E-015,
                1.14427470894642E-001,
                4.54169028314803E-001,
                1.14427470894643E-001,
                -8.46288261110966E-015,
                -9.04034822275294E-002,
                2.97189710241823E-001,
                -9.04034822275288E-002,
                -1.22654491890329E-014,
                9.04034822275110E-002,
                -2.97189710241841E-001,
                9.04034822275084E-002,
                1.09201069046130E-015,
                2.40345983499404E-001,
                4.05265010680276E-002,
                2.40345983499396E-001,
                1.27183528075076E-015,
                -2.40345983499415E-001,
                -4.05265010680398E-002,
                -2.40345983499406E-001,
                1.71056516296272E-014
            ],
        "d_CFy" : [
                -5.66139484590136E-018,
                -2.44545392858862E-001,
                -6.62599268974332E-002,
                1.89036051460568E-016,
                6.62599268974345E-002,
                2.44545392858861E-001,
                6.62599268974341E-002,
                -5.46925969141733E-017,
                -6.62599268974340E-002,
                1.28456217127209E-001,
                -3.25444733638868E-002,
                7.21293540221805E-016,
                3.25444733638866E-002,
                -1.28456217127206E-001,
                3.25444733638876E-002,
                -2.43212712421300E-016,
                -3.25444733638864E-002,
                2.53502454739494E-002,
                1.34366464285035E-001,
                -4.65716505949179E-015,
                -1.34366464285032E-001,
                -2.53502454739445E-002,
                -1.34366464285025E-001,
                5.32790326823071E-015,
                1.34366464285034E-001,
                -3.99499714278993E-016,
                7.00558547493274E-002,
                3.33447467093549E-001,
                4.16322220954822E-002,
                8.97573834997921E-002,
                4.16322220955039E-002,
                3.33447467093577E-001,
                4.16322220955023E-002,
                8.97573834997920E-002,
                4.16322220954843E-002,
                -3.92775245036273E-001,
                -2.75601585369990E-001,
                -1.31863222056207E-001,
                -2.75601585369978E-001,
                -3.92775245036284E-001,
                -2.75601585369978E-001,
                -1.31863222056208E-001,
                -2.75601585369990E-001,
                -8.92335669694136E-002,
                2.20100053464811E-001,
                1.52044220157005E-001,
                2.20100053464796E-001,
                -8.92335669694357E-002,
                2.20100053464800E-001,
                1.52044220157009E-001,
                2.20100053464818E-001,
                6.26673111125018E-002,
                -2.12286785372662E-016,
                -1.36470695855095E-014,
                1.25967844912545E-003,
                -1.29136037866980E-016,
                -1.25967844912273E-003,
                1.36520569155030E-014,
                1.25967844914393E-003,
                2.70516001159090E-016,
                -1.25967844914146E-003,
                6.15132944581376E-015,
                1.40170263246660E-001,
                2.58161508214681E-015,
                -1.40170263246662E-001,
                -5.45657269368505E-015,
                1.40170263246673E-001,
                1.99805489443196E-015,
                -1.40170263246676E-001,
                1.21430643318376E-014,
                -1.62344586131380E-002,
                -3.67723020035389E-015,
                1.62344586131341E-002,
                -1.14381770656598E-014,
                -1.62344586131497E-002,
                4.81886886104106E-017,
                1.62344586131557E-002,
                -5.01682029252493E-015
            ],