{
    "info" : {
        "generated_by" : "MachLine (c) 2023 USU Aerolab",
        "executed" : "Fri Jul 12 13:54:33 2024"
    },
    "mesh_info" : {
        "N_body_panels" : 48,
        "N_body_vertices" : 26,
        "N_wake_panels" : 0,
        "N_wake_filaments" : 0,
        "average_characteristic_length" : 4.76931360312427E-001,
        "max_flow_turning_angle" : 9.00000000000000E+001
    },
    "solver_results" : {
        "solver_status_code" : 0,
        "system_dimension" : 26,
        "timing" : {
            "system_sorting" : 2.80000000000000E-006,
            "preconditioner" : 5.60000000000000E-006,
            "matrix_solver" : 1.40000000000000E-005
        },
        "iterations" : 6,
        "residual" : {
            "max" : 4.61852778244065E-014,
            "norm" : 6.80756765869024E-014
        }
    },
    "pressure_calculations" : {
        "incompressible_rule" : {
            "max" : 6.44562078977295E-001,
            "min" : -6.48258331859655E-001
        }
    },
    "total_forces" : {
        "Cx" : 9.17134990130464E-006,
        "Cy" : 5.13478148889135E-016,
        "Cz" : 3.22658566531686E-016
    },
    "total_moments" : {
        "CMx" : -1.00251404400176E-012,
        "CMy" : -4.82253126321552E-016,
        "CMz" : 5.34294830600857E-016
    },
    "CF_sensitivities" : {
        "d_CFx" : [
                8.42882799508860E-001,
                -4.27888709478682E-002,
                -1.07864192022171E-001,
                -1.52917939949409E-001,
                -8.68963393878079E-002,
                -4.27854283167861E-002,
                -1.07861904567982E-001,
                -1.52915406832720E-001,
                -8.68972736718130E-002,
                1.66415418748385E-002,
                -1.88724479598412E-003,
                -1.57825166013101E-002,
                1.28092002561186E-003,
                1.66408795265041E-002,
                -1.88366031136655E-003,
                -1.57820449647956E-002,
                1.28241433951293E-003,
                -3.41547862748002E-001,
                -2.54016717174141E-001,
                -1.91062307586354E-001,
                -2.78139168096740E-001,
                -3.41551786393148E-001,
                -2.54026388174379E-001,
                -1.91050505433875E-001,
                -2.78150728527866E-001,
                2.06701886667466E+000,
                3.81393745950584E-007,
                2.79184117906961E-001,
                3.27549570502567E-001,
                -6.33732394236183E-004,
                -3.13510417265446E-001,
                -2.79186126571587E-001,
                -3.27552199101858E-001,
                6.31695664471114E-004,
                3.13508083192511E-001,
                -1.31312394587744E-001,
                -2.96718121318542E-001,
                -1.44505737052722E-002,
                3.17861888872066E-001,
                1.31310541405730E-001,
                2.96718748378619E-001,
                1.44510964176868E-002,
                -3.17865442634988E-001,
                -1.70051849944622E-001,
                4.98570419326097E-002,
                -2.27799003327411E-002,
                -6.53060495512403E-002,
                1.70036695623982E-001,
                -4.98702796581894E-002,
                2.27612594613219E-002,
                6.52821829323424E-002,
                -1.26923014139738E-006,
                -1.46643192472795E-007,
                1.97064400982806E-002,
                -2.42988426741722E-001,
                -5.29611346724674E-001,
                -2.56021932401846E-001,
                -1.97079352179713E-002,
                2.42985744468679E-001,
                5.29608985631763E-001,
                2.56019875514492E-001,
                1.66951419426699E-002,
                1.74227169162645E-001,
                5.63938953429340E-001,
                1.92360007673538E-001,
                -1.66974031835696E-002,
                -1.74227444722613E-001,
                -5.63939093690502E-001,
                -1.92362464183442E-001,
                6.39831852347839E-004,
                3.46213571254142E-002,
                -1.90545717811609E-001,
                5.06975072570147E-002,
                -6.57317548459475E-004,
                -3.46400047708122E-002,
                1.90530572879083E-001,
                -5.07256936176658E-002,
                -1.46619917501964E-006
            ],
        "d_CFy" : [
                8.07818986086219E-017,
                -2.59507340100212E-001,
                -1.12165294424974E-001,
                -2.84384864219320E-005,
                1.12285578210907E-001,
                2.59507320357974E-001,
                1.12165329685206E-001,
                2.85525438316716E-005,
                -1.12285567497291E-001,
                -1.32108972706566E-001,
                -1.75635312776457E-001,
                -1.48296406605982E-004,
                1.74774332012776E-001,
                1.32111635824475E-001,
                1.75633322357834E-001,
                1.48291979424861E-004,
                -1.74773452349053E-001,
                5.26521871542093E-001,
                4.20541887464492E-001,
                1.38117846563092E-003,
                -4.07794541362199E-001,
                -5.26516921338789E-001,
                -4.20532004159589E-001,
                -1.37841341621196E-003,
                4.07797731407447E-001,
                -2.01650316730419E-006,
                2.00415996992662E-001,
                2.83900447604148E-001,
                5.02484659571152E-002,
                1.09962014366082E-001,
                5.03940863616272E-002,
                2.83900510348119E-001,
                5.02484386316686E-002,
                1.09961946987587E-001,
                5.03939798366742E-002,
                -6.27765462789703E-001,
                -3.37888733266210E-001,
                -1.34703550637545E-001,
                -3.37073100141916E-001,
                -6.27761168901738E-001,
                -3.37887263252960E-001,
                -1.34703595841683E-001,
                -3.37073407509936E-001,
                6.26817683691108E-001,
                2.77348719655957E-001,
                -2.30412895287477E-001,
                2.88219244232522E-001,
                6.26817150663058E-001,
                2.77354114727926E-001,
                -2.30407442747570E-001,
                2.88220879624087E-001,
                -2.38540360910761E-001,
                -5.28852995924574E-005,
                -1.69176169386854E-004,
                1.58446188956780E-002,
                5.74465162773683E-006,
                -1.59421205370691E-002,
                -1.69139918995876E-004,
                1.58445795128749E-002,
                5.68062943074068E-006,
                -1.59422241412613E-002,
                7.58244237299567E-003,
                2.15977017347532E-001,
                1.39675524798405E-004,
                -2.14525767488389E-001,
                7.58681427095609E-003,
                2.15979458082633E-001,
                1.39649263786726E-004,
                -2.14526342456542E-001,
                -1.46470530356220E-003,
                -4.89879461633993E-001,
                2.42714794124673E-003,
                4.81944031367780E-001,
                -1.46451847081495E-003,
                -4.89875663060512E-001,
                2.43121022154932E-003,
                4.81945994386459E-001,
                -3.85044867665157E-003
            ],