{
    "info" : {
        "generated_by" : "MachLine (c) 2023 USU Aerolab",
        "executed" : "Fri Jul 12 13:54:44 2024"
    },
    "mesh_info" : {
        "N_body_panels" : 48,
        "N_body_vertices" : 26,
        "N_wake_panels" : 0,
        "N_wake_filaments" : 0,
        "average_characteristic_length" : 4.76931360312427E-001,
        "max_flow_turning_angle" : 9.00000000000000E+001
    },
    "solver_results" : {
        "solver_status_code" : 0,
        "system_dimension" : 26,
        "timing" : {
            "system_sorting" : 2.00000000000000E-006,
            "preconditioner" : 6.20000000000000E-006,
            "matrix_solver" : 1.49000000000000E-005
        },
        "iterations" : 6,
        "residual" : {
            "max" : 2.44249065417534E-015,
            "norm" : 4.21673905720034E-015
        }
    },
    "pressure_calculations" : {
        "incompressible_rule" : {
            "max" : 6.44562363167742E-001,
            "min" : -6.48258604231932E-001
        }
    },
    "total_forces" : {
        "Cx" : 6.37650084761576E-007,
        "Cy" : 1.02695629777827E-015,
        "Cz" : -1.31145094783847E-015
    },
    "total_moments" : {
        "CMx" : -2.54826368339955E-012,
        "CMy" : 1.58206781009085E-015,
        "CMz" : 9.36750677027476E-016
    },
    "CF_sensitivities" : {
        "d_CFx" : [
                8.42882952923593E-001,
                -4.27879215509661E-002,
                -1.07859894019166E-001,
                -1.52918148844367E-001,
                -8.68959128449959E-002,
                -4.27878792093012E-002,
                -1.07859733065766E-001,
                -1.52918154228379E-001,
                -8.68956582892201E-002,
                1.66425512592976E-002,
                -1.88609642745674E-003,
                -1.57830120154259E-002,
                1.28206207159320E-003,
                1.66423443683519E-002,
                -1.88592739441695E-003,
                -1.57831211911155E-002,
                1.28222594493765E-003,
                -3.41541669202884E-001,
                -2.54018771282094E-001,
                -1.91037809102763E-001,
                -2.78142401806025E-001,
                -3.41543414329842E-001,
                -2.54018594581805E-001,
                -1.91037214369350E-001,
                -2.78141260819991E-001,
                2.06700145293833E+000,
                -1.15811144696192E-007,
                2.79185145423213E-001,
                3.27550389174754E-001,
                -6.33776751349145E-004,
                -3.13507884156358E-001,
                -2.79185339130641E-001,
                -3.27550640799942E-001,
                6.33452209201622E-004,
                3.13507714410484E-001,
                -1.31316592227383E-001,
                -2.96715786788679E-001,
                -1.44500129619040E-002,
                3.17862744970268E-001,
                1.31316265391388E-001,
                2.96715734557818E-001,
                1.44500213752964E-002,
                -3.17862998671639E-001,
                -1.70048678867445E-001,
                4.98522947948006E-002,
                -2.27668524801010E-002,
                -6.52917250600871E-002,
                1.70046869919750E-001,
                -4.98535328236399E-002,
                2.27650281298425E-002,
                6.52892111625645E-002,
                -9.17822494198566E-007,
                -1.20746088021262E-007,
                1.97057198031159E-002,
                -2.42985327144286E-001,
                -5.29610487689522E-001,
                -2.56021103344180E-001,
                -1.97060051551294E-002,
                2.42984917703865E-001,
                5.29610272785278E-001,
                2.56020874122939E-001,
                1.66944010949937E-002,
                1.74226064301476E-001,
                5.63941837173084E-001,
                1.92361063499776E-001,
                -1.66945626356668E-002,
                -1.74226171871497E-001,
                -5.63941931340574E-001,
                -1.92361303622069E-001,
                6.48527316174065E-004,
                3.46322383374622E-002,
                -1.90543017733685E-001,
                5.07180518850373E-002,
                -6.50323997226520E-004,
                -3.46343096538390E-002,
                1.90541263018429E-001,
                -5.07204388033779E-002,
                -6.81305713757751E-007
            ],
        "d_CFy" : [
                4.70884448140370E-017,
                -2.59506282214855E-001,
                -1.12165729330388E-001,
                -2.85024578593252E-005,
                1.12285945541876E-001,
                2.59506277784186E-001,
                1.12165731393374E-001,
                2.85134328091197E-005,
                -1.12285961708654E-001,
                -1.32106006805216E-001,
                -1.75634577802370E-001,
                -1.48053562086577E-004,
                1.74774359582252E-001,
                1.32106477955131E-001,
                1.75634334066028E-001,
                1.48053926503568E-004,
                -1.74774274396771E-001,
                5.26517122787450E-001,
                4.20544323670127E-001,
                1.39161002781270E-003,
                -4.07803616119037E-001,
                -5.26516680468918E-001,
                -4.20543642912776E-001,
                -1.39096324279381E-003,
                4.07803051623002E-001,
                -1.80175685105142E-007,
                2.00415955211557E-001,
                2.83899906900560E-001,
                5.02481122089372E-002,
                1.09962026310794E-001,
                5.03941960639384E-002,
                2.83899913589045E-001,
                5.02481114773135E-002,
                1.09962018595198E-001,
                5.03941874490489E-002,
                -6.27768137204594E-001,
                -3.37887570696323E-001,
                -1.34703584205093E-001,
                -3.37073568447350E-001,
                -6.27767576801605E-001,
                -3.37887382750249E-001,
                -1.34703587704520E-001,
                -3.37073624239928E-001,
                6.26815715174949E-001,
                2.77357410440434E-001,
                -2.30411564155895E-001,
                2.88223175176356E-001,
                6.26815920192114E-001,
                2.77358057177337E-001,
                -2.30410965990522E-001,
                2.88223340579523E-001,
                -2.38532994819549E-001,
                -5.30156208000013E-005,
                -1.69201059463234E-004,
                1.58449617465214E-002,
                5.71279175349406E-006,
                -1.59418721108416E-002,
                -1.69194959719128E-004,
                1.58449589529496E-002,
                5.70646109473910E-006,
                -1.59418851734177E-002,
                7.58292010986059E-003,
                2.15976632630803E-001,
                1.39886255729394E-004,
                -2.14524300264854E-001,
                7.58346074632556E-003,
                2.15976988971972E-001,
                1.39880488245054E-004,
                -2.14524229063335E-001,
                -1.46482293565728E-003,
                -4.89871304377631E-001,
                2.42675190977699E-003,
                4.81939893489550E-001,
                -1.46447417059721E-003,
                -4.89870767404207E-001,
                2.42739526454331E-003,
                4.81939973554631E-001,
                -3.84178648699619E-003
            ],