{
    "info" : {
        "generated_by" : "MachLine (c) 2023 USU Aerolab",
        "executed" : "Fri Jul 12 13:55:06 2024"
    },
    "mesh_info" : {
        "N_body_panels" : 48,
        "N_body_vertices" : 26,
        "N_wake_panels" : 0,
        "N_wake_filaments" : 0,
        "average_characteristic_length" : 4.76931360312427E-001,
        "max_flow_turning_angle" : 9.00000000000000E+001
    },
    "solver_results" : {
        "solver_status_code" : 0,
        "system_dimension" : 26,
        "timing" : {
            "system_sorting" : 2.20000000000000E-006,
            "preconditioner" : 6.40000000000000E-006,
            "matrix_solver" : 1.44000000000000E-005
        },
        "iterations" : 6,
        "residual" : {
            "max" : 6.66133814775094E-016,
            "norm" : 1.28893148259079E-015
        }
    },
    "pressure_calculations" : {
        "incompressible_rule" : {
            "max" : 6.44562009840974E-001,
            "min" : -6.48258279563649E-001
        }
    },
    "total_forces" : {
        "Cx" : 9.88275927760185E-009,
        "Cy" : 1.46410661372443E-015,
        "Cz" : -8.63892291036450E-016
    },
    "total_moments" : {
        "CMx" : -1.04938627232265E-013,
        "CMy" : 8.32667268468867E-016,
        "CMz" : 1.76941794549634E-015
    },
    "CF_sensitivities" : {
        "d_CFx" : [
                7.95497177522826E-001,
                -5.75061380574079E-002,
                -1.06370109524731E-001,
                -1.39322402373486E-001,
                -9.63396106075615E-002,
                -5.75061358567551E-002,
                -1.06370113606735E-001,
                -1.39322406770148E-001,
                -9.63396118608711E-002,
                3.15761788203335E-002,
                -2.08034542352387E-003,
                -3.41212394013037E-002,
                -2.31693526314269E-003,
                3.15761751532757E-002,
                -2.08033877646630E-003,
                -3.41212445733499E-002,
                -2.31692891079804E-003,
                -3.51464482716411E-001,
                -2.61848399002735E-001,
                -1.86438733098127E-001,
                -2.70457311616072E-001,
                -3.51464474500120E-001,
                -2.61848423436578E-001,
                -1.86438732750685E-001,
                -2.70457282399693E-001,
                1.72284741549383E+000,
                -1.96183889265290E-010,
                2.99571464279670E-001,
                3.16375962816372E-001,
                -6.26459696285750E-004,
                -3.11815504293266E-001,
                -2.99571469424672E-001,
                -3.16375967840460E-001,
                6.26454197235553E-004,
                3.11815501822119E-001,
                -1.07638942332892E-001,
                -2.70035379741360E-001,
                -1.49208483433685E-002,
                3.05734919956488E-001,
                1.07638937088710E-001,
                2.70035379501030E-001,
                1.49208501150869E-002,
                -3.05734925440125E-001,
                -1.99572475980131E-001,
                4.16397143219439E-002,
                -2.24034845359379E-002,
                -4.58391873535953E-002,
                1.99572433758569E-001,
                -4.16397314207300E-002,
                2.24034519054917E-002,
                4.58391388669495E-002,
                -9.61331254566829E-009,
                -1.04607612363404E-009,
                2.00414959807193E-002,
                -2.43767114214975E-001,
                -5.04945139412067E-001,
                -2.59361162339545E-001,
                -2.00414989343686E-002,
                2.43767110857415E-001,
                5.04945134773928E-001,
                2.59361158293128E-001,
                1.84597112290309E-002,
                1.50593684786819E-001,
                5.24750662693732E-001,
                1.80088828145443E-001,
                -1.84597148415643E-002,
                -1.50593685313986E-001,
                -5.24750662907376E-001,
                -1.80088836314572E-001,
                1.45828928168312E-004,
                6.08832252730779E-002,
                -1.79166395441238E-001,
                5.76591719157907E-002,
                -1.45859490795876E-004,
                -6.08832666961529E-002,
                1.79166375122783E-001,
                -5.76592117266982E-002,
                -1.48752556755330E-008
            ],
        "d_CFy" : [
                -1.15996692325335E-016,
                -2.60240196686133E-001,
                -1.12233564176573E-001,
                -1.01176138885170E-004,
                1.12293969511443E-001,
                2.60240196575352E-001,
                1.12233564169370E-001,
                1.01176184549671E-004,
                -1.12293969557612E-001,
                -1.55154248565264E-001,
                -1.65869271290055E-001,
                -1.21054276658417E-004,
                1.74926588234952E-001,
                1.55154254612060E-001,
                1.65869266405078E-001,
                1.21054301762868E-004,
                -1.74926585489712E-001,
                5.38976608533035E-001,
                3.88968440961647E-001,
                -1.09230084828503E-002,
                -3.92106897602331E-001,
                -5.38976605077330E-001,
                -3.88968425855799E-001,
                1.09230060760056E-002,
                3.92106893208952E-001,
                -2.10856453416638E-009,
                2.01157887058189E-001,
                2.85310556831802E-001,
                4.98495827928266E-002,
                1.09627181659319E-001,
                5.02784871389826E-002,
                2.85310556967708E-001,
                4.98495827851406E-002,
                1.09627181527628E-001,
                5.02784869336413E-002,
                -6.47908808842377E-001,
                -3.26934536943827E-001,
                -1.34400670650498E-001,
                -3.26023045324120E-001,
                -6.47908800176646E-001,
                -3.26934531797931E-001,
                -1.34400670714626E-001,
                -3.26023046373467E-001,
                6.48344259432777E-001,
                2.39785785495173E-001,
                -2.49150016763467E-001,
                2.48822126171861E-001,
                6.48344264733177E-001,
                2.39785796140858E-001,
                -2.49150008944859E-001,
                2.48822131920393E-001,
                -2.90228671320575E-001,
                -3.92312165996695E-004,
                -8.41540602103141E-005,
                1.54800349849618E-002,
                1.14079234362565E-004,
                -1.56492982617452E-002,
                -8.41539520951586E-005,
                1.54800349470623E-002,
                1.14079108904714E-004,
                -1.56492984664182E-002,
                1.37925743385358E-002,
                2.11325758195024E-001,
                1.61680325713963E-004,
                -2.01464134469614E-001,
                1.37925822807653E-002,
                2.11325763754263E-001,
                1.61680258575658E-004,
                -2.01464138187048E-001,
                -5.75497888046084E-003,
                -4.54511357021807E-001,
                5.95648917715726E-003,
                4.36560305606559E-001,
                -5.75497552072193E-003,
                -4.54511347413320E-001,
                5.95649916515848E-003,
                4.36560307626196E-001,
                -2.78022665470445E-002
            ],