{
    "info" : {
        "generated_by" : "MachLine (c) 2023 USU Aerolab",
        "executed" : "Fri Jul 12 13:55:18 2024"
    },
    "mesh_info" : {
        "N_body_panels" : 48,
        "N_body_vertices" : 26,
        "N_wake_panels" : 0,
        "N_wake_filaments" : 0,
        "average_characteristic_length" : 4.76931360312427E-001,
        "max_flow_turning_angle" : 9.00000000000000E+001
    },
    "solver_results" : {
        "solver_status_code" : 0,
        "system_dimension" : 26,
        "timing" : {
            "system_sorting" : 1.11000000000000E-005,
            "preconditioner" : 5.40000000000000E-006,
            "matrix_solver" : 1.44000000000000E-005
        },
        "iterations" : 6,
        "residual" : {
            "max" : 1.33226762955019E-015,
            "norm" : 3.31583352595747E-015
        }
    },
    "pressure_calculations" : {
        "incompressible_rule" : {
            "max" : 6.44561361343370E-001,
            "min" : -6.48260326699586E-001
        }
    },
    "total_forces" : {
        "Cx" : 1.95586920270774E-009,
        "Cy" : 8.18789480661053E-016,
        "Cz" : -1.07205910815367E-015
    },
    "total_moments" : {
        "CMx" : -1.34788014083398E-015,
        "CMy" : 1.10675357767320E-015,
        "CMz" : 8.11850586757146E-016
    },
    "CF_sensitivities" : {
        "d_CFx" : [
                8.03892240553628E-001,
                -4.19494310153103E-002,
                -9.71266788052139E-002,
                -1.36029640455944E-001,
                -7.99481031199706E-002,
                -4.19494312953050E-002,
                -9.71266787571751E-002,
                -1.36029640165446E-001,
                -7.99481031476322E-002,
                2.51300519030762E-002,
                -1.28094653811384E-003,
                -2.30749252803535E-002,
                2.14425051831091E-003,
                2.51300519197684E-002,
                -1.28094574420912E-003,
                -2.30749255669316E-002,
                2.14425111558225E-003,
                -3.19066273054118E-001,
                -2.29152895424488E-001,
                -1.61528161531220E-001,
                -2.51529002085998E-001,
                -3.19066277918498E-001,
                -2.29152896500475E-001,
                -1.61528162332203E-001,
                -2.51529002917792E-001,
                1.82293474218581E+000,
                -1.63787888833995E-010,
                2.86904406576032E-001,
                3.11392850100247E-001,
                -2.43703507952445E-003,
                -3.01904150567106E-001,
                -2.86904406942659E-001,
                -3.11392850453804E-001,
                2.43703457955270E-003,
                3.01904150177963E-001,
                -1.18971088111913E-001,
                -2.70777994731001E-001,
                -1.48797324564126E-002,
                3.09288491889863E-001,
                1.18971087617328E-001,
                2.70777994816811E-001,
                1.48797325679878E-002,
                -3.09288492478555E-001,
                -1.76128933178499E-001,
                5.13194894015162E-002,
                -2.48382595777887E-002,
                -7.01097699970288E-002,
                1.76128928655019E-001,
                -5.13194910018782E-002,
                2.48382564141011E-002,
                7.01097655382568E-002,
                -1.32586467976800E-009,
                -5.92872282982953E-011,
                2.15717391770685E-002,
                -2.38095096720256E-001,
                -4.98627339541295E-001,
                -2.55808835260472E-001,
                -2.15717393603775E-002,
                2.38095096234679E-001,
                4.98627339015297E-001,
                2.55808835016511E-001,
                1.72241354072758E-002,
                1.53264149974932E-001,
                5.34948288276546E-001,
                1.88634475514398E-001,
                -1.72241357246139E-002,
                -1.53264150235808E-001,
                -5.34948288429773E-001,
                -1.88634476192172E-001,
                2.52045616698039E-003,
                3.76234409611573E-002,
                -1.99986030922844E-001,
                5.04539227411759E-002,
                -2.52045915704289E-003,
                -3.76234447637168E-002,
                1.99986028690594E-001,
                -5.04539263981018E-002,
                -1.60029693881770E-009
            ],
        "d_CFy" : [
                -6.02516733408994E-017,
                -2.60116143492305E-001,
                -1.12173133505284E-001,
                -7.17719797073256E-005,
                1.12360397071719E-001,
                2.60116143489674E-001,
                1.12173133525491E-001,
                7.17719896290099E-005,
                -1.12360397087407E-001,
                -1.40551120294541E-001,
                -1.68049693464903E-001,
                -1.49919923044340E-004,
                1.66130547439607E-001,
                1.40551121012424E-001,
                1.68049693161965E-001,
                1.49919921225591E-004,
                -1.66130547119115E-001,
                5.31036899422939E-001,
                4.07034566308933E-001,
                1.02899186189116E-003,
                -3.85883400246171E-001,
                -5.31036899123898E-001,
                -4.07034564644338E-001,
                -1.02899016746386E-003,
                3.85883399267599E-001,
                -2.75112886298062E-010,
                2.00533413502032E-001,
                2.85110565662009E-001,
                4.98844157952487E-002,
                1.09612870900804E-001,
                5.01257657857105E-002,
                2.85110565685314E-001,
                4.98844157924112E-002,
                1.09612870887036E-001,
                5.01257657642915E-002,
                -6.50184083964963E-001,
                -3.20038389519313E-001,
                -1.34587514259110E-001,
                -3.18024693485610E-001,
                -6.50184082872058E-001,
                -3.20038389139306E-001,
                -1.34587514265918E-001,
                -3.18024693605659E-001,
                6.54197089693263E-001,
                2.55914761889169E-001,
                -2.22305864021932E-001,
                2.63418820433355E-001,
                6.54197090569291E-001,
                2.55914763182612E-001,
                -2.22305863045506E-001,
                2.63418820973955E-001,
                -2.46838427589829E-001,
                -1.56087050462046E-004,
                -1.54544018265725E-004,
                1.56639597300488E-002,
                -1.66925890603176E-005,
                -1.56676677112798E-002,
                -1.54544011477603E-004,
                1.56639597243207E-002,
                -1.66926029261416E-005,
                -1.56676677307355E-002,
                8.43445314155908E-003,
                2.07417000121629E-001,
                1.52951869703014E-004,
                -2.03633863207892E-001,
                8.43445397626195E-003,
                2.07417000800416E-001,
                1.52951860096993E-004,
                -2.03633863369590E-001,
                -1.40659884866778E-003,
                -4.72734352822155E-001,
                6.58714365262169E-003,
                4.60503345184500E-001,
                -1.40659865792392E-003,
                -4.72734351827211E-001,
                6.58714449331538E-003,
                4.60503345826685E-001,
                -1.00254332804248E-002
            ],