{
    "info" : {
        "generated_by" : "MachLine (c) 2023 USU Aerolab",
        "executed" : "Fri Jul 12 13:54:49 2024"
    },
    "mesh_info" : {
        "N_body_panels" : 48,
        "N_body_vertices" : 26,
        "N_wake_panels" : 0,
        "N_wake_filaments" : 0,
        "average_characteristic_length" : 4.76931360312427E-001,
        "max_flow_turning_angle" : 9.00000000000000E+001
    },
    "solver_results" : {
        "solver_status_code" : 0,
        "system_dimension" : 26,
        "timing" : {
            "system_sorting" : 2.00000000000000E-006,
            "preconditioner" : 5.10000000000000E-006,
            "matrix_solver" : 1.46000000000000E-005
        },
        "iterations" : 6,
        "residual" : {
            "max" : 1.91069696524997E-015,
            "norm" : 4.13017152111890E-015
        }
    },
    "pressure_calculations" : {
        "incompressible_rule" : {
            "max" : 6.44562091729420E-001,
            "min" : -6.48258113235529E-001
        }
    },
    "total_forces" : {
        "Cx" : 3.38507784691799E-007,
        "Cy" : 8.67361737988404E-016,
        "Cz" : 2.81025203108243E-016
    },
    "total_moments" : {
        "CMx" : -8.50217465875325E-013,
        "CMy" : -3.88578058618805E-016,
        "CMz" : 8.18789480661053E-016
    },
    "CF_sensitivities" : {
        "d_CFx" : [
                8.42882897845711E-001,
                -4.27876222926503E-002,
                -1.07859476424861E-001,
                -1.52918279648839E-001,
                -8.68957885030469E-002,
                -4.27877480271630E-002,
                -1.07859509771164E-001,
                -1.52918349787318E-001,
                -8.68956114131852E-002,
                1.66424699496983E-002,
                -1.88601877951378E-003,
                -1.57833342911080E-002,
                1.28229658245882E-003,
                1.66424432120891E-002,
                -1.88594232673567E-003,
                -1.57833270020584E-002,
                1.28228349704940E-003,
                -3.41540629160555E-001,
                -2.54018817564042E-001,
                -1.91035919739688E-001,
                -2.78141838159005E-001,
                -3.41540890755040E-001,
                -2.54019227918514E-001,
                -1.91035926222806E-001,
                -2.78142133969987E-001,
                2.06700216943512E+000,
                -2.92190389135528E-008,
                2.79185221265218E-001,
                3.27550502058534E-001,
                -6.33742954974927E-004,
                -3.13507850686462E-001,
                -2.79185289599189E-001,
                -3.27550581750118E-001,
                6.33592669862639E-004,
                3.13507750288412E-001,
                -1.31317006875804E-001,
                -2.96715789031140E-001,
                -1.44500895284331E-002,
                3.17863053982167E-001,
                1.31316893370325E-001,
                2.96715816816967E-001,
                1.44500620057340E-002,
                -3.17863176924703E-001,
                -1.70047910883021E-001,
                4.98522856931634E-002,
                -2.27659758141696E-002,
                -6.52908418074603E-002,
                1.70047010608147E-001,
                -4.98528744265580E-002,
                2.27652133869383E-002,
                6.52899098134036E-002,
                -3.83429501684799E-007,
                -5.48946030572078E-008,
                1.97058094077245E-002,
                -2.42985020675781E-001,
                -5.29610482073551E-001,
                -2.56021095290623E-001,
                -1.97058602046505E-002,
                2.42984921669878E-001,
                5.29610415573668E-001,
                2.56021003238876E-001,
                1.66942821624660E-002,
                1.74226446957832E-001,
                5.63942431607148E-001,
                1.92361270428118E-001,
                -1.66944172200118E-002,
                -1.74226514551212E-001,
                -5.63942440727499E-001,
                -1.92361396275122E-001,
                6.49024394379423E-004,
                3.46328060082688E-002,
                -1.90542809336747E-001,
                5.07191662923393E-002,
                -6.49766935419579E-004,
                -3.46335926953150E-002,
                1.90542152072981E-001,
                -5.07200396402254E-002,
                -6.84319384759018E-008
            ],
        "d_CFy" : [
                -6.57331183906854E-017,
                -2.59506256707686E-001,
                -1.12165711634719E-001,
                -2.85057748854942E-005,
                1.12285896951898E-001,
                2.59506255011332E-001,
                1.12165714383674E-001,
                2.85104228298061E-005,
                -1.12285898525084E-001,
                -1.32105795048793E-001,
                -1.75634302577280E-001,
                -1.48074136928006E-004,
                1.74774256941842E-001,
                1.32105899401093E-001,
                1.75634227261183E-001,
                1.48074002549833E-004,
                -1.74774212279668E-001,
                5.26516538957944E-001,
                4.20544042848713E-001,
                1.39185945488209E-003,
                -4.07802975168059E-001,
                -5.26516727039720E-001,
                -4.20543526344311E-001,
                -1.39159451834671E-003,
                4.07802596096931E-001,
                -7.04267465383003E-008,
                2.00415903865928E-001,
                2.83899978433025E-001,
                5.02481115109246E-002,
                1.09962036049573E-001,
                5.03941772059723E-002,
                2.83899981362217E-001,
                5.02481105899569E-002,
                1.09962033239046E-001,
                5.03941717490566E-002,
                -6.27768079441078E-001,
                -3.37887357185596E-001,
                -1.34703621420282E-001,
                -3.37073481036599E-001,
                -6.27767858503859E-001,
                -3.37887261073557E-001,
                -1.34703623555930E-001,
                -3.37073496320448E-001,
                6.26815710619757E-001,
                2.77357628019073E-001,
                -2.30411104437025E-001,
                2.88223140570201E-001,
                6.26815910457916E-001,
                2.77357952477650E-001,
                -2.30410874379900E-001,
                2.88223174635058E-001,
                -2.38532240205960E-001,
                -5.30152101489665E-005,
                -1.69200690626329E-004,
                1.58449995841007E-002,
                5.70698942804600E-006,
                -1.59419448023943E-002,
                -1.69198195029797E-004,
                1.58449979987810E-002,
                5.70436141646133E-006,
                -1.59419488149408E-002,
                7.58316025930832E-003,
                2.15976756109337E-001,
                1.39870733963852E-004,
                -2.14524051961645E-001,
                7.58341440383358E-003,
                2.15976892368481E-001,
                1.39868999469314E-004,
                -2.14524121241771E-001,
                -1.46475821211504E-003,
                -4.89871086829140E-001,
                2.42709039363786E-003,
                4.81939976156644E-001,
                -1.46465899636858E-003,
                -4.89870921063527E-001,
                2.42728705001090E-003,
                4.81940063505521E-001,
                -3.84114573441237E-003
            ],