{
    "info" : {
        "generated_by" : "MachLine (c) 2023 USU Aerolab",
        "executed" : "Fri Jul 12 13:55:49 2024"
    },
    "mesh_info" : {
        "N_body_panels" : 48,
        "N_body_vertices" : 26,
        "N_wake_panels" : 0,
        "N_wake_filaments" : 0,
        "average_characteristic_length" : 4.76931360312427E-001,
        "max_flow_turning_angle" : 9.00000000000000E+001
    },
    "solver_results" : {
        "solver_status_code" : 0,
        "system_dimension" : 26,
        "timing" : {
            "system_sorting" : 2.70000000000000E-006,
            "preconditioner" : 8.40000000000000E-006,
            "matrix_solver" : 1.55000000000000E-005
        },
        "iterations" : 6,
        "residual" : {
            "max" : 7.77156117237610E-016,
            "norm" : 2.28637993992837E-015
        }
    },
    "pressure_calculations" : {
        "incompressible_rule" : {
            "max" : 6.44400983619875E-001,
            "min" : -6.48770814775885E-001
        }
    },
    "total_forces" : {
        "Cx" : -6.04039041007809E-012,
        "Cy" : 8.88178419700125E-016,
        "Cz" : -1.40859546249317E-015
    },
    "total_moments" : {
        "CMx" : 6.41847686111419E-017,
        "CMy" : 1.23512311489549E-015,
        "CMz" : 9.92261828258734E-016
    },
    "CF_sensitivities" : {
        "d_CFx" : [
                5.72969147939191E-001,
                -2.29627430610159E-002,
                -9.44721884791395E-002,
                -1.66906890032798E-001,
                -9.44721884778207E-002,
                -2.29627430613497E-002,
                -9.44721884777383E-002,
                -1.66906890032470E-001,
                -9.44721884776925E-002,
                4.66635313023078E-002,
                4.56807818907752E-002,
                4.66625774459675E-002,
                4.56807818899945E-002,
                4.66635313012740E-002,
                4.56807818931946E-002,
                4.66625774479466E-002,
                4.56807818922427E-002,
                -1.66906108546890E-001,
                -9.44598030370178E-002,
                -2.29623343183767E-002,
                -9.44598030415359E-002,
                -1.66906108552603E-001,
                -9.44598030436591E-002,
                -2.29623343234097E-002,
                -9.44598030439465E-002,
                5.72972673179877E-001,
                -1.92191786535146E-014,
                1.44515036324864E-001,
                2.66212885953712E-001,
                -5.81789277237906E-013,
                -2.66212885954751E-001,
                -1.44515036326138E-001,
                -2.66212885955227E-001,
                -1.08922925720474E-012,
                2.66212885953575E-001,
                2.31723235914949E-001,
                -6.62059806721336E-002,
                7.31869817000095E-013,
                6.62059806708143E-002,
                -2.31723235916433E-001,
                6.62059806727898E-002,
                -2.07335999410035E-014,
                -6.62059806726688E-002,
                -4.76773309641550E-001,
                -1.71248915763975E-001,
                -9.36006960047867E-012,
                1.71248915755205E-001,
                4.76773309627891E-001,
                1.71248915756327E-001,
                -1.86461597775299E-012,
                -1.71248915768436E-001,
                -4.04177176752838E-012,
                -8.10419564862583E-014,
                -5.58251986016745E-013,
                -1.71253231686226E-001,
                -4.76790682978745E-001,
                -1.71253231684902E-001,
                -4.86620972886805E-013,
                1.71253231684284E-001,
                4.76790682977629E-001,
                1.71253231683071E-001,
                3.63243741002801E-013,
                -6.62289452778287E-002,
                2.31733837166116E-001,
                -6.62289452778407E-002,
                -1.64941692553431E-012,
                6.62289452772293E-002,
                -2.31733837166907E-001,
                6.62289452768743E-002,
                -5.24312359163745E-012,
                2.66202462921026E-001,
                1.44514071013173E-001,
                2.66202462910367E-001,
                -5.60170575049845E-012,
                -2.66202462932344E-001,
                -1.44514071020191E-001,
                -2.66202462923529E-001,
                1.76843431477550E-013
            ],
        "d_CFy" : [
                -6.93719851981573E-017,
                -2.63875914235241E-001,
                -1.16019339420313E-001,
                3.47807855583446E-014,
                1.16019339420248E-001,
                2.63875914235192E-001,
                1.16019339420304E-001,
                4.02148068468419E-014,
                -1.16019339420256E-001,
                1.03337556094377E-001,
                -3.08345123061387E-002,
                -1.41594619852249E-013,
                3.08345123057645E-002,
                -1.03337556091952E-001,
                3.08345123050187E-002,
                1.52253659190415E-013,
                -3.08345123048712E-002,
                1.23230169278516E-001,
                1.56597652991594E-001,
                -5.16520825587853E-012,
                -1.56597652994138E-001,
                -1.23230169279816E-001,
                -1.56597652983780E-001,
                7.81038109710296E-012,
                1.56597652989678E-001,
                -1.19416131906622E-012,
                1.93869601050301E-001,
                2.92948592853253E-001,
                5.20921381784601E-002,
                1.04704447381516E-001,
                5.20921381782188E-002,
                2.92948592853319E-001,
                5.20921381784452E-002,
                1.04704447381470E-001,
                5.20921381781482E-002,
                -4.65164725828516E-001,
                -2.99109059695463E-001,
                -1.35660905795841E-001,
                -2.99109059694368E-001,
                -4.65164725824985E-001,
                -2.99109059694342E-001,
                -1.35660905795861E-001,
                -2.99109059694690E-001,
                -5.97004196039395E-002,
                1.98022496059533E-001,
                1.66961233395414E-001,
                1.98022496060266E-001,
                -5.97004196008594E-002,
                1.98022496062520E-001,
                1.66961233398956E-001,
                1.98022496062260E-001,
                1.94239968719071E-001,
                7.30263289075439E-014,
                -1.55318466421583E-014,
                9.08084242490992E-003,
                3.14054775289795E-014,
                -9.08084242525742E-003,
                3.20407762821606E-014,
                9.08084242490667E-003,
                -2.51596056537250E-014,
                -9.08084242535778E-003,
                -9.58788604066285E-013,
                1.64096918986983E-001,
                -2.68658594729810E-013,
                -1.64096918987922E-001,
                2.16402460187504E-012,
                1.64096918988721E-001,
                -2.94767447203125E-013,
                -1.64096918988180E-001,
                -7.45358202242086E-013,
                1.13951773772966E-002,
                -1.64833417146186E-012,
                -1.13951773796740E-002,
                1.13115468089507E-012,
                1.13951773810171E-002,
                -1.24952886087648E-014,
                -1.13951773777419E-002,
                -5.79310384385412E-012
            ],