{
    "info" : {
        "generated_by" : "MachLine (c) 2023 USU Aerolab",
        "executed" : "Fri Jul 12 13:54:34 2024"
    },
    "mesh_info" : {
        "N_body_panels" : 48,
        "N_body_vertices" : 26,
        "N_wake_panels" : 0,
        "N_wake_filaments" : 0,
        "average_characteristic_length" : 4.76931360312427E-001,
        "max_flow_turning_angle" : 9.00000000000000E+001
    },
    "solver_results" : {
        "solver_status_code" : 0,
        "system_dimension" : 26,
        "timing" : {
            "system_sorting" : 2.00000000000000E-006,
            "preconditioner" : 5.70000000000000E-006,
            "matrix_solver" : 1.46000000000000E-005
        },
        "iterations" : 6,
        "residual" : {
            "max" : 3.84137166520304E-014,
            "norm" : 5.65307637614017E-014
        }
    },
    "pressure_calculations" : {
        "incompressible_rule" : {
            "max" : 6.44562263717061E-001,
            "min" : -6.48264511265588E-001
        }
    },
    "total_forces" : {
        "Cx" : 9.80059635909136E-006,
        "Cy" : -7.14706072102445E-016,
        "Cz" : -5.20417042793042E-016
    },
    "total_moments" : {
        "CMx" : -3.51905778822603E-011,
        "CMy" : 6.38378239159465E-016,
        "CMz" : -6.52256026967279E-016
    },
    "CF_sensitivities" : {
        "d_CFx" : [
                8.42882255188895E-001,
                -4.27891342552503E-002,
                -1.07861727009803E-001,
                -1.52917185033698E-001,
                -8.68986544195324E-002,
                -4.27884229155986E-002,
                -1.07861154557556E-001,
                -1.52917270565935E-001,
                -8.68980351703861E-002,
                1.66431722513729E-002,
                -1.88515179778759E-003,
                -1.57823163548767E-002,
                1.28051108936478E-003,
                1.66423505586040E-002,
                -1.88300750213699E-003,
                -1.57829851346507E-002,
                1.28207198184405E-003,
                -3.41548214851732E-001,
                -2.54020526584040E-001,
                -1.91047348039162E-001,
                -2.78143295881059E-001,
                -3.41559810911466E-001,
                -2.54027355490865E-001,
                -1.91048924416441E-001,
                -2.78151496372202E-001,
                2.06700914884893E+000,
                1.43726033915213E-007,
                2.79184487995751E-001,
                3.27549575199718E-001,
                -6.34297933559056E-004,
                -3.13510288108732E-001,
                -2.79185444929731E-001,
                -3.27551368247229E-001,
                6.32340590502951E-004,
                3.13508506540657E-001,
                -1.31311230355418E-001,
                -2.96715061277328E-001,
                -1.44502040308403E-002,
                3.17861606346386E-001,
                1.31310229672946E-001,
                2.96715225807182E-001,
                1.44493140721324E-002,
                -3.17863575115243E-001,
                -1.70053955503808E-001,
                4.98478310093260E-002,
                -2.27757857490779E-002,
                -6.53005875364410E-002,
                1.70034089849056E-001,
                -4.98551579283569E-002,
                2.27625661130616E-002,
                6.52846859044784E-002,
                -7.47129072998810E-006,
                -3.52354234290833E-007,
                1.97048097626314E-002,
                -2.42987073331882E-001,
                -5.29611539128727E-001,
                -2.56021741386664E-001,
                -1.97060772214382E-002,
                2.42983554329026E-001,
                5.29609038481027E-001,
                2.56019886576522E-001,
                1.66954316569062E-002,
                1.74223710160190E-001,
                5.63937805639034E-001,
                1.92359780423952E-001,
                -1.66965145786430E-002,
                -1.74224723409256E-001,
                -5.63938669021901E-001,
                -1.92361505206116E-001,
                6.45497492000835E-004,
                3.46278851825479E-002,
                -1.90545298012337E-001,
                5.07039709225421E-002,
                -6.57482137337096E-004,
                -3.46413854015412E-002,
                1.90535391410354E-001,
                -5.07239550970130E-002,
                -3.43021663729000E-006
            ],
        "d_CFy" : [
                -1.35699206412111E-016,
                -2.59506282222804E-001,
                -1.12165299680532E-001,
                -2.85220630956952E-005,
                1.12286150689800E-001,
                2.59506314793042E-001,
                1.12165382534756E-001,
                2.85504982952086E-005,
                -1.12286165271942E-001,
                -1.32108391669496E-001,
                -1.75636630869176E-001,
                -1.47731625783739E-004,
                1.74775430462292E-001,
                1.32111462508532E-001,
                1.75635079778490E-001,
                1.47736894559759E-004,
                -1.74774222780654E-001,
                5.26530265402360E-001,
                4.20540371402983E-001,
                1.38555682647157E-003,
                -4.07800233898050E-001,
                -5.26529748798760E-001,
                -4.20532433076765E-001,
                -1.38381800017961E-003,
                4.07800550285106E-001,
                -1.30359765206751E-006,
                2.00415852867321E-001,
                2.83899962882483E-001,
                5.02476441881482E-002,
                1.09962068117181E-001,
                5.03939975626005E-002,
                2.83900026722069E-001,
                5.02476136639107E-002,
                1.09962019909858E-001,
                5.03938993666156E-002,
                -6.27768123134229E-001,
                -3.37889003158594E-001,
                -1.34703579951318E-001,
                -3.37073769175198E-001,
                -6.27764724916212E-001,
                -3.37887696004596E-001,
                -1.34703611107122E-001,
                -3.37073953786103E-001,
                6.26813667767393E-001,
                2.77354178729502E-001,
                -2.30413935958912E-001,
                2.88219427387322E-001,
                6.26818897905572E-001,
                2.77358764732885E-001,
                -2.30409845969360E-001,
                2.88221132908440E-001,
                -2.38537959887075E-001,
                -5.29631270996302E-005,
                -1.69146245499215E-004,
                1.58457395952335E-002,
                5.77356997984050E-006,
                -1.59421525621411E-002,
                -1.69114716359463E-004,
                1.58457173357290E-002,
                5.72341885586005E-006,
                -1.59422400152073E-002,
                7.58125636169672E-003,
                2.15975908591315E-001,
                1.40066041657574E-004,
                -2.14524709413412E-001,
                7.58511971023337E-003,
                2.15978243899371E-001,
                1.40033912775295E-004,
                -2.14525318796833E-001,
                -1.46291555382465E-003,
                -4.89876465513261E-001,
                2.42479302632895E-003,
                4.81941937367710E-001,
                -1.46209720253823E-003,
                -4.89871495067722E-001,
                2.42783274992218E-003,
                4.81944142540089E-001,
                -3.84679710154010E-003
            ],