{
    "info" : {
        "generated_by" : "MachLine (c) 2023 USU Aerolab",
        "executed" : "Fri Jul 12 13:54:13 2024"
    },
    "mesh_info" : {
        "N_body_panels" : 48,
        "N_body_vertices" : 26,
        "N_wake_panels" : 0,
        "N_wake_filaments" : 0,
        "average_characteristic_length" : 4.76931360312427E-001,
        "max_flow_turning_angle" : 9.00000000000000E+001
    },
    "solver_results" : {
        "solver_status_code" : 0,
        "system_dimension" : 26,
        "timing" : {
            "system_sorting" : 1.90000000000000E-006,
            "preconditioner" : 4.50000000000000E-006,
            "matrix_solver" : 1.44000000000000E-005
        },
        "iterations" : 6,
        "residual" : {
            "max" : 1.66533453693773E-014,
            "norm" : 3.85748923972439E-014
        }
    },
    "pressure_calculations" : {
        "incompressible_rule" : {
            "max" : 6.44600151508956E-001,
            "min" : -6.48571960472697E-001
        }
    },
    "total_forces" : {
        "Cx" : 3.39905022665316E-004,
        "Cy" : 2.08166817117217E-017,
        "Cz" : 3.78169717762944E-016
    },
    "total_moments" : {
        "CMx" : 3.51916072671710E-010,
        "CMy" : -3.01841884819964E-016,
        "CMz" : 0.00000000000000E+000
    },
    "CF_sensitivities" : {
        "d_CFx" : [
                8.42845374226532E-001,
                -4.29069813644242E-002,
                -1.07959040717267E-001,
                -1.52793006643867E-001,
                -8.69939227966474E-002,
                -4.29152116077846E-002,
                -1.07942569110699E-001,
                -1.52864299375415E-001,
                -8.69659949429099E-002,
                1.66765707728065E-002,
                -1.94097784150049E-003,
                -1.57362086731030E-002,
                1.23934064170994E-003,
                1.65647175630093E-002,
                -1.79347256494067E-003,
                -1.57254396984945E-002,
                1.28921680479310E-003,
                -3.42544331966008E-001,
                -2.53366471682462E-001,
                -1.92086644972186E-001,
                -2.78020407552370E-001,
                -3.42732893476644E-001,
                -2.54216057230385E-001,
                -1.92222504581169E-001,
                -2.78213886328513E-001,
                2.06717286370846E+000,
                1.76373501645667E-005,
                2.79180356985085E-001,
                3.27552960842078E-001,
                -6.62770300228436E-004,
                -3.13617322242045E-001,
                -2.79238374147737E-001,
                -3.27657495289083E-001,
                5.62682126181882E-004,
                3.13499372912608E-001,
                -1.31130463443651E-001,
                -2.96691187855173E-001,
                -1.44515848172214E-002,
                3.17803831812427E-001,
                1.31040443383593E-001,
                2.96708987327510E-001,
                1.44636879859410E-002,
                -3.17884704912522E-001,
                -1.70723394982655E-001,
                4.97714016435704E-002,
                -2.34855663371968E-002,
                -6.59198155552175E-002,
                1.69757602032394E-001,
                -5.04799098175051E-002,
                2.26476861314626E-002,
                6.48700775854484E-002,
                -4.13674966228129E-004,
                -1.70614158298432E-005,
                1.97058554809592E-002,
                -2.43206575354448E-001,
                -5.29544576891724E-001,
                -2.56089129132768E-001,
                -1.97597104211378E-002,
                2.43000743878593E-001,
                5.29449465645416E-001,
                2.55995820772757E-001,
                1.66528267080801E-002,
                1.74007189194627E-001,
                5.63759662759875E-001,
                1.92360882880628E-001,
                -1.67671999019392E-002,
                -1.74055261741360E-001,
                -5.63779639967554E-001,
                -1.92397566532375E-001,
                3.45364891375255E-004,
                3.40629009665440E-002,
                -1.90705204074626E-001,
                4.97106382274227E-002,
                -1.06287672565843E-003,
                -3.50374648504493E-002,
                1.89673101100723E-001,
                -5.08613216576462E-002,
                -1.57557299248755E-004
            ],
        "d_CFy" : [
                -1.26967136606617E-016,
                -2.59525473900371E-001,
                -1.12149266492653E-001,
                -2.88709794099126E-005,
                1.12284640665857E-001,
                2.59524199867059E-001,
                1.12145854076186E-001,
                3.13053644366917E-005,
                -1.12284368773172E-001,
                -1.32227786295822E-001,
                -1.75745621469026E-001,
                -1.38842211868775E-004,
                1.74800745955225E-001,
                1.32354288532509E-001,
                1.75647798498695E-001,
                1.38135352260876E-004,
                -1.74742985553272E-001,
                5.27533930838987E-001,
                4.20449740138020E-001,
                1.21368731924681E-003,
                -4.07382494048276E-001,
                -5.27243223797284E-001,
                -4.20015368648842E-001,
                -9.64011041695578E-004,
                4.07044792741471E-001,
                -9.73446696895962E-005,
                2.00414856563363E-001,
                2.83870830347986E-001,
                5.02946423760868E-002,
                1.09953600192327E-001,
                5.04448669577719E-002,
                2.83872808620000E-001,
                5.02943519265543E-002,
                1.09950704566175E-001,
                5.04399932024688E-002,
                -6.27802741751302E-001,
                -3.37996219921757E-001,
                -1.34681201270770E-001,
                -3.37068573910295E-001,
                -6.27563606241083E-001,
                -3.37913198799834E-001,
                -1.34683511332742E-001,
                -3.37097796027336E-001,
                6.27007915827688E-001,
                2.77058638351911E-001,
                -2.30583918812830E-001,
                2.88002263468673E-001,
                6.27041983586984E-001,
                2.77329379341729E-001,
                -2.30368063360704E-001,
                2.88086805261135E-001,
                -2.38996569079003E-001,
                -4.77234658803752E-005,
                -1.71604247274564E-004,
                1.57702065076685E-002,
                8.81883361647124E-006,
                -1.58587720942585E-002,
                -1.69291666367208E-004,
                1.57693434642998E-002,
                6.09294448013960E-006,
                -1.58629727559797E-002,
                7.45016874920334E-003,
                2.15915633812896E-001,
                1.41320564268795E-004,
                -2.14568054255557E-001,
                7.66509014260781E-003,
                2.16028051918660E-001,
                1.39424348555754E-004,
                -2.14540355968743E-001,
                -1.35279046918881E-003,
                -4.90217714677376E-001,
                2.24361092023738E-003,
                4.82149506337322E-001,
                -1.32412762023805E-003,
                -4.89988672296655E-001,
                2.49876876134268E-003,
                4.82185108745852E-001,
                -4.02120072092615E-003
            ],