{
    "info" : {
        "generated_by" : "MachLine (c) 2023 USU Aerolab",
        "executed" : "Fri Jul 12 13:55:21 2024"
    },
    "mesh_info" : {
        "N_body_panels" : 48,
        "N_body_vertices" : 26,
        "N_wake_panels" : 0,
        "N_wake_filaments" : 0,
        "average_characteristic_length" : 4.76931360312427E-001,
        "max_flow_turning_angle" : 9.00000000000000E+001
    },
    "solver_results" : {
        "solver_status_code" : 0,
        "system_dimension" : 26,
        "timing" : {
            "system_sorting" : 2.30000000000000E-006,
            "preconditioner" : 1.21000000000000E-005,
            "matrix_solver" : 2.33000000000000E-005
        },
        "iterations" : 6,
        "residual" : {
            "max" : 6.66133814775094E-016,
            "norm" : 1.54270488344089E-015
        }
    },
    "pressure_calculations" : {
        "incompressible_rule" : {
            "max" : 6.44560835005801E-001,
            "min" : -6.48261996036803E-001
        }
    },
    "total_forces" : {
        "Cx" : 6.49962278442828E-010,
        "Cy" : 4.51028103753970E-016,
        "Cz" : 2.46330733588707E-016
    },
    "total_moments" : {
        "CMx" : 1.10328413072125E-015,
        "CMy" : 7.28583859910259E-017,
        "CMz" : 5.75928194024300E-016
    },
    "CF_sensitivities" : {
        "d_CFx" : [
                8.03890964379293E-001,
                -4.19494218726748E-002,
                -9.71268497432747E-002,
                -1.36029941803372E-001,
                -7.99482392897235E-002,
                -4.19494218823140E-002,
                -9.71268498234065E-002,
                -1.36029941658188E-001,
                -7.99482390235408E-002,
                2.51299489325780E-002,
                -1.28107731617622E-003,
                -2.30742731068689E-002,
                2.14498628787507E-003,
                2.51299488008065E-002,
                -1.28107700095614E-003,
                -2.30742731100380E-002,
                2.14498662947760E-003,
                -3.19067182428573E-001,
                -2.29153472115814E-001,
                -1.61528444624006E-001,
                -2.51529625211383E-001,
                -3.19067183776427E-001,
                -2.29153475576077E-001,
                -1.61528445911591E-001,
                -2.51529624576712E-001,
                1.82293621707427E+000,
                -5.56890140417720E-011,
                2.86903498415918E-001,
                3.11392719291386E-001,
                -2.43691453027857E-003,
                -3.01918803856028E-001,
                -2.86903498512319E-001,
                -3.11392719545536E-001,
                2.43691424704462E-003,
                3.01918803606409E-001,
                -1.18970827834316E-001,
                -2.70779608538917E-001,
                -1.48867421604625E-002,
                3.09289308808136E-001,
                1.18970827532650E-001,
                2.70779608636661E-001,
                1.48867422459268E-002,
                -3.09289309121751E-001,
                -1.76128412623592E-001,
                5.12542284803618E-002,
                -2.48195678767621E-002,
                -7.01198380665508E-002,
                1.76128410829020E-001,
                -5.12542299091017E-002,
                2.48195660002098E-002,
                7.01198357607010E-002,
                -6.42484988279847E-010,
                -7.41716121841559E-011,
                2.15530356426896E-002,
                -2.38109725167541E-001,
                -4.98627390169519E-001,
                -2.55808493042947E-001,
                -2.15530357189447E-002,
                2.38109724754927E-001,
                4.98627389964283E-001,
                2.55808492904645E-001,
                1.72242693248705E-002,
                1.53264321921304E-001,
                5.34949894998818E-001,
                1.88634693047111E-001,
                -1.72242695898052E-002,
                -1.53264322054912E-001,
                -5.34949895108570E-001,
                -1.88634693405595E-001,
                2.51175359019318E-003,
                3.76227826865317E-002,
                -1.99993271164205E-001,
                5.05423799006707E-002,
                -2.51175538654547E-003,
                -3.76227852546943E-002,
                1.99993269494949E-001,
                -5.05423816837992E-002,
                -1.61570269382506E-010
            ],
        "d_CFy" : [
                -5.93523187068402E-017,
                -2.60115749094982E-001,
                -1.12172440947142E-001,
                -7.17715937269394E-005,
                1.12359701230746E-001,
                2.60115749087304E-001,
                1.12172440952617E-001,
                7.17715959965877E-005,
                -1.12359701230121E-001,
                -1.40554331463317E-001,
                -1.68050127965800E-001,
                -1.49959575275668E-004,
                1.66130923190138E-001,
                1.40554332049077E-001,
                1.68050127770546E-001,
                1.49959576056212E-004,
                -1.66130923009554E-001,
                5.31036772686434E-001,
                4.07034589051939E-001,
                1.02905655056719E-003,
                -3.85883370253231E-001,
                -5.31036772319663E-001,
                -4.07034587917532E-001,
                -1.02905519128408E-003,
                3.85883370409500E-001,
                -9.29763859974091E-011,
                2.00532273929121E-001,
                2.85110976856661E-001,
                4.98841042870869E-002,
                1.09611483368301E-001,
                5.01254573063722E-002,
                2.85110976856403E-001,
                4.98841042820212E-002,
                1.09611483360940E-001,
                5.01254572950537E-002,
                -6.50183876054612E-001,
                -3.20037959648927E-001,
                -1.34587559470515E-001,
                -3.18024254194409E-001,
                -6.50183875590207E-001,
                -3.20037959481297E-001,
                -1.34587559473579E-001,
                -3.18024254262079E-001,
                6.54198333240876E-001,
                2.55938405693563E-001,
                -2.22306755079417E-001,
                2.63419039444845E-001,
                6.54198333598736E-001,
                2.55938406247915E-001,
                -2.22306754583511E-001,
                2.63419039935620E-001,
                -2.46840654915619E-001,
                -1.55575438485565E-004,
                -1.54619763862790E-004,
                1.56652007215871E-002,
                -1.66894229444666E-005,
                -1.56683245982549E-002,
                -1.54619756172672E-004,
                1.56652007161414E-002,
                -1.66894304491666E-005,
                -1.56683246074313E-002,
                8.43400008445285E-003,
                2.07416608648091E-001,
                1.52949976087922E-004,
                -2.03633524821402E-001,
                8.43400065376216E-003,
                2.07416608999417E-001,
                1.52949971340623E-004,
                -2.03633524825796E-001,
                -1.43508991712912E-003,
                -4.72735617461997E-001,
                6.57034352680690E-003,
                4.60504582902907E-001,
                -1.43508964208010E-003,
                -4.72735617123677E-001,
                6.57034417246597E-003,
                4.60504583176453E-001,
                -1.00254505686963E-002
            ],