{
    "info" : {
        "generated_by" : "MachLine (c) 2023 USU Aerolab",
        "executed" : "Fri Jul 12 13:55:14 2024"
    },
    "mesh_info" : {
        "N_body_panels" : 48,
        "N_body_vertices" : 26,
        "N_wake_panels" : 0,
        "N_wake_filaments" : 0,
        "average_characteristic_length" : 4.76931360312427E-001,
        "max_flow_turning_angle" : 9.00000000000000E+001
    },
    "solver_results" : {
        "solver_status_code" : 0,
        "system_dimension" : 26,
        "timing" : {
            "system_sorting" : 1.15000000000000E-005,
            "preconditioner" : 4.90000000000000E-006,
            "matrix_solver" : 1.37000000000000E-005
        },
        "iterations" : 6,
        "residual" : {
            "max" : 8.88178419700125E-016,
            "norm" : 2.65448918209835E-015
        }
    },
    "pressure_calculations" : {
        "incompressible_rule" : {
            "max" : 6.44561710066236E-001,
            "min" : -6.48259216973028E-001
        }
    },
    "total_forces" : {
        "Cx" : 1.28466207116595E-009,
        "Cy" : -8.81239525796218E-016,
        "Cz" : 5.03069808033274E-016
    },
    "total_moments" : {
        "CMx" : -1.41726907987305E-014,
        "CMy" : -3.74700270810990E-016,
        "CMz" : -1.27675647831893E-015
    },
    "CF_sensitivities" : {
        "d_CFx" : [
                8.03893098009046E-001,
                -4.20090089576710E-002,
                -9.72058619928807E-002,
                -1.36089010027692E-001,
                -7.99874952184355E-002,
                -4.20090087968609E-002,
                -9.72058622776654E-002,
                -1.36089010975467E-001,
                -7.99874944874186E-002,
                2.50906032942302E-002,
                -1.28849735526737E-003,
                -2.30859430008747E-002,
                2.15083132794391E-003,
                2.50906025569513E-002,
                -1.28849697130318E-003,
                -2.30859428405934E-002,
                2.15083234371383E-003,
                -3.19424131536590E-001,
                -2.29493507096158E-001,
                -1.61886429949362E-001,
                -2.51902330204389E-001,
                -3.19424133639861E-001,
                -2.29493514915942E-001,
                -1.61886426088971E-001,
                -2.51902325656177E-001,
                1.82293378272700E+000,
                -2.63202107919330E-011,
                2.86929748403143E-001,
                3.11460765726880E-001,
                -2.18238472483429E-003,
                -3.01883081175833E-001,
                -2.86929749164237E-001,
                -3.11460766363109E-001,
                2.18238389035485E-003,
                3.01883080425507E-001,
                -1.18971922493600E-001,
                -2.70823298464153E-001,
                -1.46738910764301E-002,
                3.09413769455514E-001,
                1.18971921349517E-001,
                2.70823298691457E-001,
                1.46738903062734E-002,
                -3.09413770672079E-001,
                -1.76342733754056E-001,
                5.13131859665733E-002,
                -2.42897799313011E-002,
                -6.96797718006164E-002,
                1.76342728045013E-001,
                -5.13131911397977E-002,
                2.42897725146297E-002,
                6.96797631602993E-002,
                -1.69799197371705E-009,
                -2.76798323099671E-010,
                2.16506243737521E-002,
                -2.38142815014252E-001,
                -4.98651071065611E-001,
                -2.55809440157318E-001,
                -2.16506250702057E-002,
                2.38142813485679E-001,
                4.98651070150306E-001,
                2.55809439253939E-001,
                1.71325135623541E-002,
                1.53302774803798E-001,
                5.34993289530511E-001,
                1.88760338131838E-001,
                -1.71325142543371E-002,
                -1.53302775501057E-001,
                -5.34993289881481E-001,
                -1.88760339347866E-001,
                2.70663426465432E-003,
                3.80255125960687E-002,
                -1.99836064035859E-001,
                5.05590585457606E-002,
                -2.70664079047957E-003,
                -3.80255208783558E-002,
                1.99836059357001E-001,
                -5.05590687115197E-002,
                -5.56354229367806E-010
            ],
        "d_CFy" : [
                -2.55029661191212E-017,
                -2.60116405733804E-001,
                -1.12173842510326E-001,
                -7.17722795560195E-005,
                1.12360611416657E-001,
                2.60116405748935E-001,
                1.12173842569329E-001,
                7.17722860188528E-005,
                -1.12360611450282E-001,
                -1.40723555472010E-001,
                -1.68050337747131E-001,
                -1.49921495668162E-004,
                1.66129406605977E-001,
                1.40723557373753E-001,
                1.68050336948655E-001,
                1.49921491058092E-004,
                -1.66129406080539E-001,
                5.31036989114746E-001,
                4.07034297292434E-001,
                1.02899438949394E-003,
                -3.85883674045442E-001,
                -5.31036986055606E-001,
                -4.07034291185563E-001,
                -1.02899009490709E-003,
                3.85883672648696E-001,
                -3.94546127630822E-010,
                2.00534167326984E-001,
                2.85110135491264E-001,
                4.98912746604140E-002,
                1.09619505760239E-001,
                5.01271526787628E-002,
                2.85110135509861E-001,
                4.98912746473373E-002,
                1.09619505731032E-001,
                5.01271526356590E-002,
                -6.50181036331412E-001,
                -3.20038675253557E-001,
                -1.34588483104625E-001,
                -3.18025308884665E-001,
                -6.50181033783595E-001,
                -3.20038674554144E-001,
                -1.34588483113265E-001,
                -3.18025309089214E-001,
                6.53984030266357E-001,
                2.55914015372989E-001,
                -2.22527040284563E-001,
                2.63419289756539E-001,
                6.53984032177980E-001,
                2.55914017164423E-001,
                -2.22527038161092E-001,
                2.63419290664860E-001,
                -2.46836954534717E-001,
                -1.49493696891514E-004,
                -1.51399817814374E-004,
                1.56602164660487E-002,
                -1.76678681117877E-005,
                -1.56619352336929E-002,
                -1.51399795934654E-004,
                1.56602164551521E-002,
                -1.76678907293681E-005,
                -1.56619352869744E-002,
                8.46595585708921E-003,
                2.07416230427346E-001,
                1.52952942191197E-004,
                -2.03610040148579E-001,
                8.46595778751761E-003,
                2.07416231728009E-001,
                1.52952933966067E-004,
                -2.03610040254283E-001,
                -1.89426493358202E-003,
                -4.72467530553129E-001,
                6.58730693858342E-003,
                4.60216721597245E-001,
                -1.89426400854200E-003,
                -4.72467529618016E-001,
                6.58730843393309E-003,
                4.60216722067221E-001,
                -9.35268230731097E-003
            ],