{
    "info" : {
        "generated_by" : "MachLine (c) 2023 USU Aerolab",
        "executed" : "Fri Jul 12 13:54:59 2024"
    },
    "mesh_info" : {
        "N_body_panels" : 48,
        "N_body_vertices" : 26,
        "N_wake_panels" : 0,
        "N_wake_filaments" : 0,
        "average_characteristic_length" : 4.76931360312427E-001,
        "max_flow_turning_angle" : 9.00000000000000E+001
    },
    "solver_results" : {
        "solver_status_code" : 0,
        "system_dimension" : 26,
        "timing" : {
            "system_sorting" : 1.90000000000000E-006,
            "preconditioner" : 5.60000000000000E-006,
            "matrix_solver" : 1.77000000000000E-005
        },
        "iterations" : 6,
        "residual" : {
            "max" : 1.33226762955019E-015,
            "norm" : 2.63054247559972E-015
        }
    },
    "pressure_calculations" : {
        "incompressible_rule" : {
            "max" : 6.44562067435185E-001,
            "min" : -6.48258135889546E-001
        }
    },
    "total_forces" : {
        "Cx" : 8.05001268561201E-008,
        "Cy" : 1.38777878078145E-016,
        "Cz" : 5.37764277552810E-016
    },
    "total_moments" : {
        "CMx" : -3.20460671887624E-013,
        "CMy" : -7.21644966006352E-016,
        "CMz" : 4.02455846426619E-016
    },
    "CF_sensitivities" : {
        "d_CFx" : [
                8.42882914633583E-001,
                -4.27876688599151E-002,
                -1.07859521787948E-001,
                -1.52918344650712E-001,
                -8.68956088626572E-002,
                -4.27876743074488E-002,
                -1.07859508673833E-001,
                -1.52918341844770E-001,
                -8.68955977087358E-002,
                1.66424219761905E-002,
                -1.88595536957559E-003,
                -1.57833224565300E-002,
                1.28241633389115E-003,
                1.66424213453387E-002,
                -1.88593494512768E-003,
                -1.57833309717970E-002,
                1.28244228456920E-003,
                -3.41540334112081E-001,
                -2.54018908028524E-001,
                -1.91035691676275E-001,
                -2.78142058302428E-001,
                -3.41540465357795E-001,
                -2.54018964001181E-001,
                -1.91035734357072E-001,
                -2.78141977383936E-001,
                2.06700176173749E+000,
                6.55779240890513E-010,
                2.79185211186794E-001,
                3.27550471635196E-001,
                -6.33707526247522E-004,
                -3.13507782918784E-001,
                -2.79185226081458E-001,
                -3.27550492450885E-001,
                6.33694364641844E-004,
                3.13507767622558E-001,
                -1.31317153589469E-001,
                -2.96715767923082E-001,
                -1.44500839110444E-002,
                3.17863074998038E-001,
                1.31317135570285E-001,
                2.96715769386593E-001,
                1.44500851931885E-002,
                -3.17863100257081E-001,
                -1.70047289589341E-001,
                4.98527116040748E-002,
                -2.27654115525084E-002,
                -6.52903808971430E-002,
                1.70047153486019E-001,
                -4.98527441712042E-002,
                2.27652906428143E-002,
                6.52902416114760E-002,
                -2.10111189327375E-008,
                -3.21211545496317E-009,
                1.97058036214728E-002,
                -2.42984864211123E-001,
                -5.29610503871839E-001,
                -2.56020997046629E-001,
                -1.97058112079186E-002,
                2.42984837386877E-001,
                5.29610488074110E-001,
                2.56020985291408E-001,
                1.66942938965299E-002,
                1.74226421026686E-001,
                5.63942591794632E-001,
                1.92361324526911E-001,
                -1.66943075636375E-002,
                -1.74226431110809E-001,
                -5.63942597106182E-001,
                -1.92361345548399E-001,
                6.49222036104863E-004,
                3.46331123667208E-002,
                -1.90543007248608E-001,
                5.07199046876817E-002,
                -6.49335037065787E-004,
                -3.46332495877129E-002,
                1.90542904558249E-001,
                -5.07200719845776E-002,
                -3.99363916335862E-008
            ],
        "d_CFy" : [
                -1.88202781708433E-016,
                -2.59506254044397E-001,
                -1.12165707533947E-001,
                -2.85093430358713E-005,
                1.12285903380524E-001,
                2.59506254169701E-001,
                1.12165708066590E-001,
                2.85101765656465E-005,
                -1.12285903421274E-001,
                -1.32105659529571E-001,
                -1.75634282970482E-001,
                -1.48071659343482E-004,
                1.74774281691299E-001,
                1.32105676628169E-001,
                1.75634266888725E-001,
                1.48071703402222E-004,
                -1.74774275010339E-001,
                5.26516104755637E-001,
                4.20544335556575E-001,
                1.39217281485882E-003,
                -4.07802946137577E-001,
                -5.26516096275121E-001,
                -4.20544296673063E-001,
                -1.39214929413815E-003,
                4.07802924905021E-001,
                -9.21434810043129E-009,
                2.00415850727844E-001,
                2.83900077115721E-001,
                5.02480676427636E-002,
                1.09962026775303E-001,
                5.03941364762025E-002,
                2.83900077587046E-001,
                5.02480672635878E-002,
                1.09962026299098E-001,
                5.03941358041318E-002,
                -6.27768096578534E-001,
                -3.37887273288952E-001,
                -1.34703606677836E-001,
                -3.37073467915127E-001,
                -6.27768063902557E-001,
                -3.37887258124384E-001,
                -1.34703606879891E-001,
                -3.37073471113451E-001,
                6.26815711091239E-001,
                2.77358075713990E-001,
                -2.30411048466177E-001,
                2.88223316484697E-001,
                6.26815731579871E-001,
                2.77358109875371E-001,
                -2.30411018404873E-001,
                2.88223321787411E-001,
                -2.38531994930995E-001,
                -5.30204270811168E-005,
                -1.69197068130344E-004,
                1.58450355354731E-002,
                5.70575421298373E-006,
                -1.59419772364742E-002,
                -1.69196705186495E-004,
                1.58450353403390E-002,
                5.70527398388669E-006,
                -1.59419780436479E-002,
                7.58322083665606E-003,
                2.15976733554995E-001,
                1.39876457753622E-004,
                -2.14524027934132E-001,
                7.58325664999419E-003,
                2.15976754847229E-001,
                1.39876208818442E-004,
                -2.14524041146435E-001,
                -1.46472622692856E-003,
                -4.89870807043285E-001,
                2.42715812431091E-003,
                4.81939864079361E-001,
                -1.46471572638203E-003,
                -4.89870788123727E-001,
                2.42719756938773E-003,
                4.81939870425824E-001,
                -3.84082920124565E-003
            ],