{
    "info" : {
        "generated_by" : "MachLine (c) 2023 USU Aerolab",
        "executed" : "Fri Jul 12 13:56:31 2024"
    },
    "mesh_info" : {
        "N_body_panels" : 48,
        "N_body_vertices" : 26,
        "N_wake_panels" : 0,
        "N_wake_filaments" : 0,
        "average_characteristic_length" : 4.76931360312427E-001,
        "max_flow_turning_angle" : 9.00000000000000E+001
    },
    "solver_results" : {
        "solver_status_code" : 0,
        "system_dimension" : 26,
        "timing" : {
            "system_sorting" : 1.90000000000000E-006,
            "preconditioner" : 6.30000000000000E-006,
            "matrix_solver" : 1.37000000000000E-005
        },
        "iterations" : 6,
        "residual" : {
            "max" : 8.88178419700125E-016,
            "norm" : 2.43554187578713E-015
        }
    },
    "pressure_calculations" : {
        "incompressible_rule" : {
            "max" : 5.71284069598461E-001,
            "min" : -8.32324735130785E-001
        }
    },
    "total_forces" : {
        "Cx" : -1.26772758957117E-011,
        "Cy" : -5.24580379135386E-015,
        "Cz" : 1.03042574473022E-015
    },
    "total_moments" : {
        "CMx" : 2.28983498828939E-016,
        "CMy" : 1.76941794549634E-016,
        "CMz" : -5.76622083414691E-015
    },
    "CF_sensitivities" : {
        "d_CFx" : [
                5.09230916797431E-001,
                -8.39511094971963E-002,
                -1.65854178640190E-001,
                -2.19424491648873E-001,
                -1.65854178640189E-001,
                -8.39511094971922E-002,
                -1.65854178640191E-001,
                -2.19424491648873E-001,
                -1.65854178640193E-001,
                1.85964211635667E-001,
                1.94504288386507E-001,
                1.85964211637586E-001,
                1.94504288386509E-001,
                1.85964211635673E-001,
                1.94504288386507E-001,
                1.85964211637590E-001,
                1.94504288386508E-001,
                -2.19424491647126E-001,
                -1.65854178640570E-001,
                -8.39511094997983E-002,
                -1.65854178640577E-001,
                -2.19424491647138E-001,
                -1.65854178640580E-001,
                -8.39511094997988E-002,
                -1.65854178640571E-001,
                5.09230916816607E-001,
                3.71754598924793E-014,
                -1.17233319033869E-001,
                1.84761114346241E-001,
                1.58289307162265E-014,
                -1.84761114346228E-001,
                1.17233319033872E-001,
                -1.84761114346225E-001,
                1.57915747023959E-014,
                1.84761114346244E-001,
                3.52573432191858E-001,
                -1.21637982981594E-001,
                -1.73089774705426E-014,
                1.21637982981565E-001,
                -3.52573432191908E-001,
                1.21637982981565E-001,
                -1.97784259396058E-014,
                -1.21637982981603E-001,
                -3.64886948192492E-001,
                -1.69683539565365E-002,
                -6.30090367142734E-015,
                1.69683539565416E-002,
                3.64886948192520E-001,
                1.69683539565387E-002,
                -2.00139206230960E-015,
                -1.69683539565358E-002,
                3.46543432050304E-014,
                3.84452391844378E-014,
                -2.27598361033859E-016,
                -1.69683539529243E-002,
                -3.64886948189075E-001,
                -1.69683539529233E-002,
                7.67078175126088E-017,
                1.69683539529411E-002,
                3.64886948189106E-001,
                1.69683539529387E-002,
                -1.86655389916046E-014,
                -1.21637982981718E-001,
                3.52573432192624E-001,
                -1.21637982981717E-001,
                -1.87619072896338E-014,
                1.21637982981681E-001,
                -3.52573432192654E-001,
                1.21637982981676E-001,
                1.11834400087739E-014,
                1.84761114349244E-001,
                -1.17233319029371E-001,
                1.84761114349241E-001,
                1.13435721773229E-014,
                -1.84761114349237E-001,
                1.17233319029352E-001,
                -1.84761114349232E-001,
                2.74669073325579E-014
            ],
        "d_CFy" : [
                8.61680807818266E-017,
                -2.36163494814503E-001,
                -1.34681484151791E-002,
                6.51952205385863E-016,
                1.34681484151767E-002,
                2.36163494814504E-001,
                1.34681484151800E-002,
                -1.93857798171622E-017,
                -1.34681484151773E-002,
                1.56234314913854E-001,
                -2.75871499889535E-002,
                1.55901831716974E-015,
                2.75871499889527E-002,
                -1.56234314913856E-001,
                2.75871499889573E-002,
                9.13701184106367E-016,
                -2.75871499889575E-002,
                -9.74993657955117E-002,
                1.26416174568771E-001,
                -1.46973045393663E-015,
                -1.26416174568771E-001,
                9.74993657955292E-002,
                -1.26416174568776E-001,
                2.42992792005923E-015,
                1.26416174568776E-001,
                2.17079242232529E-017,
                -1.44545176398280E-001,
                3.45268933007667E-001,
                5.46496318710037E-002,
                5.51005153556042E-002,
                5.46496318710319E-002,
                3.45268933007712E-001,
                5.46496318710354E-002,
                5.51005153556046E-002,
                5.46496318710031E-002,
                -2.69288046394930E-001,
                -2.44257939303762E-001,
                -1.14955843432947E-001,
                -2.44257939303742E-001,
                -2.69288046394953E-001,
                -2.44257939303745E-001,
                -1.14955843432948E-001,
                -2.44257939303765E-001,
                -5.94062932130908E-002,
                2.44131796343441E-001,
                1.04648350377055E-001,
                2.44131796343417E-001,
                -5.94062932131362E-002,
                2.44131796343419E-001,
                1.04648350377052E-001,
                2.44131796343449E-001,
                -1.96284010643203E-001,
                1.12757025938528E-016,
                -2.71414835051331E-014,
                -2.97666976092166E-002,
                2.39277207783146E-016,
                2.97666976092127E-002,
                2.30581612831183E-014,
                -2.97666976091867E-002,
                6.33288700633261E-016,
                2.97666976091856E-002,
                1.49984191732955E-014,
                1.15054498354627E-001,
                1.18846331496088E-015,
                -1.15054498354627E-001,
                -1.19502931855697E-014,
                1.15054498354657E-001,
                -1.52499966930031E-015,
                -1.15054498354657E-001,
                2.81857870376712E-014,
                -8.90930337195960E-002,
                3.75960291936747E-016,
                8.90930337196008E-002,
                -2.34280368542616E-014,
                -8.90930337196295E-002,
                4.00328463562990E-016,
                8.90930337196305E-002,
                -3.98986399474660E-015
            ],