{
    "info" : {
        "generated_by" : "MachLine (c) 2023 USU Aerolab",
        "executed" : "Fri Jul 12 13:54:41 2024"
    },
    "mesh_info" : {
        "N_body_panels" : 48,
        "N_body_vertices" : 26,
        "N_wake_panels" : 0,
        "N_wake_filaments" : 0,
        "average_characteristic_length" : 4.76931360312427E-001,
        "max_flow_turning_angle" : 9.00000000000000E+001
    },
    "solver_results" : {
        "solver_status_code" : 0,
        "system_dimension" : 26,
        "timing" : {
            "system_sorting" : 2.30000000000000E-006,
            "preconditioner" : 5.40000000000000E-006,
            "matrix_solver" : 1.42000000000000E-005
        },
        "iterations" : 6,
        "residual" : {
            "max" : 2.88657986402541E-015,
            "norm" : 7.41839703318142E-015
        }
    },
    "pressure_calculations" : {
        "incompressible_rule" : {
            "max" : 6.44563019473874E-001,
            "min" : -6.48258793741219E-001
        }
    },
    "total_forces" : {
        "Cx" : -2.82418800845452E-007,
        "Cy" : -6.93889390390723E-018,
        "Cz" : 5.20417042793042E-017
    },
    "total_moments" : {
        "CMx" : -1.98184350874708E-012,
        "CMy" : 5.89805981832114E-017,
        "CMz" : -2.63677968348475E-016
    },
    "CF_sensitivities" : {
        "d_CFx" : [
                8.42882740247259E-001,
                -4.27882283559894E-002,
                -1.07860679305266E-001,
                -1.52917897858775E-001,
                -8.68962326179995E-002,
                -4.27885851641100E-002,
                -1.07860752908459E-001,
                -1.52917914579475E-001,
                -8.68966170724932E-002,
                1.66427949639649E-002,
                -1.88658861463287E-003,
                -1.57828031948912E-002,
                1.28164397324793E-003,
                1.66424724278729E-002,
                -1.88591915397462E-003,
                -1.57829233843865E-002,
                1.28222200895522E-003,
                -3.41543375007650E-001,
                -2.54014987096892E-001,
                -1.91039913641416E-001,
                -2.78141052540543E-001,
                -3.41546021041539E-001,
                -2.54021876864110E-001,
                -1.91043918733707E-001,
                -2.78143972668725E-001,
                2.06700043255714E+000,
                -6.70985817089922E-008,
                2.79184849517278E-001,
                3.27550550350087E-001,
                -6.33866647459246E-004,
                -3.13508080647458E-001,
                -2.79185329885789E-001,
                -3.27551106715476E-001,
                6.33214667720625E-004,
                3.13507667214764E-001,
                -1.31316325298033E-001,
                -2.96716115769480E-001,
                -1.44499271934581E-002,
                3.17862550985912E-001,
                1.31315827347524E-001,
                2.96716222100124E-001,
                1.44499010970542E-002,
                -3.17863130268919E-001,
                -1.70050220243172E-001,
                4.98515220787391E-002,
                -2.27683935642422E-002,
                -6.52931310856252E-002,
                1.70045941290997E-001,
                -4.98536881381150E-002,
                2.27643866838347E-002,
                6.52884850054909E-002,
                -1.97472795576223E-006,
                -1.96783265710621E-007,
                1.97057571294382E-002,
                -2.42985942283623E-001,
                -5.29610417043090E-001,
                -2.56021313483056E-001,
                -1.97059962103535E-002,
                2.42985153436643E-001,
                5.29610061216318E-001,
                2.56020798898979E-001,
                1.66942640732116E-002,
                1.74226179568978E-001,
                5.63942681057868E-001,
                1.92360948347970E-001,
                -1.66944870172255E-002,
                -1.74226475579559E-001,
                -5.63942924037954E-001,
                -1.92361648636229E-001,
                6.47672418712642E-004,
                3.46308932957878E-002,
                -1.90541549390775E-001,
                5.07149967709968E-002,
                -6.51348754747730E-004,
                -3.46350724999115E-002,
                1.90539391377780E-001,
                -5.07196032852686E-002,
                1.13093402215212E-007
            ],
        "d_CFy" : [
                2.16662441200740E-017,
                -2.59505917243035E-001,
                -1.12165751941418E-001,
                -2.85127543217440E-005,
                1.12285898768814E-001,
                2.59505921825143E-001,
                1.12165764100159E-001,
                2.85203380497975E-005,
                -1.12285904853347E-001,
                -1.32106325891089E-001,
                -1.75634457806849E-001,
                -1.48103611221560E-004,
                1.74774156716353E-001,
                1.32107092152047E-001,
                1.75633968111064E-001,
                1.48108032714481E-004,
                -1.74773884153297E-001,
                5.26520483087401E-001,
                4.20543445022132E-001,
                1.39099621887848E-003,
                -4.07802957120129E-001,
                -5.26519278499952E-001,
                -4.20540693742747E-001,
                -1.38924784460599E-003,
                4.07801003256412E-001,
                -2.38055731077764E-007,
                2.00415925018140E-001,
                2.83899957565627E-001,
                5.02482879110625E-002,
                1.09962044380067E-001,
                5.03943014657666E-002,
                2.83899975068671E-001,
                5.02482801060427E-002,
                1.09962029620879E-001,
                5.03942774803366E-002,
                -6.27768529389147E-001,
                -3.37887528650508E-001,
                -1.34703511380934E-001,
                -3.37073419715277E-001,
                -6.27767270903274E-001,
                -3.37887094938454E-001,
                -1.34703517365840E-001,
                -3.37073520929490E-001,
                6.26817054337384E-001,
                2.77356578025893E-001,
                -2.30412162721760E-001,
                2.88222630525597E-001,
                6.26817118080528E-001,
                2.77357896097730E-001,
                -2.30410980561741E-001,
                2.88222631860829E-001,
                -2.38534624289167E-001,
                -5.29932055032189E-005,
                -1.69204029031403E-004,
                1.58447196834550E-002,
                5.71526340234405E-006,
                -1.59417408769735E-002,
                -1.69193353280079E-004,
                1.58447154737554E-002,
                5.70084413234911E-006,
                -1.59417619399039E-002,
                7.58306884161969E-003,
                2.15976200457324E-001,
                1.39835975630019E-004,
                -2.14523768201979E-001,
                7.58410705126143E-003,
                2.15976858474456E-001,
                1.39826727918655E-004,
                -2.14524157680546E-001,
                -1.46477485234861E-003,
                -4.89872489037035E-001,
                2.42695568645626E-003,
                4.81940388196260E-001,
                -1.46395458287558E-003,
                -4.89871363289632E-001,
                2.42759273018278E-003,
                4.81940874203427E-001,
                -3.84207612309879E-003
            ],