{
    "info" : {
        "generated_by" : "MachLine (c) 2023 USU Aerolab",
        "executed" : "Fri Jul 12 13:55:13 2024"
    },
    "mesh_info" : {
        "N_body_panels" : 48,
        "N_body_vertices" : 26,
        "N_wake_panels" : 0,
        "N_wake_filaments" : 0,
        "average_characteristic_length" : 4.76931360312427E-001,
        "max_flow_turning_angle" : 9.00000000000000E+001
    },
    "solver_results" : {
        "solver_status_code" : 0,
        "system_dimension" : 26,
        "timing" : {
            "system_sorting" : 1.90000000000000E-006,
            "preconditioner" : 5.70000000000000E-006,
            "matrix_solver" : 1.48000000000000E-005
        },
        "iterations" : 6,
        "residual" : {
            "max" : 4.44089209850063E-016,
            "norm" : 8.28700082063184E-016
        }
    },
    "pressure_calculations" : {
        "incompressible_rule" : {
            "max" : 6.44561774169671E-001,
            "min" : -6.48259014990531E-001
        }
    },
    "total_forces" : {
        "Cx" : 3.71877921512276E-009,
        "Cy" : -1.72778458207290E-015,
        "Cz" : -2.04697370165263E-016
    },
    "total_moments" : {
        "CMx" : 6.72378819288610E-015,
        "CMy" : 2.98372437868011E-016,
        "CMz" : -1.59594559789866E-015
    },
    "CF_sensitivities" : {
        "d_CFx" : [
                8.03893255132006E-001,
                -4.20087904534607E-002,
                -9.72058419238063E-002,
                -1.36281887229231E-001,
                -7.99855128577899E-002,
                -4.20087897601742E-002,
                -9.72058428531336E-002,
                -1.36281887214389E-001,
                -7.99855131539936E-002,
                2.47779790205409E-002,
                -1.43887759027583E-003,
                -2.30815645961682E-002,
                2.01962186898719E-003,
                2.47779780702324E-002,
                -1.43887693505174E-003,
                -2.30815656150705E-002,
                2.01962263761923E-003,
                -3.19231110166063E-001,
                -2.29493440416729E-001,
                -1.61901786863543E-001,
                -2.52040129221145E-001,
                -3.19231112595756E-001,
                -2.29493447137503E-001,
                -1.61901783843186E-001,
                -2.52040123244897E-001,
                1.82293361070774E+000,
                -2.73751327109482E-010,
                2.86927535289260E-001,
                3.11460624293109E-001,
                -2.18238453050151E-003,
                -3.01634283169727E-001,
                -2.86927535806526E-001,
                -3.11460625219371E-001,
                2.18238325607949E-003,
                3.01634282380012E-001,
                -1.19398403226605E-001,
                -2.71084927464000E-001,
                -1.45239426871582E-002,
                3.09802997319514E-001,
                1.19398402060236E-001,
                2.71084927311083E-001,
                1.45239435042523E-002,
                -3.09802999086793E-001,
                -1.76342796289841E-001,
                5.13130390447848E-002,
                -2.42585654037664E-002,
                -6.95111996363241E-002,
                1.76342789934725E-001,
                -5.13130444647653E-002,
                2.42585564423372E-002,
                6.95111896923706E-002,
                -2.39091583343069E-009,
                -2.71302858789257E-010,
                2.16501742815493E-002,
                -2.38142876035644E-001,
                -4.98651065020776E-001,
                -2.55807090188271E-001,
                -2.16501748775454E-002,
                2.38142874450441E-001,
                4.98651063877542E-001,
                2.55807089406646E-001,
                1.71362463565738E-002,
                1.53398349494761E-001,
                5.35419546295963E-001,
                1.89082377332111E-001,
                -1.71362472800851E-002,
                -1.53398349737633E-001,
                -5.35419546454643E-001,
                -1.89082379033687E-001,
                2.70663200318885E-003,
                3.80365256534692E-002,
                -1.99672250462451E-001,
                5.07971686378459E-002,
                -2.70664022341325E-003,
                -3.80365353754196E-002,
                1.99672244604505E-001,
                -5.07971785822693E-002,
                6.51226432208200E-011
            ],
        "d_CFy" : [
                -6.58910698613368E-017,
                -2.60117518249550E-001,
                -1.12173926848177E-001,
                -7.17723417471130E-005,
                1.12367082494596E-001,
                2.60117518274602E-001,
                1.12173926874668E-001,
                7.17723627869888E-005,
                -1.12367082500835E-001,
                -1.41745845649372E-001,
                -1.68008666242060E-001,
                -1.50194161872605E-004,
                1.66138561267714E-001,
                1.41745847085022E-001,
                1.68008665029112E-001,
                1.50194163858606E-004,
                -1.66138560579592E-001,
                5.31034533008707E-001,
                4.07034294982434E-001,
                1.12459285997801E-003,
                -3.85432673626578E-001,
                -5.31034530110174E-001,
                -4.07034289006547E-001,
                -1.12459274482625E-003,
                3.85432671869047E-001,
                -5.04590813456303E-010,
                2.00524138134095E-001,
                2.85117633371407E-001,
                4.98920687427292E-002,
                1.09619522972511E-001,
                5.01255134558606E-002,
                2.85117633390792E-001,
                4.98920687283489E-002,
                1.09619522937959E-001,
                5.01255134008156E-002,
                -6.50182637580951E-001,
                -3.20037534105354E-001,
                -1.34574001702571E-001,
                -3.17809334974837E-001,
                -6.50182634864384E-001,
                -3.20037533300900E-001,
                -1.34574001717777E-001,
                -3.17809335179830E-001,
                6.53983882014399E-001,
                2.55913990759602E-001,
                -2.22526934135055E-001,
                2.62678644653995E-001,
                6.53983882065471E-001,
                2.55913992949119E-001,
                -2.22526932095760E-001,
                2.62678647089968E-001,
                -2.46118704373206E-001,
                -1.59660564591457E-004,
                -1.49953477225833E-004,
                1.56602112771812E-002,
                -1.76682190604944E-005,
                -1.56619299943745E-002,
                -1.49953465971929E-004,
                1.56602112592998E-002,
                -1.76682496093442E-005,
                -1.56619300458410E-002,
                8.49556393407903E-003,
                2.07404614275917E-001,
                1.52083615437080E-004,
                -2.03603880175617E-001,
                8.49556641499943E-003,
                2.07404615771719E-001,
                1.52083602007549E-004,
                -2.03603880541139E-001,
                -1.89426453823510E-003,
                -4.72467380739634E-001,
                6.05228179050957E-003,
                4.60215652345182E-001,
                -1.89426424233169E-003,
                -4.72467378536396E-001,
                6.05228382316467E-003,
                4.60215653444487E-001,
                -1.00706632809539E-002
            ],