{
    "info" : {
        "generated_by" : "MachLine (c) 2023 USU Aerolab",
        "executed" : "Fri Jul 12 13:56:20 2024"
    },
    "mesh_info" : {
        "N_body_panels" : 48,
        "N_body_vertices" : 26,
        "N_wake_panels" : 0,
        "N_wake_filaments" : 0,
        "average_characteristic_length" : 4.76931360312427E-001,
        "max_flow_turning_angle" : 9.00000000000000E+001
    },
    "solver_results" : {
        "solver_status_code" : 0,
        "system_dimension" : 26,
        "timing" : {
            "system_sorting" : 2.00000000000000E-006,
            "preconditioner" : 6.70000000000000E-006,
            "matrix_solver" : 1.64000000000000E-005
        },
        "iterations" : 6,
        "residual" : {
            "max" : 6.66133814775094E-016,
            "norm" : 1.50700251838589E-015
        }
    },
    "pressure_calculations" : {
        "incompressible_rule" : {
            "max" : 6.23468986224667E-001,
            "min" : -7.12625173812026E-001
        }
    },
    "total_forces" : {
        "Cx" : -8.37034608291987E-012,
        "Cy" : 2.28983498828939E-016,
        "Cz" : -6.66133814775094E-016
    },
    "total_moments" : {
        "CMx" : 2.16840434497101E-016,
        "CMy" : 3.98986399474666E-016,
        "CMz" : 1.80411241501588E-016
    },
    "CF_sensitivities" : {
        "d_CFx" : [
                5.16049715188985E-001,
                -2.69192754919358E-002,
                -1.04909847894644E-001,
                -1.82210650807704E-001,
                -1.04909847894639E-001,
                -2.69192754919345E-002,
                -1.04909847894641E-001,
                -1.82210650807701E-001,
                -1.04909847894641E-001,
                8.03521638605098E-002,
                8.05726006322960E-002,
                8.03521638636571E-002,
                8.05726006322922E-002,
                8.03521638605105E-002,
                8.05726006322982E-002,
                8.03521638636580E-002,
                8.05726006322960E-002,
                -1.82210650807259E-001,
                -1.04909847895483E-001,
                -2.69192754942050E-002,
                -1.04909847895505E-001,
                -1.82210650807278E-001,
                -1.04909847895536E-001,
                -2.69192754942037E-002,
                -1.04909847895526E-001,
                5.16049715197311E-001,
                1.67716971242354E-014,
                9.04025400011920E-002,
                2.54508588971181E-001,
                6.07158979688887E-015,
                -2.54508588971179E-001,
                -9.04025400011954E-002,
                -2.54508588971179E-001,
                5.54836893972006E-015,
                2.54508588971182E-001,
                2.69220075026176E-001,
                -7.93544207301976E-002,
                -8.23971798348538E-015,
                7.93544207301776E-002,
                -2.69220075026198E-001,
                7.93544207301787E-002,
                -9.66012054821866E-015,
                -7.93544207301964E-002,
                -4.69941737548059E-001,
                -1.42630975822571E-001,
                -2.39267430019554E-014,
                1.42630975822536E-001,
                4.69941737548032E-001,
                1.42630975822551E-001,
                -6.92934827369834E-015,
                -1.42630975822573E-001,
                -6.75177499008415E-015,
                1.58425288030209E-014,
                -2.37453075224742E-015,
                -1.42630975818954E-001,
                -4.69941737544087E-001,
                -1.42630975818950E-001,
                -2.23448817624585E-015,
                1.42630975818955E-001,
                4.69941737544095E-001,
                1.42630975818953E-001,
                -7.79404638574345E-015,
                -7.93544207329582E-002,
                2.69220075022129E-001,
                -7.93544207329594E-002,
                -1.35101128500532E-014,
                7.93544207329404E-002,
                -2.69220075022147E-001,
                7.93544207329404E-002,
                -7.24527228353089E-015,
                2.54508588974197E-001,
                9.04025400067059E-002,
                2.54508588974182E-001,
                -9.02563193227880E-015,
                -2.54508588974228E-001,
                -9.04025400067213E-002,
                -2.54508588974211E-001,
                1.26313440862847E-014
            ],
        "d_CFy" : [
                -2.09992359277694E-017,
                -2.51896776740237E-001,
                -8.80478651493128E-002,
                5.32179221810016E-016,
                8.80478651493137E-002,
                2.51896776740237E-001,
                8.80478651493124E-002,
                2.12990102230283E-016,
                -8.80478651493125E-002,
                1.17612237578282E-001,
                -3.24800475218339E-002,
                4.72573688434544E-016,
                3.24800475218307E-002,
                -1.17612237578274E-001,
                3.24800475218305E-002,
                4.41348665866962E-016,
                -3.24800475218286E-002,
                6.97857716104908E-002,
                1.42952431503537E-001,
                -1.05634165129684E-014,
                -1.42952431503548E-001,
                -6.97857716104848E-002,
                -1.42952431503526E-001,
                2.01411890118211E-014,
                1.42952431503530E-001,
                -5.22695853631143E-015,
                1.33586717602170E-001,
                3.15807629447687E-001,
                4.40686826723761E-002,
                9.81956600251426E-002,
                4.40686826723934E-002,
                3.15807629447711E-001,
                4.40686826723931E-002,
                9.81956600251419E-002,
                4.40686826723762E-002,
                -4.27513167805254E-001,
                -2.86071171036500E-001,
                -1.34522785001371E-001,
                -2.86071171036490E-001,
                -4.27513167805257E-001,
                -2.86071171036488E-001,
                -1.34522785001371E-001,
                -2.86071171036497E-001,
                -8.20946666761909E-002,
                2.09730944316564E-001,
                1.62105941416660E-001,
                2.09730944316555E-001,
                -8.20946666762103E-002,
                2.09730944316558E-001,
                1.62105941416668E-001,
                2.09730944316573E-001,
                1.31542235774635E-001,
                -1.76074432811646E-016,
                -1.12540185503995E-014,
                7.47708534808197E-003,
                5.55920691709747E-016,
                -7.47708534808200E-003,
                1.21926123711202E-014,
                7.47708534809874E-003,
                8.76617178776476E-017,
                -7.47708534809852E-003,
                5.49560397189452E-015,
                1.50345987495598E-001,
                2.71193449793780E-017,
                -1.50345987495602E-001,
                -2.06399567576066E-015,
                1.50345987495611E-001,
                -1.41611094393848E-016,
                -1.50345987495607E-001,
                8.06516312068517E-015,
                5.89552198543786E-004,
                -4.63347527818919E-015,
                -5.89552198551474E-004,
                -9.58066684661604E-015,
                5.89552198537735E-004,
                7.07379752801956E-015,
                -5.89552198534515E-004,
                -1.20875531806064E-014
            ],