{
    "info" : {
        "generated_by" : "MachLine (c) 2023 USU Aerolab",
        "executed" : "Fri Jul 12 13:56:25 2024"
    },
    "mesh_info" : {
        "N_body_panels" : 48,
        "N_body_vertices" : 26,
        "N_wake_panels" : 0,
        "N_wake_filaments" : 0,
        "average_characteristic_length" : 4.76931360312427E-001,
        "max_flow_turning_angle" : 9.00000000000000E+001
    },
    "solver_results" : {
        "solver_status_code" : 0,
        "system_dimension" : 26,
        "timing" : {
            "system_sorting" : 1.90000000000000E-006,
            "preconditioner" : 5.30000000000000E-006,
            "matrix_solver" : 1.54000000000000E-005
        },
        "iterations" : 6,
        "residual" : {
            "max" : 8.88178419700125E-016,
            "norm" : 1.52384176801520E-015
        }
    },
    "pressure_calculations" : {
        "incompressible_rule" : {
            "max" : 6.08144386885445E-001,
            "min" : -7.54355371410250E-001
        }
    },
    "total_forces" : {
        "Cx" : -9.22875664777223E-012,
        "Cy" : -2.42861286636753E-016,
        "Cz" : -1.56125112837913E-016
    },
    "total_moments" : {
        "CMx" : 1.50920942409982E-016,
        "CMy" : 1.49186218934005E-016,
        "CMz" : -8.32667268468867E-017
    },
    "CF_sensitivities" : {
        "d_CFx" : [
                4.91553429791818E-001,
                -3.51674062785959E-002,
                -1.16376378585417E-001,
                -1.94061041282521E-001,
                -1.16376378585416E-001,
                -3.51674062785959E-002,
                -1.16376378585415E-001,
                -1.94061041282520E-001,
                -1.16376378585416E-001,
                1.07253400796339E-001,
                1.08951089037467E-001,
                1.07253400798618E-001,
                1.08951089037466E-001,
                1.07253400796341E-001,
                1.08951089037469E-001,
                1.07253400798619E-001,
                1.08951089037465E-001,
                -1.94061041281756E-001,
                -1.16376378586199E-001,
                -3.51674062809807E-002,
                -1.16376378586210E-001,
                -1.94061041281773E-001,
                -1.16376378586214E-001,
                -3.51674062809890E-002,
                -1.16376378586196E-001,
                4.91553429802718E-001,
                2.01192227266996E-014,
                4.27486113007437E-002,
                2.41027601866478E-001,
                9.15439463438342E-015,
                -2.41027601866471E-001,
                -4.27486113007474E-002,
                -2.41027601866472E-001,
                7.30016058515889E-015,
                2.41027601866477E-001,
                2.96059686960353E-001,
                -8.99282257575859E-002,
                -1.15120854706591E-014,
                8.99282257575670E-002,
                -2.96059686960375E-001,
                8.99282257575677E-002,
                -8.52330624602326E-015,
                -8.99282257575864E-002,
                -4.55026908054980E-001,
                -1.15714061341947E-001,
                -1.46233819143650E-014,
                1.15714061341940E-001,
                4.55026908054973E-001,
                1.15714061341945E-001,
                -5.34067768192428E-015,
                -1.15714061341952E-001,
                1.35366874557615E-014,
                1.99486893727493E-014,
                -1.52767158860016E-015,
                -1.15714061338284E-001,
                -4.55026908051218E-001,
                -1.15714061338284E-001,
                -1.44244078115370E-015,
                1.15714061338291E-001,
                4.55026908051233E-001,
                1.15714061338290E-001,
                -8.06988197171639E-015,
                -8.99282257597663E-002,
                2.96059686957233E-001,
                -8.99282257597654E-002,
                -1.30812681749725E-014,
                8.99282257597468E-002,
                -2.96059686957252E-001,
                8.99282257597444E-002,
                -1.35364083284381E-015,
                2.41027601869456E-001,
                4.27486113065010E-002,
                2.41027601869443E-001,
                -2.41459674147166E-016,
                -2.41027601869470E-001,
                -4.27486113065142E-002,
                -2.41027601869458E-001,
                1.29457232097811E-014
            ],
        "d_CFy" : [
                -2.02628715005711E-016,
                -2.44824408102273E-001,
                -6.71704036297236E-002,
                -4.79857887329924E-016,
                6.71704036297243E-002,
                2.44824408102272E-001,
                6.71704036297235E-002,
                1.59387713567529E-016,
                -6.71704036297244E-002,
                1.28004955116295E-001,
                -3.25642112543810E-002,
                1.37935055208386E-015,
                3.25642112543795E-002,
                -1.28004955116291E-001,
                3.25642112543790E-002,
                1.23884530141350E-017,
                -3.25642112543790E-002,
                2.72608400745051E-002,
                1.34687782679927E-001,
                -6.48588297421878E-015,
                -1.34687782679928E-001,
                -2.72608400744974E-002,
                -1.34687782679921E-001,
                9.43193964134441E-015,
                1.34687782679920E-001,
                -2.60354905461488E-015,
                7.29886222641547E-002,
                3.32762173516300E-001,
                4.16623402093846E-002,
                9.01694770726892E-002,
                4.16623402094061E-002,
                3.32762173516328E-001,
                4.16623402094055E-002,
                9.01694770726894E-002,
                4.16623402093869E-002,
                -3.94347889579866E-001,
                -2.76051910166740E-001,
                -1.32011907160188E-001,
                -2.76051910166728E-001,
                -3.94347889579875E-001,
                -2.76051910166727E-001,
                -1.32011907160188E-001,
                -2.76051910166739E-001,
                -8.91261908766191E-002,
                2.19654466441760E-001,
                1.52574565847568E-001,
                2.19654466441744E-001,
                -8.91261908766426E-002,
                2.19654466441748E-001,
                1.52574565847573E-001,
                2.19654466441764E-001,
                6.59113341584002E-002,
                -4.16550474668931E-016,
                -1.25741431156179E-014,
                1.60041608158823E-003,
                -1.74779039632609E-016,
                -1.60041608158529E-003,
                1.39896774720150E-014,
                1.60041608160658E-003,
                -6.45745164504421E-016,
                -1.60041608160541E-003,
                6.46011022453763E-015,
                1.40589100987366E-001,
                9.79856136635946E-016,
                -1.40589100987369E-001,
                -3.87829959119790E-015,
                1.40589100987379E-001,
                -2.37394488917873E-016,
                -1.40589100987382E-001,
                1.15853507343111E-014,
                -1.53857584656527E-002,
                -2.90618396123986E-015,
                1.53857584656454E-002,
                -1.11114053071362E-014,
                -1.53857584656641E-002,
                6.57548655504924E-016,
                1.53857584656665E-002,
                -5.24927323830582E-015
            ],