{
    "info" : {
        "generated_by" : "MachLine (c) 2023 USU Aerolab",
        "executed" : "Fri Jul 12 13:55:26 2024"
    },
    "mesh_info" : {
        "N_body_panels" : 48,
        "N_body_vertices" : 26,
        "N_wake_panels" : 0,
        "N_wake_filaments" : 0,
        "average_characteristic_length" : 4.76931360312427E-001,
        "max_flow_turning_angle" : 9.00000000000000E+001
    },
    "solver_results" : {
        "solver_status_code" : 0,
        "system_dimension" : 26,
        "timing" : {
            "system_sorting" : 1.90000000000000E-006,
            "preconditioner" : 5.40000000000000E-006,
            "matrix_solver" : 1.42000000000000E-005
        },
        "iterations" : 6,
        "residual" : {
            "max" : 6.66133814775094E-016,
            "norm" : 1.59284869911543E-015
        }
    },
    "pressure_calculations" : {
        "incompressible_rule" : {
            "max" : 6.44558762589624E-001,
            "min" : -6.48268579892975E-001
        }
    },
    "total_forces" : {
        "Cx" : 2.65001673382947E-010,
        "Cy" : -7.35522753814166E-016,
        "Cz" : -2.77555756156289E-016
    },
    "total_moments" : {
        "CMx" : -1.91513471747840E-015,
        "CMy" : 2.25514051876985E-016,
        "CMz" : -7.91033905045424E-016
    },
    "CF_sensitivities" : {
        "d_CFx" : [
                8.03886023856189E-001,
                -4.19493939351212E-002,
                -9.71275305314204E-002,
                -1.36031131088073E-001,
                -7.99487815946855E-002,
                -4.19493939354658E-002,
                -9.71275304991910E-002,
                -1.36031131253900E-001,
                -7.99487816261802E-002,
                2.51331014969780E-002,
                -1.27822645715447E-003,
                -2.30717540764338E-002,
                2.14788669252042E-003,
                2.51331015050633E-002,
                -1.27822636207209E-003,
                -2.30717540566407E-002,
                2.14788674470534E-003,
                -3.19070796613581E-001,
                -2.29155778812270E-001,
                -1.61529598756734E-001,
                -2.51532107554233E-001,
                -3.19070797098060E-001,
                -2.29155779091021E-001,
                -1.61529598746350E-001,
                -2.51532107714790E-001,
                1.82294219741562E+000,
                -1.35648238318804E-011,
                2.86899663408200E-001,
                3.11392233256173E-001,
                -2.43692869916434E-003,
                -3.01918204483530E-001,
                -2.86899663467847E-001,
                -3.11392233338026E-001,
                2.43692859783524E-003,
                3.01918204442350E-001,
                -1.18969820465137E-001,
                -2.70782569977999E-001,
                -1.48823370490118E-002,
                3.09292539968923E-001,
                1.18969820423895E-001,
                2.70782570004404E-001,
                1.48823369874195E-002,
                -3.09292540068073E-001,
                -1.76126331181118E-001,
                5.12589268536426E-002,
                -2.48176458376497E-002,
                -7.01246743311778E-002,
                1.76126330295849E-001,
                -5.12589274517126E-002,
                2.48176451736236E-002,
                7.01246734553848E-002,
                -2.20430302305252E-010,
                -4.52613467369326E-011,
                2.15531622991915E-002,
                -2.38107751526422E-001,
                -4.98627583750717E-001,
                -2.55806642112795E-001,
                -2.15531623324094E-002,
                2.38107751437312E-001,
                4.98627583642533E-001,
                2.55806642053908E-001,
                1.72243404519207E-002,
                1.53264963411589E-001,
                5.34956242301718E-001,
                1.88635560959971E-001,
                -1.72243405318099E-002,
                -1.53264963461700E-001,
                -5.34956242318053E-001,
                -1.88635561086347E-001,
                2.51177617230034E-003,
                3.76179545004576E-002,
                -2.00004103860655E-001,
                5.05398752371418E-002,
                -2.51177683216264E-003,
                -3.76179552699824E-002,
                2.00004103395660E-001,
                -5.05398762224920E-002,
                -1.29769526974506E-010
            ],
        "d_CFy" : [
                -4.19252511229145E-017,
                -2.60114205114757E-001,
                -1.12169718177298E-001,
                -7.17702070262653E-005,
                1.12356965903603E-001,
                2.60114205109997E-001,
                1.12169718182633E-001,
                7.17702089984370E-005,
                -1.12356965907299E-001,
                -1.40555366719840E-001,
                -1.68051615614731E-001,
                -1.49950963506168E-004,
                1.66132415356723E-001,
                1.40555366798199E-001,
                1.68051615561296E-001,
                1.49950963729466E-004,
                -1.66132415291675E-001,
                5.31036305154900E-001,
                4.07034691997967E-001,
                1.02903451338561E-003,
                -3.85883272109167E-001,
                -5.31036305038047E-001,
                -4.07034691910149E-001,
                -1.02903419111173E-003,
                3.85883271965670E-001,
                -7.22555311828442E-011,
                2.00527756252813E-001,
                2.85113370788215E-001,
                4.98828862920835E-002,
                1.09610921269930E-001,
                5.01242533905946E-002,
                2.85113370789724E-001,
                4.98828862906237E-002,
                1.09610921267221E-001,
                5.01242533865484E-002,
                -6.50183058913766E-001,
                -3.20036269826808E-001,
                -1.34587738006577E-001,
                -3.18022527061821E-001,
                -6.50183058714739E-001,
                -3.20036269751691E-001,
                -1.34587738007588E-001,
                -3.18022527078653E-001,
                6.54203299129381E-001,
                2.55939172830029E-001,
                -2.22303351467985E-001,
                2.63419906494854E-001,
                6.54203299288137E-001,
                2.55939173029953E-001,
                -2.22303351268427E-001,
                2.63419906561671E-001,
                -2.46849487913642E-001,
                -1.55562877842172E-004,
                -1.54548010632300E-004,
                1.56653644168399E-002,
                -1.66760868587684E-005,
                -1.56684914852910E-002,
                -1.54548009571864E-004,
                1.56653644167408E-002,
                -1.66760894736451E-005,
                -1.56684914892862E-002,
                8.43442961401842E-003,
                2.07415303910381E-001,
                1.52942852368699E-004,
                -2.03632195680176E-001,
                8.43442982154001E-003,
                2.07415304034670E-001,
                1.52942851043179E-004,
                -2.03632195716167E-001,
                -1.43509333033909E-003,
                -4.72750376570164E-001,
                6.57036042476846E-003,
                4.60509517772335E-001,
                -1.43509322620892E-003,
                -4.72750376397030E-001,
                6.57036058802984E-003,
                4.60509517809962E-001,
                -1.00255139864010E-002
            ],