{
    "info" : {
        "generated_by" : "MachLine (c) 2023 USU Aerolab",
        "executed" : "Fri Jul 12 13:54:58 2024"
    },
    "mesh_info" : {
        "N_body_panels" : 48,
        "N_body_vertices" : 26,
        "N_wake_panels" : 0,
        "N_wake_filaments" : 0,
        "average_characteristic_length" : 4.76931360312427E-001,
        "max_flow_turning_angle" : 9.00000000000000E+001
    },
    "solver_results" : {
        "solver_status_code" : 0,
        "system_dimension" : 26,
        "timing" : {
            "system_sorting" : 2.00000000000000E-006,
            "preconditioner" : 5.00000000000000E-006,
            "matrix_solver" : 1.38000000000000E-005
        },
        "iterations" : 6,
        "residual" : {
            "max" : 8.88178419700125E-016,
            "norm" : 1.91333152493781E-015
        }
    },
    "pressure_calculations" : {
        "incompressible_rule" : {
            "max" : 6.44562077724897E-001,
            "min" : -6.48258129909102E-001
        }
    },
    "total_forces" : {
        "Cx" : 1.10330581226670E-007,
        "Cy" : -4.64905891561784E-016,
        "Cz" : 1.45716771982052E-016
    },
    "total_moments" : {
        "CMx" : -6.35515945424103E-014,
        "CMy" : -6.59194920871187E-017,
        "CMz" : -5.20417042793042E-016
    },
    "CF_sensitivities" : {
        "d_CFx" : [
                8.42882923412955E-001,
                -4.27876638941211E-002,
                -1.07859505679734E-001,
                -1.52918340495365E-001,
                -8.68956058735512E-002,
                -4.27876771127776E-002,
                -1.07859510112272E-001,
                -1.52918336347391E-001,
                -8.68956008275015E-002,
                1.66424139361772E-002,
                -1.88594622029337E-003,
                -1.57833195775028E-002,
                1.28239409657982E-003,
                1.66423976125007E-002,
                -1.88593660412062E-003,
                -1.57833228273767E-002,
                1.28240712726013E-003,
                -3.41540568554082E-001,
                -2.54018776361932E-001,
                -1.91035778571027E-001,
                -2.78141933003119E-001,
                -3.41540746149538E-001,
                -2.54018857720352E-001,
                -1.91035766187213E-001,
                -2.78141960461898E-001,
                2.06700172363112E+000,
                1.38563907964505E-009,
                2.79185226193900E-001,
                3.27550474863913E-001,
                -6.33714219699180E-004,
                -3.13507794413577E-001,
                -2.79185243968464E-001,
                -3.27550496222190E-001,
                6.33693990539548E-004,
                3.13507771861893E-001,
                -1.31317122232845E-001,
                -2.96715748774566E-001,
                -1.44500876996929E-002,
                3.17863057195405E-001,
                1.31317110108613E-001,
                2.96715757959392E-001,
                1.44500836799191E-002,
                -3.17863079623530E-001,
                -1.70047349672396E-001,
                4.98526366803859E-002,
                -2.27654334088856E-002,
                -6.52903976253968E-002,
                1.70047207108674E-001,
                -4.98527591927605E-002,
                2.27652927538914E-002,
                6.52901834758381E-002,
                -3.45742857452621E-008,
                -1.02897734140068E-008,
                1.97058025060638E-002,
                -2.42984877302281E-001,
                -5.29610506151705E-001,
                -2.56021010559195E-001,
                -1.97058199201823E-002,
                2.42984855712072E-001,
                5.29610479574384E-001,
                2.56020988283081E-001,
                1.66943120994253E-002,
                1.74226411916106E-001,
                5.63942562438085E-001,
                1.92361312567780E-001,
                -1.66943309831759E-002,
                -1.74226421331151E-001,
                -5.63942558722670E-001,
                -1.92361336147694E-001,
                6.49171679488380E-004,
                3.46330874620013E-002,
                -1.90542933722833E-001,
                5.07198586994678E-002,
                -6.49316791718173E-004,
                -3.46332617597669E-002,
                1.90542777291162E-001,
                -5.07200248683113E-002,
                -2.63909456830090E-008
            ],
        "d_CFy" : [
                -1.45023117614984E-016,
                -2.59506260700214E-001,
                -1.12165714833633E-001,
                -2.85090962936521E-005,
                1.12285908842368E-001,
                2.59506260338547E-001,
                1.12165714437049E-001,
                2.85100168664699E-005,
                -1.12285908596494E-001,
                -1.32105663483943E-001,
                -1.75634283750449E-001,
                -1.48070525754502E-004,
                1.74774286143514E-001,
                1.32105688439329E-001,
                1.75634267387409E-001,
                1.48070610672867E-004,
                -1.74774270014969E-001,
                5.26516209855936E-001,
                4.20544328813941E-001,
                1.39213547523495E-003,
                -4.07802945635179E-001,
                -5.26516163166023E-001,
                -4.20544269464544E-001,
                -1.39208913923948E-003,
                4.07802951706500E-001,
                -1.56706581172565E-008,
                2.00415865662435E-001,
                2.83900075692316E-001,
                5.02480717796481E-002,
                1.09962028024548E-001,
                5.03941445194436E-002,
                2.83900075887312E-001,
                5.02480716474520E-002,
                1.09962027389969E-001,
                5.03941436069504E-002,
                -6.27768085038476E-001,
                -3.37887279369595E-001,
                -1.34703603876878E-001,
                -3.37073476942534E-001,
                -6.27768043347642E-001,
                -3.37887262879850E-001,
                -1.34703604138956E-001,
                -3.37073481915065E-001,
                6.26815722481523E-001,
                2.77358048433480E-001,
                -2.30411056102426E-001,
                2.88223318200909E-001,
                6.26815730089843E-001,
                2.77358113662036E-001,
                -2.30411006328698E-001,
                2.88223318434713E-001,
                -2.38531998148308E-001,
                -5.30201214470678E-005,
                -1.69196669014176E-004,
                1.58450347399241E-002,
                5.70614416354751E-006,
                -1.59419715429840E-002,
                -1.69196273150507E-004,
                1.58450344118503E-002,
                5.70545320959847E-006,
                -1.59419723929309E-002,
                7.58323173201998E-003,
                2.15976744341412E-001,
                1.39878709026222E-004,
                -2.14524029938294E-001,
                7.58326504316985E-003,
                2.15976771974943E-001,
                1.39878292598185E-004,
                -2.14524036377825E-001,
                -1.46473537732417E-003,
                -4.89870834038311E-001,
                2.42716393474570E-003,
                4.81939841390073E-001,
                -1.46471670816828E-003,
                -4.89870785040651E-001,
                2.42719097877623E-003,
                4.81939851633261E-001,
                -3.84085480296483E-003
            ],