{
    "info" : {
        "generated_by" : "MachLine (c) 2023 USU Aerolab",
        "executed" : "Fri Jul 12 13:56:32 2024"
    },
    "mesh_info" : {
        "N_body_panels" : 48,
        "N_body_vertices" : 26,
        "N_wake_panels" : 0,
        "N_wake_filaments" : 0,
        "average_characteristic_length" : 4.76931360312427E-001,
        "max_flow_turning_angle" : 9.00000000000000E+001
    },
    "solver_results" : {
        "solver_status_code" : 0,
        "system_dimension" : 26,
        "timing" : {
            "system_sorting" : 2.10000000000000E-006,
            "preconditioner" : 5.40000000000000E-006,
            "matrix_solver" : 1.40000000000000E-005
        },
        "iterations" : 7,
        "residual" : {
            "max" : 1.11022302462516E-015,
            "norm" : 2.79987593397168E-015
        }
    },
    "pressure_calculations" : {
        "incompressible_rule" : {
            "max" : 5.69844102701615E-001,
            "min" : -8.34900126140814E-001
        }
    },
    "total_forces" : {
        "Cx" : -1.28923816067328E-011,
        "Cy" : -3.81639164714898E-015,
        "Cz" : -1.77635683940025E-015
    },
    "total_moments" : {
        "CMx" : 9.97465998686664E-017,
        "CMy" : 9.05525654459893E-016,
        "CMz" : -3.77475828372553E-015
    },
    "CF_sensitivities" : {
        "d_CFx" : [
                5.13689543739595E-001,
                -8.76471409385271E-002,
                -1.69400122812596E-001,
                -2.20130382566569E-001,
                -1.69400122812598E-001,
                -8.76471409385238E-002,
                -1.69400122812598E-001,
                -2.20130382566569E-001,
                -1.69400122812601E-001,
                1.90373368429268E-001,
                1.99359628826219E-001,
                1.90373368431157E-001,
                1.99359628826222E-001,
                1.90373368429271E-001,
                1.99359628826223E-001,
                1.90373368431151E-001,
                1.99359628826223E-001,
                -2.20130382564753E-001,
                -1.69400122812956E-001,
                -8.76471409411259E-002,
                -1.69400122812949E-001,
                -2.20130382564760E-001,
                -1.69400122812957E-001,
                -8.76471409411236E-002,
                -1.69400122812952E-001,
                5.13689543759162E-001,
                3.54717996602436E-014,
                -1.26736143753517E-001,
                1.81161376565831E-001,
                1.55538980782894E-014,
                -1.81161376565821E-001,
                1.26736143753520E-001,
                -1.81161376565821E-001,
                1.61653515028940E-014,
                1.81161376565841E-001,
                3.54391474666429E-001,
                -1.23439328573343E-001,
                -1.79058649029198E-014,
                1.23439328573320E-001,
                -3.54391474666475E-001,
                1.23439328573319E-001,
                -1.83367351349694E-014,
                -1.23439328573355E-001,
                -3.58068493487112E-001,
                -1.07263152983340E-002,
                -5.67730152085278E-015,
                1.07263152983371E-002,
                3.58068493487141E-001,
                1.07263152983398E-002,
                -1.43780996543084E-015,
                -1.07263152983328E-002,
                2.84986855693218E-014,
                3.80121358136090E-014,
                -1.18108443703351E-015,
                -1.07263152947600E-002,
                -3.58068493483700E-001,
                -1.07263152947653E-002,
                1.42020965397239E-015,
                1.07263152947816E-002,
                3.58068493483726E-001,
                1.07263152947826E-002,
                -1.86315349825388E-014,
                -1.23439328573300E-001,
                3.54391474667488E-001,
                -1.23439328573293E-001,
                -1.85327930957824E-014,
                1.23439328573261E-001,
                -3.54391474667521E-001,
                1.23439328573256E-001,
                1.36974707355895E-014,
                1.81161376568823E-001,
                -1.26736143749187E-001,
                1.81161376568816E-001,
                9.86039793243663E-015,
                -1.81161376568817E-001,
                1.26736143749184E-001,
                -1.81161376568810E-001,
                3.00875662368022E-014
            ],
        "d_CFy" : [
                -4.32913842080449E-014,
                -2.36809190470975E-001,
                -1.10082286756819E-002,
                -6.06317114606603E-014,
                1.10082286754764E-002,
                2.36809190470684E-001,
                1.10082286754758E-002,
                -6.14765217934610E-014,
                -1.10082286756799E-002,
                1.57842018610514E-001,
                -2.71791151119648E-002,
                -2.14868565166362E-013,
                2.71791151115202E-002,
                -1.57842018610949E-001,
                2.71791151115186E-002,
                -2.18976390357475E-013,
                -2.71791151119649E-002,
                -1.04197396173027E-001,
                1.27221005285542E-001,
                -1.48083631738293E-013,
                -1.27221005285748E-001,
                1.04197396172915E-001,
                -1.27221005285744E-001,
                -1.44947251693727E-013,
                1.27221005285543E-001,
                -4.27430248819762E-014,
                -1.56788450386922E-001,
                3.42856243313600E-001,
                5.62466629789727E-002,
                5.27790844458311E-002,
                5.62466629790880E-002,
                3.42856243313807E-001,
                5.62466629790863E-002,
                5.27790844458281E-002,
                5.62466629789747E-002,
                -2.60710046321198E-001,
                -2.42248831389837E-001,
                -1.13573753412074E-001,
                -2.42248831389809E-001,
                -2.60710046321269E-001,
                -2.42248831389807E-001,
                -1.13573753412069E-001,
                -2.42248831389840E-001,
                -5.59172269916526E-002,
                2.44842566737879E-001,
                1.01719318005604E-001,
                2.44842566737753E-001,
                -5.59172269917813E-002,
                2.44842566737753E-001,
                1.01719318005607E-001,
                2.44842566737880E-001,
                -2.12880381001418E-001,
                -1.49142850847148E-015,
                -2.91225377146991E-014,
                -3.16574561693495E-002,
                4.88383534390078E-014,
                3.16574561694493E-002,
                2.67533391273829E-014,
                -3.16574561694199E-002,
                -4.82502821806525E-014,
                3.16574561693279E-002,
                1.30225691341575E-014,
                1.13654327030339E-001,
                2.87852038983699E-014,
                -1.13654327030353E-001,
                -1.56389658168003E-014,
                1.13654327030371E-001,
                -2.01219948593426E-014,
                -1.13654327030366E-001,
                2.18471074564512E-014,
                -9.36941269712235E-002,
                -8.51176920984286E-014,
                9.36941269711393E-002,
                -1.84700887397034E-014,
                -9.36941269711728E-002,
                8.17484254272112E-014,
                9.36941269712566E-002,
                -4.76008121808109E-015
            ],