{
    "info" : {
        "generated_by" : "MachLine (c) 2023 USU Aerolab",
        "executed" : "Fri Jul 12 13:54:16 2024"
    },
    "mesh_info" : {
        "N_body_panels" : 48,
        "N_body_vertices" : 26,
        "N_wake_panels" : 0,
        "N_wake_filaments" : 0,
        "average_characteristic_length" : 4.76931360312427E-001,
        "max_flow_turning_angle" : 9.00000000000000E+001
    },
    "solver_results" : {
        "solver_status_code" : 0,
        "system_dimension" : 26,
        "timing" : {
            "system_sorting" : 2.10000000000000E-006,
            "preconditioner" : 5.20000000000000E-006,
            "matrix_solver" : 1.43000000000000E-005
        },
        "iterations" : 6,
        "residual" : {
            "max" : 8.21653679319977E-015,
            "norm" : 1.53692451193477E-014
        }
    },
    "pressure_calculations" : {
        "incompressible_rule" : {
            "max" : 6.44629034096240E-001,
            "min" : -6.48297077532670E-001
        }
    },
    "total_forces" : {
        "Cx" : 2.99285259639237E-005,
        "Cy" : 9.71445146547012E-017,
        "Cz" : 5.58580959264532E-016
    },
    "total_moments" : {
        "CMx" : 2.38826666776326E-012,
        "CMy" : -5.93275428784068E-016,
        "CMz" : 2.15105711021124E-016
    },
    "CF_sensitivities" : {
        "d_CFx" : [
                8.42883623011571E-001,
                -4.28301543947850E-002,
                -1.07902925953922E-001,
                -1.52842101823075E-001,
                -8.69689045564229E-002,
                -4.28628276180422E-002,
                -1.07877125537246E-001,
                -1.52930321548197E-001,
                -8.69176038004541E-002,
                1.66168237768611E-002,
                -1.92135794934867E-003,
                -1.57415367211398E-002,
                1.29329178401671E-003,
                1.65806344628003E-002,
                -1.85351003293732E-003,
                -1.57787693542675E-002,
                1.27772144274618E-003,
                -3.41807540116528E-001,
                -2.54285813114000E-001,
                -1.91109166493380E-001,
                -2.78414473601438E-001,
                -3.42280562630606E-001,
                -2.54708397635769E-001,
                -1.91243379608478E-001,
                -2.78524759386873E-001,
                2.06700002440075E+000,
                -8.20799004776371E-006,
                2.79214121893389E-001,
                3.27555718202104E-001,
                -6.39698237040732E-004,
                -3.13576220477756E-001,
                -2.79257791661009E-001,
                -3.27618230643349E-001,
                5.77677080625275E-004,
                3.13505339668944E-001,
                -1.31200117780863E-001,
                -2.96714347354023E-001,
                -1.44551006774666E-002,
                3.17839863728113E-001,
                1.31158134812546E-001,
                2.96725818683275E-001,
                1.44652722401038E-002,
                -3.17917831837463E-001,
                -1.70269275521960E-001,
                4.97938700893252E-002,
                -2.31035924229856E-002,
                -6.56132189490014E-002,
                1.69854616532864E-001,
                -5.00429605550952E-002,
                2.26893398150618E-002,
                6.50499407493855E-002,
                -2.71617107427083E-004,
                -9.29715352149672E-006,
                1.97050698277598E-002,
                -2.43045039196342E-001,
                -5.29608553304935E-001,
                -2.56064206944266E-001,
                -1.97425374761405E-002,
                2.42973942264930E-001,
                5.29555752223560E-001,
                2.56014499500208E-001,
                1.67156319245628E-002,
                1.74144183896680E-001,
                5.63793498813122E-001,
                1.92317843360126E-001,
                -1.67493291509495E-002,
                -1.74176573285140E-001,
                -5.63807331549621E-001,
                -1.92385864661225E-001,
                4.62380954176001E-004,
                3.44632920370883E-002,
                -1.90525110871699E-001,
                5.04320123728306E-002,
                -9.13528868920348E-004,
                -3.50199882313114E-002,
                1.90195739642498E-001,
                -5.08438389863390E-002,
                -1.70658346954380E-004
            ],
        "d_CFy" : [
                -6.14333941630270E-017,
                -2.59507035160370E-001,
                -1.12152403322210E-001,
                -2.71977174602767E-005,
                1.12274896089622E-001,
                2.59506154613034E-001,
                1.12150064318368E-001,
                2.93034486145469E-005,
                -1.12275715188515E-001,
                -1.32195865931504E-001,
                -1.75683449681945E-001,
                -1.46668301504037E-004,
                1.74787243517055E-001,
                1.32279070039561E-001,
                1.75634151102753E-001,
                1.46668349668226E-004,
                -1.74752308375612E-001,
                5.26820194948356E-001,
                4.20427728202018E-001,
                1.18774153674661E-003,
                -4.07802799145998E-001,
                -5.26770627752693E-001,
                -4.20214574234122E-001,
                -1.12893147846700E-003,
                4.07729535037147E-001,
                -5.10368666769048E-005,
                2.00422350413185E-001,
                2.83901459406545E-001,
                5.02596810926768E-002,
                1.09962627941806E-001,
                5.04037819192431E-002,
                2.83903301239975E-001,
                5.02585930934523E-002,
                1.09960898881848E-001,
                5.04012968463634E-002,
                -6.27747833758653E-001,
                -3.37955981030981E-001,
                -1.34708503349972E-001,
                -3.37092918228460E-001,
                -6.27592562280087E-001,
                -3.37894979072306E-001,
                -1.34709372642235E-001,
                -3.37104969754851E-001,
                6.26726390249402E-001,
                2.77178719107399E-001,
                -2.30479296503676E-001,
                2.88116293135158E-001,
                6.26844326980875E-001,
                2.77339147862426E-001,
                -2.30348233634763E-001,
                2.88236484781635E-001,
                -2.38766106651249E-001,
                -4.95813836570442E-005,
                -1.69576162266435E-004,
                1.58297570617704E-002,
                7.43970066159734E-006,
                -1.59274346154505E-002,
                -1.68919159044387E-004,
                1.58290738342973E-002,
                5.86171473190987E-006,
                -1.59298856671221E-002,
                7.56032433466500E-003,
                2.15993579877440E-001,
                1.38295230166335E-004,
                -2.14603656837020E-001,
                7.66893181050931E-003,
                2.16066349633130E-001,
                1.37250581556349E-004,
                -2.14635147906840E-001,
                -1.43524255775029E-003,
                -4.90058316043674E-001,
                2.33096333157480E-003,
                4.82030143184175E-001,
                -1.35688969566221E-003,
                -4.89943586269708E-001,
                2.47655519500922E-003,
                4.82072272866714E-001,
                -4.00172627086992E-003
            ],