{
    "info" : {
        "generated_by" : "MachLine (c) 2023 USU Aerolab",
        "executed" : "Fri Jul 12 13:55:46 2024"
    },
    "mesh_info" : {
        "N_body_panels" : 48,
        "N_body_vertices" : 26,
        "N_wake_panels" : 0,
        "N_wake_filaments" : 0,
        "average_characteristic_length" : 4.76931360312427E-001,
        "max_flow_turning_angle" : 9.00000000000000E+001
    },
    "solver_results" : {
        "solver_status_code" : 0,
        "system_dimension" : 26,
        "timing" : {
            "system_sorting" : 3.20000000000000E-006,
            "preconditioner" : 5.80000000000000E-006,
            "matrix_solver" : 1.49000000000000E-005
        },
        "iterations" : 6,
        "residual" : {
            "max" : 8.88178419700125E-016,
            "norm" : 1.44341065620113E-015
        }
    },
    "pressure_calculations" : {
        "incompressible_rule" : {
            "max" : 6.44463407563816E-001,
            "min" : -6.48572022011297E-001
        }
    },
    "total_forces" : {
        "Cx" : -3.76762510079232E-012,
        "Cy" : -1.58206781009085E-015,
        "Cz" : 4.99600361081320E-016
    },
    "total_moments" : {
        "CMx" : 5.20417042793042E-017,
        "CMy" : -2.11636264069170E-016,
        "CMz" : -1.71390679426509E-015
    },
    "CF_sensitivities" : {
        "d_CFx" : [
                5.73215437036539E-001,
                -2.29722051356318E-002,
                -9.44558216086946E-002,
                -1.66866448649367E-001,
                -9.44558216097087E-002,
                -2.29722051348762E-002,
                -9.44558216092730E-002,
                -1.66866448649083E-001,
                -9.44558216105555E-002,
                4.69053233377492E-002,
                4.56909599695943E-002,
                4.64521852103215E-002,
                4.56909599665789E-002,
                4.69053233375099E-002,
                4.56909599710975E-002,
                4.64521852117326E-002,
                4.56909599705704E-002,
                -1.66943933619742E-001,
                -9.44000022032354E-002,
                -2.28174538222492E-002,
                -9.44000022122172E-002,
                -1.66943933633299E-001,
                -9.44000022224818E-002,
                -2.28174538142806E-002,
                -9.44000022155375E-002,
                5.73217463965730E-001,
                -1.71407063089719E-013,
                1.44639240262604E-001,
                2.66193444875034E-001,
                5.57195850515601E-013,
                -2.66193444877608E-001,
                -1.44639240265126E-001,
                -2.66193444878040E-001,
                -2.71499455907818E-012,
                2.66193444875532E-001,
                2.31686189111904E-001,
                -6.61213965102905E-002,
                -4.13925637075728E-006,
                6.61404193561332E-002,
                -2.31686189115131E-001,
                6.61213965105279E-002,
                4.13925696374224E-006,
                -6.61404193589216E-002,
                -4.76558639583935E-001,
                -1.71025665757099E-001,
                -1.61440661594003E-011,
                1.71025665729984E-001,
                4.76558639568652E-001,
                1.71025665739844E-001,
                -5.22850485833437E-012,
                -1.71025665756146E-001,
                -6.34596486404096E-012,
                -3.86648672993284E-013,
                7.61281641185078E-013,
                -1.71252301453408E-001,
                -4.76767127452977E-001,
                -1.71252301452820E-001,
                -1.95383889993029E-012,
                1.71252301450081E-001,
                4.76767127450203E-001,
                1.71252301451048E-001,
                5.89931677833270E-008,
                -6.61638932867349E-002,
                2.31609533888736E-001,
                -6.61636227495648E-002,
                -5.89950231689605E-008,
                6.61638932853115E-002,
                -2.31609533890029E-001,
                6.61636227467065E-002,
                -4.93361856940864E-012,
                2.65916209848570E-001,
                1.44529430114277E-001,
                2.65916209838693E-001,
                -1.16193469646343E-011,
                -2.65916209869251E-001,
                -1.44529430129835E-001,
                -2.65916209851808E-001,
                -1.20663008645558E-012
            ],
        "d_CFy" : [
                -2.88067799065028E-017,
                -2.63915201701087E-001,
                -1.16108901983130E-001,
                6.11504392258156E-014,
                1.16108901982746E-001,
                2.63915201701044E-001,
                1.16108901983168E-001,
                3.08005846518634E-014,
                -1.16108901982840E-001,
                1.03979108914869E-001,
                -3.07908111749188E-002,
                7.81145180344184E-014,
                3.07908111741227E-002,
                -1.03979108911097E-001,
                3.07908111734754E-002,
                -5.94178285879748E-014,
                -3.07908111725044E-002,
                1.23148895338975E-001,
                1.57005626981496E-001,
                -6.05448337934381E-012,
                -1.57005626982927E-001,
                -1.23148895330362E-001,
                -1.57005626974258E-001,
                1.65163368334978E-011,
                1.57005626982538E-001,
                -1.87732578059117E-012,
                1.94003630327973E-001,
                2.92888906824932E-001,
                5.21257764281584E-002,
                1.04708537578086E-001,
                5.21257764285032E-002,
                2.92888906825020E-001,
                5.21257764281368E-002,
                1.04708537578010E-001,
                5.21257764283728E-002,
                -4.65274948587702E-001,
                -2.99206880308101E-001,
                -1.35670882455659E-001,
                -2.99269111107998E-001,
                -4.65274948582164E-001,
                -2.99206880305397E-001,
                -1.35670882455703E-001,
                -2.99269111108430E-001,
                -5.93229918185115E-002,
                1.97996068212944E-001,
                1.67004848076391E-001,
                1.97996068216802E-001,
                -5.93229918158700E-002,
                1.97996068219332E-001,
                1.67004848081255E-001,
                1.97996068221162E-001,
                1.94189276764666E-001,
                1.03645390880924E-013,
                -3.70957604911570E-014,
                9.07339934170848E-003,
                4.30900176216482E-014,
                -9.07339934132184E-003,
                3.10879794129804E-014,
                9.07339934171264E-003,
                -3.50400333313778E-014,
                -9.07339934145956E-003,
                -2.85509536988166E-007,
                1.64123250368112E-001,
                -6.65671956197214E-014,
                -1.64122371316133E-001,
                -2.85504098900577E-007,
                1.64123250371423E-001,
                -1.01269035404511E-013,
                -1.64122371318006E-001,
                2.36778218559719E-012,
                1.13703002916294E-002,
                -5.42800469950358E-012,
                -1.13703002949896E-002,
                4.80158273404930E-012,
                1.13703002998235E-002,
                -1.38329586357822E-013,
                -1.13703002921617E-002,
                -6.91800089436256E-012
            ],