{
    "info" : {
        "generated_by" : "MachLine (c) 2023 USU Aerolab",
        "executed" : "Fri Jul 12 13:55:39 2024"
    },
    "mesh_info" : {
        "N_body_panels" : 48,
        "N_body_vertices" : 26,
        "N_wake_panels" : 0,
        "N_wake_filaments" : 0,
        "average_characteristic_length" : 4.76931360312427E-001,
        "max_flow_turning_angle" : 9.00000000000000E+001
    },
    "solver_results" : {
        "solver_status_code" : 0,
        "system_dimension" : 26,
        "timing" : {
            "system_sorting" : 2.00000000000000E-006,
            "preconditioner" : 5.50000000000000E-006,
            "matrix_solver" : 1.34000000000000E-005
        },
        "iterations" : 6,
        "residual" : {
            "max" : 1.33226762955019E-015,
            "norm" : 2.19911877426706E-015
        }
    },
    "pressure_calculations" : {
        "incompressible_rule" : {
            "max" : 6.44533553351052E-001,
            "min" : -6.48348747319539E-001
        }
    },
    "total_forces" : {
        "Cx" : -6.08707528826358E-012,
        "Cy" : 6.17561557447743E-016,
        "Cz" : -2.35922392732846E-016
    },
    "total_moments" : {
        "CMx" : -1.45716771982052E-016,
        "CMy" : -1.04083408558608E-017,
        "CMz" : 4.16333634234434E-016
    },
    "CF_sensitivities" : {
        "d_CFx" : [
                5.81033813601398E-001,
                -1.27315690564501E-002,
                -7.01744230581026E-002,
                -1.51184516254452E-001,
                -6.71231774894617E-002,
                -1.27315690564553E-002,
                -7.01744230560034E-002,
                -1.51184516261378E-001,
                -6.71231774887855E-002,
                2.06948091308246E-002,
                4.70884859310172E-002,
                7.25722022306876E-002,
                4.91604997619954E-002,
                2.06948091307648E-002,
                4.70884859400829E-002,
                7.25722022326711E-002,
                4.91604997709327E-002,
                -1.56419476569387E-001,
                -8.20781884417837E-002,
                8.01513965164491E-003,
                -8.35289917555015E-002,
                -1.56419476611922E-001,
                -8.20781885629108E-002,
                8.01513962460243E-003,
                -8.35289918314676E-002,
                7.53518143695854E-001,
                -1.41773612629536E-012,
                8.06213998076425E-002,
                2.68861107203539E-001,
                2.46476385595651E-003,
                -2.67818750039978E-001,
                -8.06213998124554E-002,
                -2.68861107212022E-001,
                -2.46476386352187E-003,
                2.67818750035142E-001,
                2.20670776357339E-001,
                -7.53580156864060E-002,
                -4.81042620462959E-003,
                7.73450364723069E-002,
                -2.20670776371487E-001,
                7.53580156869448E-002,
                4.81042620390627E-003,
                -7.73450364847103E-002,
                -3.80621913127503E-001,
                -1.27190847267053E-001,
                2.60998016235714E-003,
                1.24685463934007E-001,
                3.80621913047127E-001,
                1.27190847231685E-001,
                -2.60998023247952E-003,
                -1.24685464002043E-001,
                -2.57356487442255E-011,
                -3.49028532171299E-012,
                -3.45557860171996E-003,
                -1.54187063007762E-001,
                -4.72181810274731E-001,
                -1.54930233395390E-001,
                3.45557860285314E-003,
                1.54187062997748E-001,
                4.72181810267527E-001,
                1.54930233392223E-001,
                6.33856626906600E-003,
                -6.77071312896710E-002,
                2.50572646939030E-001,
                -6.86908505352361E-002,
                -6.33856627542581E-003,
                6.77071312832698E-002,
                -2.50572646944154E-001,
                6.86908505217825E-002,
                -1.64724304554484E-003,
                2.14689219991063E-001,
                8.94953173057513E-002,
                2.16963789467247E-001,
                1.64724298233060E-003,
                -2.14689220068378E-001,
                -8.94953173613341E-002,
                -2.16963789549756E-001,
                -2.49436144285106E-011
            ],
        "d_CFy" : [
                -2.03526462765848E-016,
                -2.63657562918334E-001,
                -1.16530041575890E-001,
                -5.94677665469509E-005,
                1.16440343904859E-001,
                2.63657562918396E-001,
                1.16530041575927E-001,
                5.94677668117229E-005,
                -1.16440343905010E-001,
                9.09457894577786E-002,
                -2.49924297494124E-002,
                -2.35327854534609E-005,
                2.00517341619005E-002,
                -9.09457894434202E-002,
                2.49924297433988E-002,
                2.35327855104600E-005,
                -2.00517341550208E-002,
                7.27291324260395E-002,
                1.64466074118957E-001,
                -1.22423204437598E-003,
                -1.66203778521374E-001,
                -7.27291324033839E-002,
                -1.64466074115464E-001,
                1.22423206430939E-003,
                1.66203778517415E-001,
                2.60840551787438E-012,
                1.94975592616452E-001,
                2.91173429658286E-001,
                5.24067873685016E-002,
                1.04561672863037E-001,
                5.23935797091976E-002,
                2.91173429658660E-001,
                5.24067873684760E-002,
                1.04561672862748E-001,
                5.23935797087731E-002,
                -4.29087598552199E-001,
                -2.86792052931237E-001,
                -1.35673767306426E-001,
                -2.90844310526488E-001,
                -4.29087598525657E-001,
                -2.86792052922667E-001,
                -1.35673767306515E-001,
                -2.90844310530445E-001,
                9.45632986788070E-004,
                2.36696648347456E-001,
                1.55929781216410E-001,
                2.36686433469811E-001,
                9.45633009876157E-004,
                2.36696648376128E-001,
                1.55929781237177E-001,
                2.36686433475934E-001,
                1.36307102561641E-001,
                1.67579744108652E-004,
                -7.07716557837106E-005,
                9.75554390523747E-003,
                -1.10465561379092E-005,
                -9.84211173908869E-003,
                -7.07716555344491E-005,
                9.75554390512398E-003,
                -1.10465564759829E-005,
                -9.84211173950714E-003,
                6.41645858466266E-003,
                1.51439675062714E-001,
                -1.45645772635542E-005,
                -1.44878067550869E-001,
                6.41645860432426E-003,
                1.51439675075683E-001,
                -1.45645773679419E-005,
                -1.44878067558252E-001,
                2.19467418661420E-003,
                -2.26400606407052E-002,
                -1.91058830587368E-011,
                1.85075607410040E-002,
                2.19467419381575E-003,
                -2.26400606236127E-002,
                -3.51283460400004E-012,
                1.85075607528051E-002,
                1.01791720554432E-002
            ],