{
    "info" : {
        "generated_by" : "MachLine (c) 2023 USU Aerolab",
        "executed" : "Fri Jul 12 13:54:34 2024"
    },
    "mesh_info" : {
        "N_body_panels" : 48,
        "N_body_vertices" : 26,
        "N_wake_panels" : 0,
        "N_wake_filaments" : 0,
        "average_characteristic_length" : 4.76931360312427E-001,
        "max_flow_turning_angle" : 9.00000000000000E+001
    },
    "solver_results" : {
        "solver_status_code" : 0,
        "system_dimension" : 26,
        "timing" : {
            "system_sorting" : 2.00000000000000E-006,
            "preconditioner" : 4.90000000000000E-006,
            "matrix_solver" : 1.57000000000000E-005
        },
        "iterations" : 6,
        "residual" : {
            "max" : 2.53023336916330E-014,
            "norm" : 4.08009379671013E-014
        }
    },
    "pressure_calculations" : {
        "incompressible_rule" : {
            "max" : 6.44561653672904E-001,
            "min" : -6.48259680264203E-001
        }
    },
    "total_forces" : {
        "Cx" : 1.24618445758867E-005,
        "Cy" : -1.59594559789866E-016,
        "Cz" : 7.63278329429795E-016
    },
    "total_moments" : {
        "CMx" : -2.60295673903954E-011,
        "CMy" : -4.33680868994202E-016,
        "CMz" : -3.05311331771918E-016
    },
    "CF_sensitivities" : {
        "d_CFx" : [
                8.42883413374072E-001,
                -4.27871030441367E-002,
                -1.07862607614462E-001,
                -1.52915143233762E-001,
                -8.68988157333093E-002,
                -4.27891689090135E-002,
                -1.07862786107479E-001,
                -1.52915838865504E-001,
                -8.68975024807417E-002,
                1.66416968481962E-002,
                -1.88477812327270E-003,
                -1.57822068623701E-002,
                1.28281986261447E-003,
                1.66409362412654E-002,
                -1.88257619676291E-003,
                -1.57824782105096E-002,
                1.28307884480727E-003,
                -3.41564016299327E-001,
                -2.54017745521866E-001,
                -1.91053646488946E-001,
                -2.78152801327236E-001,
                -3.41573512070975E-001,
                -2.54028563773787E-001,
                -1.91046280768796E-001,
                -2.78140997436839E-001,
                2.06701277277386E+000,
                -2.74829533746652E-007,
                2.79184107719741E-001,
                3.27549629748311E-001,
                -6.35038899081880E-004,
                -3.13509294086245E-001,
                -2.79185758820902E-001,
                -3.27551181184141E-001,
                6.32883274170625E-004,
                3.13506991345908E-001,
                -1.31310810364707E-001,
                -2.96715379865622E-001,
                -1.44500026327459E-002,
                3.17862089208169E-001,
                1.31309501679035E-001,
                2.96715843152828E-001,
                1.44492565927403E-002,
                -3.17864540773500E-001,
                -1.70056974531089E-001,
                4.98510935751951E-002,
                -2.27779424581900E-002,
                -6.52995092600260E-002,
                1.70039602227797E-001,
                -4.98572101498165E-002,
                2.27640550792213E-002,
                6.52843713228932E-002,
                -4.85412887269714E-006,
                -7.66453559328185E-007,
                1.97052713886569E-002,
                -2.42986955541218E-001,
                -5.29610160234680E-001,
                -2.56021387776533E-001,
                -1.97068096349916E-002,
                2.42984538028569E-001,
                5.29608668974461E-001,
                2.56019785748442E-001,
                1.66948331249103E-002,
                1.74223641237699E-001,
                5.63935241762821E-001,
                1.92360683874826E-001,
                -1.66963284049465E-002,
                -1.74224260731274E-001,
                -5.63935663921172E-001,
                -1.92362711300964E-001,
                6.42473724921209E-004,
                3.46283929205247E-002,
                -1.90548597037307E-001,
                5.07093813855877E-002,
                -6.55796761414372E-004,
                -3.46426905994140E-002,
                1.90533975528703E-001,
                -5.07199344887828E-002,
                -7.87795570624520E-007
            ],
        "d_CFy" : [
                8.51353381965962E-017,
                -2.59506279759886E-001,
                -1.12164814001137E-001,
                -2.85426648146175E-005,
                1.12284896335340E-001,
                2.59506235061727E-001,
                1.12164833377220E-001,
                2.86099860400452E-005,
                -1.12284910859167E-001,
                -1.32108716921866E-001,
                -1.75636719581443E-001,
                -1.47895939927716E-004,
                1.74774777206662E-001,
                1.32111033458822E-001,
                1.75635332915080E-001,
                1.47885291274174E-004,
                -1.74773858213640E-001,
                5.26528085073491E-001,
                4.20538247065440E-001,
                1.38446503132459E-003,
                -4.07788756833377E-001,
                -5.26525527681284E-001,
                -4.20531822593643E-001,
                -1.38042131636559E-003,
                4.07792090799290E-001,
                -1.84174697631024E-006,
                2.00416322642400E-001,
                2.83899655586460E-001,
                5.02477769832820E-002,
                1.09961996524981E-001,
                5.03941278478843E-002,
                2.83899708584890E-001,
                5.02477575315464E-002,
                1.09961941122225E-001,
                5.03940402907285E-002,
                -6.27768874486566E-001,
                -3.37889743145615E-001,
                -1.34704046281906E-001,
                -3.37074752426504E-001,
                -6.27763966905966E-001,
                -3.37888011898038E-001,
                -1.34704070912910E-001,
                -3.37075164228726E-001,
                6.26815294474017E-001,
                2.77353334601495E-001,
                -2.30412357443954E-001,
                2.88216368262040E-001,
                6.26821119113413E-001,
                2.77357884732571E-001,
                -2.30408481289986E-001,
                2.88219964034370E-001,
                -2.38537448829864E-001,
                -5.29018532710086E-005,
                -1.69216404424158E-004,
                1.58456027964262E-002,
                5.75515744759046E-006,
                -1.59421840534153E-002,
                -1.69181302334471E-004,
                1.58455986943628E-002,
                5.69294083440737E-006,
                -1.59422655283849E-002,
                7.58085958855821E-003,
                2.15977213168747E-001,
                1.39909962400109E-004,
                -2.14526980109425E-001,
                7.58427800413909E-003,
                2.15979828616696E-001,
                1.39880537641054E-004,
                -2.14527323016480E-001,
                -1.46412478833222E-003,
                -4.89877641815936E-001,
                2.42471829731777E-003,
                4.81943736496215E-001,
                -1.46204079121012E-003,
                -4.89874233030585E-001,
                2.42788869180180E-003,
                4.81944448695889E-001,
                -3.84587039596431E-003
            ],