{
    "info" : {
        "generated_by" : "MachLine (c) 2023 USU Aerolab",
        "executed" : "Fri Jul 12 13:54:36 2024"
    },
    "mesh_info" : {
        "N_body_panels" : 48,
        "N_body_vertices" : 26,
        "N_wake_panels" : 0,
        "N_wake_filaments" : 0,
        "average_characteristic_length" : 4.76931360312427E-001,
        "max_flow_turning_angle" : 9.00000000000000E+001
    },
    "solver_results" : {
        "solver_status_code" : 0,
        "system_dimension" : 26,
        "timing" : {
            "system_sorting" : 1.12000000000000E-005,
            "preconditioner" : 7.90000000000000E-006,
            "matrix_solver" : 1.57000000000000E-005
        },
        "iterations" : 6,
        "residual" : {
            "max" : 9.32587340685131E-015,
            "norm" : 2.48918533531888E-014
        }
    },
    "pressure_calculations" : {
        "incompressible_rule" : {
            "max" : 6.44565103155313E-001,
            "min" : -6.48262177239451E-001
        }
    },
    "total_forces" : {
        "Cx" : 3.69771661851148E-006,
        "Cy" : -3.53883589099269E-016,
        "Cz" : -3.15719672627779E-016
    },
    "total_moments" : {
        "CMx" : -4.78145995019830E-012,
        "CMy" : 3.67761376907083E-016,
        "CMz" : -2.42861286636753E-016
    },
    "CF_sensitivities" : {
        "d_CFx" : [
                8.42883088046516E-001,
                -4.27872913275272E-002,
                -1.07860895319968E-001,
                -1.52916818944635E-001,
                -8.68962341360938E-002,
                -4.27881706283928E-002,
                -1.07861035910009E-001,
                -1.52916573101278E-001,
                -8.68956366487144E-002,
                1.66430514472504E-002,
                -1.88550018980305E-003,
                -1.57822686733695E-002,
                1.28254034046771E-003,
                1.66423243442158E-002,
                -1.88552322662461E-003,
                -1.57819534435291E-002,
                1.28360957341345E-003,
                -3.41539849890901E-001,
                -2.54006396276871E-001,
                -1.91053553872808E-001,
                -2.78137670367840E-001,
                -3.41550274461927E-001,
                -2.54023112305933E-001,
                -1.91047655247764E-001,
                -2.78136354111581E-001,
                2.06699640121609E+000,
                -2.14057205036000E-007,
                2.79184884246324E-001,
                3.27550123425628E-001,
                -6.34063611988988E-004,
                -3.13508880027266E-001,
                -2.79186128075699E-001,
                -3.27551344057262E-001,
                6.32689222269534E-004,
                3.13508024670669E-001,
                -1.31313043646142E-001,
                -2.96714635701950E-001,
                -1.44499333306259E-002,
                3.17859886302491E-001,
                1.31311591857415E-001,
                2.96714400605623E-001,
                1.44502333254668E-002,
                -3.17861590871276E-001,
                -1.70055884992909E-001,
                4.98509364986301E-002,
                -2.27735964343411E-002,
                -6.52988600760642E-002,
                1.70045537994263E-001,
                -4.98595473917951E-002,
                2.27639454191666E-002,
                6.52860359015627E-002,
                -2.54704399037329E-006,
                -6.02212856931765E-007,
                1.97057366493209E-002,
                -2.42986506052768E-001,
                -5.29609913398220E-001,
                -2.56021348228396E-001,
                -1.97065016880176E-002,
                2.42985329070143E-001,
                5.29608493826531E-001,
                2.56020530999711E-001,
                1.66949903781004E-002,
                1.74224509053465E-001,
                5.63938295120152E-001,
                1.92358825046074E-001,
                -1.66955214028170E-002,
                -1.74224849553361E-001,
                -5.63938602997142E-001,
                -1.92360370788790E-001,
                6.45244608892122E-004,
                3.46289297828521E-002,
                -1.90540779996371E-001,
                5.07124458243482E-002,
                -6.53801614247942E-004,
                -3.46397503976970E-002,
                1.90535096965005E-001,
                -5.07208865490149E-002,
                -2.31532673102643E-006
            ],
        "d_CFy" : [
                -7.02015128729398E-017,
                -2.59506298151112E-001,
                -1.12165670393387E-001,
                -2.84782980858768E-005,
                1.12285764471738E-001,
                2.59506259324083E-001,
                1.12165706599707E-001,
                2.85279608148323E-005,
                -1.12285782819307E-001,
                -1.32106553890479E-001,
                -1.75635994755302E-001,
                -1.48082691565516E-004,
                1.74775345726850E-001,
                1.32108217047694E-001,
                1.75635106574469E-001,
                1.48083983831150E-004,
                -1.74774475591917E-001,
                5.26525329786999E-001,
                4.20543351157033E-001,
                1.38893217142725E-003,
                -4.07804202365026E-001,
                -5.26524241326987E-001,
                -4.20540479550412E-001,
                -1.38441286480970E-003,
                4.07799795795084E-001,
                -8.72916784616832E-007,
                2.00415996017017E-001,
                2.83899690369851E-001,
                5.02481203174001E-002,
                1.09961975975716E-001,
                5.03942010826214E-002,
                2.83899717753235E-001,
                5.02481128974070E-002,
                1.09961935696598E-001,
                5.03941412029525E-002,
                -6.27768805562136E-001,
                -3.37889514041379E-001,
                -1.34703482140058E-001,
                -3.37074437498348E-001,
                -6.27765809299081E-001,
                -3.37888571329734E-001,
                -1.34703498943041E-001,
                -3.37074711355148E-001,
                6.26816099737380E-001,
                2.77355966055641E-001,
                -2.30413389520370E-001,
                2.88223604068220E-001,
                6.26817927316636E-001,
                2.77360035725540E-001,
                -2.30410782175465E-001,
                2.88224486433618E-001,
                -2.38539703448138E-001,
                -5.29962948890658E-005,
                -1.69198234195667E-004,
                1.58448479259903E-002,
                5.72716478634988E-006,
                -1.59417840709396E-002,
                -1.69169908356000E-004,
                1.58448357617608E-002,
                5.69806717122981E-006,
                -1.59418541388867E-002,
                7.58222607179086E-003,
                2.15976273425451E-001,
                1.39835389368564E-004,
                -2.14524416675359E-001,
                7.58469572201024E-003,
                2.15977736492713E-001,
                1.39816014418721E-004,
                -2.14524380996204E-001,
                -1.46416006983392E-003,
                -4.89875318376087E-001,
                2.42591582048956E-003,
                4.81940757384365E-001,
                -1.46405208974686E-003,
                -4.89873620942929E-001,
                2.42852398810753E-003,
                4.81942397259801E-001,
                -3.84331242756504E-003
            ],