{
    "info" : {
        "generated_by" : "MachLine (c) 2023 USU Aerolab",
        "executed" : "Fri Jul 12 13:54:40 2024"
    },
    "mesh_info" : {
        "N_body_panels" : 48,
        "N_body_vertices" : 26,
        "N_wake_panels" : 0,
        "N_wake_filaments" : 0,
        "average_characteristic_length" : 4.76931360312427E-001,
        "max_flow_turning_angle" : 9.00000000000000E+001
    },
    "solver_results" : {
        "solver_status_code" : 0,
        "system_dimension" : 26,
        "timing" : {
            "system_sorting" : 2.10000000000000E-006,
            "preconditioner" : 5.20000000000000E-006,
            "matrix_solver" : 1.33000000000000E-005
        },
        "iterations" : 6,
        "residual" : {
            "max" : 6.43929354282591E-015,
            "norm" : 1.16105443382442E-014
        }
    },
    "pressure_calculations" : {
        "incompressible_rule" : {
            "max" : 6.44562056512076E-001,
            "min" : -6.48258406926295E-001
        }
    },
    "total_forces" : {
        "Cx" : 1.76369631546547E-006,
        "Cy" : 3.46944695195361E-016,
        "Cz" : -9.71445146547012E-017
    },
    "total_moments" : {
        "CMx" : -9.55952331183063E-012,
        "CMy" : 2.49800180540660E-016,
        "CMz" : 3.81639164714898E-016
    },
    "CF_sensitivities" : {
        "d_CFx" : [
                8.42882661744241E-001,
                -4.27883893176944E-002,
                -1.07860861286311E-001,
                -1.52917760212617E-001,
                -8.68967234787410E-002,
                -4.27884079122205E-002,
                -1.07860404112615E-001,
                -1.52918304888441E-001,
                -8.68961837606141E-002,
                1.66424372398113E-002,
                -1.88602845920927E-003,
                -1.57831521906173E-002,
                1.28195948966403E-003,
                1.66423848281614E-002,
                -1.88593292919670E-003,
                -1.57830667925807E-002,
                1.28231252626265E-003,
                -3.41540772911716E-001,
                -2.54018322018629E-001,
                -1.91033466214978E-001,
                -2.78148035694833E-001,
                -3.41544327596653E-001,
                -2.54027711620255E-001,
                -1.91035133724124E-001,
                -2.78146186837913E-001,
                2.06700385322292E+000,
                -1.19640946620520E-007,
                2.79184582908717E-001,
                3.27550491543082E-001,
                -6.34209130457800E-004,
                -3.13508049300333E-001,
                -2.79185153095428E-001,
                -3.27551081213732E-001,
                6.33434086996633E-004,
                3.13507795721860E-001,
                -1.31315208171405E-001,
                -2.96716725069067E-001,
                -1.44497414022293E-002,
                3.17863125862087E-001,
                1.31314654300194E-001,
                2.96716717673368E-001,
                1.44498382137786E-002,
                -3.17864049575829E-001,
                -1.70048439415094E-001,
                4.98511975672590E-002,
                -2.27689132777771E-002,
                -6.52946303118445E-002,
                1.70044088414347E-001,
                -4.98536794500045E-002,
                2.27648481694675E-002,
                6.52880213650640E-002,
                -3.05947056694172E-006,
                -6.39404335749024E-008,
                1.97059721744145E-002,
                -2.42985510370068E-001,
                -5.29610658804021E-001,
                -2.56021228219092E-001,
                -1.97064107822192E-002,
                2.42984908170847E-001,
                5.29610139856688E-001,
                2.56020640725208E-001,
                1.66944515435042E-002,
                1.74226067863864E-001,
                5.63940890154128E-001,
                1.92361103661788E-001,
                -1.66949131821367E-002,
                -1.74226348304259E-001,
                -5.63941185304957E-001,
                -1.92361957057767E-001,
                6.47746088369904E-004,
                3.46315737938382E-002,
                -1.90543342601237E-001,
                5.07153275884558E-002,
                -6.52184541045326E-004,
                -3.46368585659596E-002,
                1.90540166954023E-001,
                -5.07200569801181E-002,
                -1.55379701401630E-006
            ],
        "d_CFy" : [
                1.74324714322162E-017,
                -2.59506168826563E-001,
                -1.12165520362261E-001,
                -2.84900510994673E-005,
                1.12285747083262E-001,
                2.59506172680990E-001,
                1.12165553905771E-001,
                2.85099739226058E-005,
                -1.12285746722233E-001,
                -1.32106375146317E-001,
                -1.75634537594746E-001,
                -1.48070651590829E-004,
                1.74774176243247E-001,
                1.32107147886907E-001,
                1.75634158674296E-001,
                1.48070779748243E-004,
                -1.74773816889774E-001,
                5.26521633223550E-001,
                4.20541618149176E-001,
                1.39060440240070E-003,
                -4.07800324288797E-001,
                -5.26519279574821E-001,
                -4.20539681857257E-001,
                -1.38892155114306E-003,
                4.07798516658662E-001,
                -6.18899449063161E-007,
                2.00415938954357E-001,
                2.83899590990762E-001,
                5.02481406239846E-002,
                1.09962064724937E-001,
                5.03941575317317E-002,
                2.83899616511321E-001,
                5.02481373448186E-002,
                1.09962048918117E-001,
                5.03941301976470E-002,
                -6.27767656625964E-001,
                -3.37887922498866E-001,
                -1.34703865867540E-001,
                -3.37073755201837E-001,
                -6.27766472110797E-001,
                -3.37887454264673E-001,
                -1.34703870974033E-001,
                -3.37073895574629E-001,
                6.26816308528037E-001,
                2.77355577894418E-001,
                -2.30411311315512E-001,
                2.88221978271451E-001,
                6.26817912267220E-001,
                2.77357238289194E-001,
                -2.30409978886377E-001,
                2.88222590294141E-001,
                -2.38534127069107E-001,
                -5.29953082272039E-005,
                -1.69209482019895E-004,
                1.58450051952816E-002,
                5.71929431272523E-006,
                -1.59420145796905E-002,
                -1.69199610324107E-004,
                1.58450004945181E-002,
                5.69882008491893E-006,
                -1.59420326180947E-002,
                7.58283822034361E-003,
                2.15977231081341E-001,
                1.39832741096710E-004,
                -2.14524840421985E-001,
                7.58405817393694E-003,
                2.15977969488666E-001,
                1.39820541201612E-004,
                -2.14524973444407E-001,
                -1.46469369577898E-003,
                -4.89873483568249E-001,
                2.42675454378514E-003,
                4.81941260641928E-001,
                -1.46393343256252E-003,
                -4.89872115105558E-001,
                2.42755695066019E-003,
                4.81942099483027E-001,
                -3.84228535126864E-003
            ],