{
    "info" : {
        "generated_by" : "MachLine (c) 2023 USU Aerolab",
        "executed" : "Fri Jul 12 13:55:35 2024"
    },
    "mesh_info" : {
        "N_body_panels" : 48,
        "N_body_vertices" : 26,
        "N_wake_panels" : 0,
        "N_wake_filaments" : 0,
        "average_characteristic_length" : 4.76931360312427E-001,
        "max_flow_turning_angle" : 9.00000000000000E+001
    },
    "solver_results" : {
        "solver_status_code" : 0,
        "system_dimension" : 26,
        "timing" : {
            "system_sorting" : 3.10000000000000E-006,
            "preconditioner" : 5.20000000000000E-006,
            "matrix_solver" : 1.52000000000000E-005
        },
        "iterations" : 6,
        "residual" : {
            "max" : 8.88178419700125E-016,
            "norm" : 1.79876765819092E-015
        }
    },
    "pressure_calculations" : {
        "incompressible_rule" : {
            "max" : 6.44547599892806E-001,
            "min" : -6.48304067449171E-001
        }
    },
    "total_forces" : {
        "Cx" : 3.54205692554288E-011,
        "Cy" : 7.70217223333702E-016,
        "Cz" : 3.46944695195361E-018
    },
    "total_moments" : {
        "CMx" : -7.28583859910259E-017,
        "CMy" : -1.70002900645727E-016,
        "CMz" : 9.43689570931383E-016
    },
    "CF_sensitivities" : {
        "d_CFx" : [
                6.75066338376641E-001,
                -6.90529901219440E-002,
                -1.21471757359768E-001,
                -1.71840037712617E-001,
                -1.18574109329685E-001,
                -6.90529901279348E-002,
                -1.21471757353534E-001,
                -1.71840037697559E-001,
                -1.18574109314539E-001,
                4.02201251609760E-002,
                1.99197133187563E-002,
                4.59916787745618E-003,
                2.35607415936188E-002,
                4.02201251601275E-002,
                1.99197133411260E-002,
                4.59916788541759E-003,
                2.35607416095602E-002,
                -3.46398869035226E-001,
                -2.27015189186091E-001,
                -1.32385597343184E-001,
                -2.48107460648435E-001,
                -3.46398869181063E-001,
                -2.27015189139375E-001,
                -1.32385597274115E-001,
                -2.48107460563349E-001,
                1.18378194873224E+000,
                -2.90874145105214E-012,
                2.43211090278342E-001,
                3.14881584098460E-001,
                -2.46110556212010E-003,
                -2.90696567947216E-001,
                -2.43211090285405E-001,
                -3.14881584110519E-001,
                2.46110553496813E-003,
                2.90696567933787E-001,
                2.42153042327440E-002,
                1.81497915548960E-002,
                -5.54842435792671E-005,
                -1.19261113233879E-002,
                -2.42153042543587E-002,
                -1.81497915579888E-002,
                5.54842296065159E-005,
                1.19261112953991E-002,
                -5.97859918579021E-002,
                4.58209831420380E-002,
                -5.70186464834071E-003,
                -2.75552339871954E-002,
                5.97859917154989E-002,
                -4.58209832185674E-002,
                5.70186451100944E-003,
                2.75552338284026E-002,
                -3.67227515227156E-011,
                -7.67251224976659E-012,
                5.77081665675589E-003,
                -2.26505998960811E-001,
                -5.13055823116276E-001,
                -2.28584477602740E-001,
                -5.77081666003113E-003,
                2.26505998937902E-001,
                5.13055823105939E-001,
                2.28584477590646E-001,
                6.63798901942553E-004,
                -1.38624989163021E-001,
                4.17071407140956E-001,
                -1.44614926621810E-001,
                -6.63798919121548E-004,
                1.38624989153352E-001,
                -4.17071407152367E-001,
                1.44614926595208E-001,
                4.19250742791578E-003,
                6.75646952154326E-002,
                -3.36671460075766E-001,
                9.67958175862184E-002,
                -4.19250754707234E-003,
                -6.75646953525511E-002,
                3.36671459951140E-001,
                -9.67958177008675E-002,
                -4.46851605629046E-011
            ],
        "d_CFy" : [
                -7.23223635504219E-017,
                -2.64007187498913E-001,
                -1.16403571016111E-001,
                -7.17648782452808E-005,
                1.17121927638211E-001,
                2.64007187498652E-001,
                1.16403571016498E-001,
                7.17648788983104E-005,
                -1.17121927638049E-001,
                -3.24776516141015E-002,
                -1.00956592499379E-001,
                -2.23228003936437E-005,
                8.98084460172876E-002,
                3.24776516494365E-002,
                1.00956592489288E-001,
                2.23228004755469E-005,
                -8.98084460026137E-002,
                -3.75017618338707E-002,
                1.23575567379255E-001,
                7.23491665932179E-003,
                -5.33863661254825E-002,
                3.75017618034958E-002,
                -1.23575567280027E-001,
                -7.23491658717322E-003,
                5.33863660797853E-002,
                -2.69036276944548E-012,
                2.04059233301393E-001,
                2.86267966613351E-001,
                5.64602827594486E-002,
                1.06761634107865E-001,
                5.70264303755127E-002,
                2.86267966613801E-001,
                5.64602827593733E-002,
                1.06761634107318E-001,
                5.70264303747175E-002,
                -5.39854950672957E-001,
                -3.19159410320855E-001,
                -1.34902537118073E-001,
                -3.18065445408057E-001,
                -5.39854950623169E-001,
                -3.19159410300826E-001,
                -1.34902537118413E-001,
                -3.18065445412519E-001,
                2.74269050821320E-001,
                -6.51808551239672E-002,
                -1.78944076069409E-003,
                -1.15038525597119E-001,
                2.74269050828189E-001,
                -6.51808550791149E-002,
                -1.78944071285880E-003,
                -1.15038525584339E-001,
                -4.94984128125221E-001,
                -2.86766862097704E-004,
                -1.43471124384852E-005,
                8.87626891255855E-003,
                8.31473882939215E-004,
                -9.19918482717424E-003,
                -1.43471119604481E-005,
                8.87626891249854E-003,
                8.31473882398745E-004,
                -9.19918482790755E-003,
                2.94915304147453E-003,
                2.06796361529996E-001,
                1.17792423346384E-004,
                -1.53658012623310E-001,
                2.94915308245686E-003,
                2.06796361555789E-001,
                1.17792422983520E-004,
                -1.53658012627653E-001,
                9.60049001035465E-003,
                2.53007353570304E-002,
                -2.23063090117228E-002,
                -6.22458176034192E-002,
                9.60049001779120E-003,
                2.53007353679387E-002,
                -2.23063089713249E-002,
                -6.22458175894062E-002,
                -1.93014781907100E-002
            ],