{
    "info" : {
        "generated_by" : "MachLine (c) 2023 USU Aerolab",
        "executed" : "Fri Jul 12 13:55:27 2024"
    },
    "mesh_info" : {
        "N_body_panels" : 48,
        "N_body_vertices" : 26,
        "N_wake_panels" : 0,
        "N_wake_filaments" : 0,
        "average_characteristic_length" : 4.76931360312427E-001,
        "max_flow_turning_angle" : 9.00000000000000E+001
    },
    "solver_results" : {
        "solver_status_code" : 0,
        "system_dimension" : 26,
        "timing" : {
            "system_sorting" : 2.80000000000000E-006,
            "preconditioner" : 5.20000000000000E-006,
            "matrix_solver" : 1.33000000000000E-005
        },
        "iterations" : 6,
        "residual" : {
            "max" : 8.88178419700125E-016,
            "norm" : 1.92326174112361E-015
        }
    },
    "pressure_calculations" : {
        "incompressible_rule" : {
            "max" : 6.44558111833909E-001,
            "min" : -6.48270647802044E-001
        }
    },
    "total_forces" : {
        "Cx" : 1.75348749409387E-010,
        "Cy" : 4.85722573273506E-017,
        "Cz" : -1.00613961606655E-016
    },
    "total_moments" : {
        "CMx" : -9.21138165743685E-016,
        "CMy" : 4.47558656802016E-016,
        "CMz" : 1.31838984174237E-016
    },
    "CF_sensitivities" : {
        "d_CFx" : [
                8.03884491173092E-001,
                -4.19493868948225E-002,
                -9.71277456846121E-002,
                -1.36031505412881E-001,
                -7.99489531292913E-002,
                -4.19493869142005E-002,
                -9.71277457065798E-002,
                -1.36031505393356E-001,
                -7.99489531469058E-002,
                2.51340917707115E-002,
                -1.27733106408168E-003,
                -2.30709629001840E-002,
                2.14879784300304E-003,
                2.51340917279010E-002,
                -1.27733101123373E-003,
                -2.30709629253805E-002,
                2.14879790366296E-003,
                -3.19071937411902E-001,
                -2.29156507687197E-001,
                -1.61529968257396E-001,
                -2.51532893027215E-001,
                -3.19071938102046E-001,
                -2.29156508441556E-001,
                -1.61529968168097E-001,
                -2.51532893221611E-001,
                1.82294411239890E+000,
                -1.71317761974203E-011,
                2.86898446492999E-001,
                3.11392070208804E-001,
                -2.43693310165493E-003,
                -3.01918015559656E-001,
                -2.86898446518136E-001,
                -3.11392070274807E-001,
                2.43693300576800E-003,
                3.01918015509297E-001,
                -1.18969508387034E-001,
                -2.70783503878550E-001,
                -1.48823721695314E-002,
                3.09293558013860E-001,
                1.18969508327999E-001,
                2.70783503878905E-001,
                1.48823721964704E-002,
                -3.09293558123565E-001,
                -1.76125669592217E-001,
                5.12604087436639E-002,
                -2.48177114690952E-002,
                -7.01261995421626E-002,
                1.76125669020907E-001,
                -5.12604091694425E-002,
                2.48177109241750E-002,
                7.01261987305536E-002,
                5.08277124042482E-011,
                -2.48169434385563E-011,
                2.15532116584506E-002,
                -2.38107130946023E-001,
                -4.98627643165392E-001,
                -2.55806059869163E-001,
                -2.15532116806090E-002,
                2.38107130839160E-001,
                4.98627643102519E-001,
                2.55806059792495E-001,
                1.72243833047925E-002,
                1.53265168174825E-001,
                5.34958240457599E-001,
                1.88635836193719E-001,
                -1.72243833515197E-002,
                -1.53265168214528E-001,
                -5.34958240474128E-001,
                -1.88635836304572E-001,
                2.51178313447609E-003,
                3.76171266410525E-002,
                -2.00006726367384E-001,
                5.05390833607157E-002,
                -2.51178370618106E-003,
                -3.76171273310648E-002,
                2.00006725723617E-001,
                -5.05390836824796E-002,
                -1.75644194129078E-010
            ],
        "d_CFy" : [
                2.32952784326517E-017,
                -2.60113722094380E-001,
                -1.12168864505151E-001,
                -7.17698146704704E-005,
                1.12356108289779E-001,
                2.60113722096891E-001,
                1.12168864506868E-001,
                7.17698138882159E-005,
                -1.12356108289093E-001,
                -1.40555696746363E-001,
                -1.68052084965444E-001,
                -1.49948289243240E-004,
                1.66132886284144E-001,
                1.40555696856895E-001,
                1.68052084917699E-001,
                1.49948289459382E-004,
                -1.66132886229787E-001,
                5.31036163808750E-001,
                4.07034727425824E-001,
                1.02902734415981E-003,
                -3.85883244961198E-001,
                -5.31036163520014E-001,
                -4.07034727311926E-001,
                -1.02902724568945E-003,
                3.85883244649656E-001,
                -7.25658462491480E-011,
                2.00526331512289E-001,
                2.85114179108954E-001,
                4.98825058514291E-002,
                1.09610744085539E-001,
                5.01238778111568E-002,
                2.85114179112081E-001,
                4.98825058494126E-002,
                1.09610744083242E-001,
                5.01238778082477E-002,
                -6.50182802812913E-001,
                -3.20035739589741E-001,
                -1.34587794153018E-001,
                -3.18021985188911E-001,
                -6.50182802643685E-001,
                -3.20035739531439E-001,
                -1.34587794154231E-001,
                -3.18021985212347E-001,
                6.54204873513879E-001,
                2.55939414066182E-001,
                -2.22304480721293E-001,
                2.63420178974805E-001,
                6.54204873361177E-001,
                2.55939414243029E-001,
                -2.22304480571102E-001,
                2.63420179063406E-001,
                -2.46852274292041E-001,
                -1.55558890403713E-004,
                -1.54556768627606E-004,
                1.56654135545152E-002,
                -1.66717208952219E-005,
                -1.56685416777996E-002,
                -1.54556767302002E-004,
                1.56654135537566E-002,
                -1.66717230515124E-005,
                -1.56685416810789E-002,
                8.43446647328777E-003,
                2.07414894569519E-001,
                1.52940661013713E-004,
                -2.03631778966081E-001,
                8.43446661397403E-003,
                2.07414894665452E-001,
                1.52940659400981E-004,
                -2.03631778990339E-001,
                -1.43509430758225E-003,
                -4.72751971444899E-001,
                6.57036525845276E-003,
                4.60511080184232E-001,
                -1.43509425328696E-003,
                -4.72751971242217E-001,
                6.57036539982127E-003,
                4.60511080266393E-001,
                -1.00255335592807E-002
            ],