{
    "info" : {
        "generated_by" : "MachLine (c) 2023 USU Aerolab",
        "executed" : "Fri Jul 12 13:54:21 2024"
    },
    "mesh_info" : {
        "N_body_panels" : 48,
        "N_body_vertices" : 26,
        "N_wake_panels" : 0,
        "N_wake_filaments" : 0,
        "average_characteristic_length" : 4.76931360312427E-001,
        "max_flow_turning_angle" : 9.00000000000000E+001
    },
    "solver_results" : {
        "solver_status_code" : 0,
        "system_dimension" : 26,
        "timing" : {
            "system_sorting" : 1.90000000000000E-006,
            "preconditioner" : 5.20000000000000E-006,
            "matrix_solver" : 1.38000000000000E-005
        },
        "iterations" : 6,
        "residual" : {
            "max" : 3.01092484278342E-013,
            "norm" : 5.39406082068268E-013
        }
    },
    "pressure_calculations" : {
        "incompressible_rule" : {
            "max" : 6.44606803210367E-001,
            "min" : -6.48292874524021E-001
        }
    },
    "total_forces" : {
        "Cx" : -4.77208265152462E-005,
        "Cy" : 4.85722573273506E-017,
        "Cz" : -3.92047505570758E-016
    },
    "total_moments" : {
        "CMx" : -1.91361535992196E-010,
        "CMy" : 3.22658566531686E-016,
        "CMz" : 2.28983498828939E-016
    },
    "CF_sensitivities" : {
        "d_CFx" : [
                8.42875948808387E-001,
                -4.27810650638167E-002,
                -1.07916697155386E-001,
                -1.52898409846627E-001,
                -8.69349207144946E-002,
                -4.27983054266196E-002,
                -1.07910844396358E-001,
                -1.52886609142407E-001,
                -8.69269014680053E-002,
                1.66311570958644E-002,
                -1.88693723163169E-003,
                -1.57682373250283E-002,
                1.25732573055037E-003,
                1.66197893040854E-002,
                -1.86645464618951E-003,
                -1.57700320000613E-002,
                1.27357818363083E-003,
                -3.41596921564333E-001,
                -2.53936215352170E-001,
                -1.91204077192685E-001,
                -2.78209094046453E-001,
                -3.41754157969629E-001,
                -2.54256813809246E-001,
                -1.91196068827595E-001,
                -2.78260106720333E-001,
                2.06693752721326E+000,
                -2.48402634959407E-006,
                2.79186868855806E-001,
                3.27555199224809E-001,
                -6.40160604594017E-004,
                -3.13530164193711E-001,
                -2.79205656020704E-001,
                -3.27575674899072E-001,
                6.13375181075723E-004,
                3.13513290835952E-001,
                -1.31264639082584E-001,
                -2.96773054377436E-001,
                -1.44389043681236E-002,
                3.17876007715786E-001,
                1.31237920017310E-001,
                2.96764140806258E-001,
                1.44278329665604E-002,
                -3.17904752202437E-001,
                -1.70146995827067E-001,
                4.98472460034962E-002,
                -2.29356228538221E-002,
                -6.54193242344915E-002,
                1.69925650025563E-001,
                -4.99472504027014E-002,
                2.27477086243185E-002,
                6.52139731407236E-002,
                -5.75294526362375E-005,
                -9.98200567256542E-006,
                1.97036353626825E-002,
                -2.43035415866443E-001,
                -5.29612669931403E-001,
                -2.56036606441233E-001,
                -1.97231829165344E-002,
                2.42999929519856E-001,
                5.29592246616026E-001,
                2.56007753470758E-001,
                1.67048255633638E-002,
                1.74248455067464E-001,
                5.63916097132967E-001,
                1.92375794946761E-001,
                -1.67267302626188E-002,
                -1.74260241373546E-001,
                -5.63930096500981E-001,
                -1.92406212617292E-001,
                5.73118944759372E-004,
                3.45573802327380E-002,
                -1.90536626116887E-001,
                5.05263657966983E-002,
                -7.44142984487673E-004,
                -3.47444228942720E-002,
                1.90378328663414E-001,
                -5.07574365824633E-002,
                -7.75415053847072E-006
            ],
        "d_CFy" : [
                1.99000735848639E-016,
                -2.59505862050033E-001,
                -1.12161349239727E-001,
                -2.78726565126629E-005,
                1.12278116071404E-001,
                2.59505257760010E-001,
                1.12160807363486E-001,
                2.89843074071939E-005,
                -1.12278431701150E-001,
                -1.32136174506252E-001,
                -1.75646173068960E-001,
                -1.50176005370190E-004,
                1.74771843342771E-001,
                1.32169527443577E-001,
                1.75626449810268E-001,
                1.50071501554121E-004,
                -1.74758315560264E-001,
                5.26771626337406E-001,
                4.20425697813474E-001,
                1.29170446684834E-003,
                -4.07708906362377E-001,
                -5.26773259353367E-001,
                -4.20320780334905E-001,
                -1.25780650111078E-003,
                4.07672111958834E-001,
                -1.55230367166460E-005,
                2.00419822056288E-001,
                2.83900205479101E-001,
                5.02556374315546E-002,
                1.09963184929308E-001,
                5.03966001570421E-002,
                2.83900891251163E-001,
                5.02555096813476E-002,
                1.09962561556011E-001,
                5.03955397133103E-002,
                -6.27736323857275E-001,
                -3.37898444614851E-001,
                -1.34708013911522E-001,
                -3.37073546213675E-001,
                -6.27689259115692E-001,
                -3.37876230507367E-001,
                -1.34708217584107E-001,
                -3.37078989232682E-001,
                6.26811599485340E-001,
                2.77265222082776E-001,
                -2.30422718245713E-001,
                2.88158820302284E-001,
                6.26860188460250E-001,
                2.77331671672951E-001,
                -2.30372033494941E-001,
                2.88154294305454E-001,
                -2.38647344482919E-001,
                -5.20660512908101E-005,
                -1.69173545946116E-004,
                1.58353455509713E-002,
                5.93786057036165E-006,
                -1.59404030496547E-002,
                -1.68736906716511E-004,
                1.58352173607207E-002,
                5.28130924896950E-006,
                -1.59414077399577E-002,
                7.54812760213668E-003,
                2.15976471456480E-001,
                1.35235465270735E-004,
                -2.14548594603980E-001,
                7.60188265238805E-003,
                2.16010493364894E-001,
                1.34804689837355E-004,
                -2.14550284416656E-001,
                -1.44165478228168E-003,
                -4.89950091503469E-001,
                2.40723833324209E-003,
                4.82027576375552E-001,
                -1.41574877586318E-003,
                -4.89916397405138E-001,
                2.43802689256803E-003,
                4.82028988086835E-001,
                -3.93705570232827E-003
            ],