{
    "info" : {
        "generated_by" : "MachLine (c) 2023 USU Aerolab",
        "executed" : "Fri Jul 12 13:56:11 2024"
    },
    "mesh_info" : {
        "N_body_panels" : 48,
        "N_body_vertices" : 26,
        "N_wake_panels" : 0,
        "N_wake_filaments" : 0,
        "average_characteristic_length" : 4.76931360312427E-001,
        "max_flow_turning_angle" : 9.00000000000000E+001
    },
    "solver_results" : {
        "solver_status_code" : 0,
        "system_dimension" : 26,
        "timing" : {
            "system_sorting" : 2.30000000000000E-006,
            "preconditioner" : 5.10000000000000E-006,
            "matrix_solver" : 1.38000000000000E-005
        },
        "iterations" : 6,
        "residual" : {
            "max" : 6.66133814775094E-016,
            "norm" : 1.23901645184259E-015
        }
    },
    "pressure_calculations" : {
        "incompressible_rule" : {
            "max" : 6.38988183313920E-001,
            "min" : -6.65891497018889E-001
        }
    },
    "total_forces" : {
        "Cx" : -7.62696850120648E-012,
        "Cy" : -2.22044604925031E-016,
        "Cz" : 6.59194920871187E-017
    },
    "total_moments" : {
        "CMx" : 1.04950770296597E-016,
        "CMy" : -1.04083408558608E-017,
        "CMz" : -2.01227923213310E-016
    },
    "CF_sensitivities" : {
        "d_CFx" : [
                5.54934987530745E-001,
                -2.31157808101841E-002,
                -9.65417422619655E-002,
                -1.70651465803813E-001,
                -9.65417422619523E-002,
                -2.31157808101884E-002,
                -9.65417422619701E-002,
                -1.70651465803790E-001,
                -9.65417422619500E-002,
                5.50696051971160E-002,
                5.43136321746538E-002,
                5.50696051999702E-002,
                5.43136321746269E-002,
                5.50696051971076E-002,
                5.43136321746642E-002,
                5.50696051999746E-002,
                5.43136321746394E-002,
                -1.70651465803788E-001,
                -9.65417422628053E-002,
                -2.31157808125659E-002,
                -9.65417422628606E-002,
                -1.70651465803818E-001,
                -9.65417422629204E-002,
                -2.31157808125423E-002,
                -9.65417422628894E-002,
                5.54934987536796E-001,
                1.70198253119356E-014,
                1.31647312979156E-001,
                2.63914846381337E-001,
                2.46318085774885E-015,
                -2.63914846381349E-001,
                -1.31647312979179E-001,
                -2.63914846381353E-001,
                -1.57719144615234E-014,
                2.63914846381331E-001,
                2.41480795606090E-001,
                -6.94809659202316E-002,
                -6.37877432364077E-015,
                6.94809659201961E-002,
                -2.41480795606128E-001,
                6.94809659202157E-002,
                -1.25754427220723E-014,
                -6.94809659202409E-002,
                -4.76449011756915E-001,
                -1.64697346740369E-001,
                -1.50999474040887E-013,
                1.64697346740242E-001,
                4.76449011756770E-001,
                1.64697346740252E-001,
                -1.53652321930347E-014,
                -1.64697346740475E-001,
                -6.25431184532928E-014,
                1.76694007216791E-014,
                -4.40211845899632E-015,
                -1.64697346736895E-001,
                -4.76449011752556E-001,
                -1.64697346736884E-001,
                -1.29371457306735E-014,
                1.64697346736862E-001,
                4.76449011752539E-001,
                1.64697346736865E-001,
                -3.82252974280730E-015,
                -6.94809659235228E-002,
                2.41480795601183E-001,
                -6.94809659235100E-002,
                -2.87520851181115E-014,
                6.94809659234942E-002,
                -2.41480795601213E-001,
                6.94809659234753E-002,
                -8.73749035799366E-014,
                2.63914846384341E-001,
                1.31647312984588E-001,
                2.63914846384225E-001,
                -6.81097900431921E-014,
                -2.63914846384519E-001,
                -1.31647312984694E-001,
                -2.63914846384425E-001,
                2.37065102498681E-014
            ],
        "d_CFy" : [
                -2.11150368570808E-016,
                -2.60353364658464E-001,
                -1.08726578064856E-001,
                5.91650249606170E-016,
                1.08726578064857E-001,
                2.60353364658464E-001,
                1.08726578064856E-001,
                6.76651699929033E-016,
                -1.08726578064856E-001,
                1.07117257374585E-001,
                -3.14420363416644E-002,
                -5.33507286023666E-016,
                3.14420363416596E-002,
                -1.07117257374543E-001,
                3.14420363416502E-002,
                6.11410208121027E-016,
                -3.14420363416418E-002,
                1.09710433803689E-001,
                1.52716667123857E-001,
                -5.79266851395273E-014,
                -1.52716667123897E-001,
                -1.09710433803698E-001,
                -1.52716667123782E-001,
                1.14314008790210E-013,
                1.52716667123848E-001,
                -1.99733542212412E-014,
                1.80869614104080E-001,
                2.98519005339486E-001,
                4.94322980356682E-002,
                1.03520420098760E-001,
                4.94322980356817E-002,
                2.98519005339507E-001,
                4.94322980356833E-002,
                1.03520420098760E-001,
                4.94322980356661E-002,
                -4.55964369791143E-001,
                -2.95685708751588E-001,
                -1.35571606584900E-001,
                -2.95685708751572E-001,
                -4.55964369791103E-001,
                -2.95685708751562E-001,
                -1.35571606584901E-001,
                -2.95685708751585E-001,
                -6.70998645653302E-002,
                2.00780333518517E-001,
                1.66637476992028E-001,
                2.00780333518530E-001,
                -6.70998645653189E-002,
                2.00780333518562E-001,
                1.66637476992079E-001,
                2.00780333518560E-001,
                1.80940571707243E-001,
                8.03176969377262E-016,
                -1.06008951616943E-014,
                9.48221979428143E-003,
                3.88341300982533E-016,
                -9.48221979428221E-003,
                1.10245471605930E-014,
                9.48221979429711E-003,
                -1.12520268302221E-016,
                -9.48221979429867E-003,
                -5.04804531509251E-015,
                1.60405528556194E-001,
                -7.12075027294651E-016,
                -1.60405528556223E-001,
                1.96145183428698E-014,
                1.60405528556229E-001,
                -2.09470755683582E-015,
                -1.60405528556234E-001,
                5.71721489595056E-015,
                9.90512204482852E-003,
                -1.98526299876159E-014,
                -9.90512204485811E-003,
                1.22704208176550E-014,
                9.90512204486285E-003,
                2.47037841881851E-014,
                -9.90512204483229E-003,
                -5.37608152439972E-014
            ],