{
    "info" : {
        "generated_by" : "MachLine (c) 2023 USU Aerolab",
        "executed" : "Fri Jul 12 13:55:45 2024"
    },
    "mesh_info" : {
        "N_body_panels" : 48,
        "N_body_vertices" : 26,
        "N_wake_panels" : 0,
        "N_wake_filaments" : 0,
        "average_characteristic_length" : 4.76931360312427E-001,
        "max_flow_turning_angle" : 9.00000000000000E+001
    },
    "solver_results" : {
        "solver_status_code" : 0,
        "system_dimension" : 26,
        "timing" : {
            "system_sorting" : 2.00000000000000E-006,
            "preconditioner" : 5.30000000000000E-006,
            "matrix_solver" : 1.42000000000000E-005
        },
        "iterations" : 6,
        "residual" : {
            "max" : 6.66133814775094E-016,
            "norm" : 1.84886740460726E-015
        }
    },
    "pressure_calculations" : {
        "incompressible_rule" : {
            "max" : 6.44474840145059E-001,
            "min" : -6.48535621538950E-001
        }
    },
    "total_forces" : {
        "Cx" : -2.62835586628540E-012,
        "Cy" : -1.11022302462516E-016,
        "Cz" : -1.33226762955019E-015
    },
    "total_moments" : {
        "CMx" : 4.16333634234434E-017,
        "CMy" : 1.15185638804860E-015,
        "CMz" : 1.31838984174237E-016
    },
    "CF_sensitivities" : {
        "d_CFx" : [
                5.73260992075343E-001,
                -2.29736090707039E-002,
                -9.44534396257646E-002,
                -1.67106364386593E-001,
                -9.44534396241483E-002,
                -2.29736090696981E-002,
                -9.44534396245744E-002,
                -1.67106364389237E-001,
                -9.44534396245629E-002,
                4.69260372832347E-002,
                4.57128964552440E-002,
                4.64975488450554E-002,
                4.57128964542945E-002,
                4.69260372822777E-002,
                4.57128964591069E-002,
                4.64975488465791E-002,
                4.57128964578428E-002,
                -1.66591229470436E-001,
                -9.43496884741253E-002,
                -2.28191922613362E-002,
                -9.43496885009438E-002,
                -1.66591229483596E-001,
                -9.43496885089048E-002,
                -2.28191922692003E-002,
                -9.43496884975732E-002,
                5.73262757133569E-001,
                -9.49294306897320E-013,
                1.44665717407826E-001,
                2.66220541038887E-001,
                -1.11521696566762E-012,
                -2.66220541041650E-001,
                -1.44665717410400E-001,
                -2.66220541041718E-001,
                -1.87449459454322E-012,
                2.66220541038213E-001,
                2.31480971960294E-001,
                -6.60341007592120E-002,
                -4.13816504170489E-006,
                6.60531228453881E-002,
                -2.31480971963267E-001,
                6.60341007592501E-002,
                4.13816610913782E-006,
                -6.60531228488244E-002,
                -4.76554344828849E-001,
                -1.71169524020627E-001,
                -1.79230558008824E-011,
                1.71169524000564E-001,
                4.76554344809103E-001,
                1.71169524005967E-001,
                -9.85281918829869E-013,
                -1.71169524027546E-001,
                -4.32970469028307E-012,
                -1.11159241999841E-012,
                -1.00817387893106E-012,
                -1.71287170344796E-001,
                -4.76766353100452E-001,
                -1.71287170341920E-001,
                -7.67647491113025E-013,
                1.71287170341046E-001,
                4.76766353097600E-001,
                1.71287170338779E-001,
                5.89947371908451E-008,
                -6.61584408020516E-002,
                2.31667738244937E-001,
                -6.61581702064239E-002,
                -5.89977244087555E-008,
                6.61584408004631E-002,
                -2.31667738246511E-001,
                6.61581702019630E-002,
                -1.17546927513415E-011,
                2.65965955075608E-001,
                1.44555968152113E-001,
                2.65965955064096E-001,
                -7.53135877478298E-012,
                -2.65965955099193E-001,
                -1.44555968170864E-001,
                -2.65965955083937E-001,
                -5.81389579869404E-012
            ],
        "d_CFy" : [
                -3.71331438458709E-017,
                -2.63923767765531E-001,
                -1.16121614481275E-001,
                8.17140370311963E-014,
                1.16121614481332E-001,
                2.63923767765495E-001,
                1.16121614481321E-001,
                7.35968322062318E-014,
                -1.16121614481363E-001,
                1.04245834808293E-001,
                -3.07869872812804E-002,
                7.88805385539756E-014,
                3.07869872800335E-002,
                -1.04245834804591E-001,
                3.07869872786458E-002,
                -4.93849152597495E-014,
                -3.07869872780114E-002,
                1.23503719843052E-001,
                1.57015432047927E-001,
                -9.88312133504020E-012,
                -1.57015432047089E-001,
                -1.23503719840891E-001,
                -1.57015432040936E-001,
                1.74581919061846E-011,
                1.57015432039811E-001,
                -1.72343539233417E-012,
                1.94013193180984E-001,
                2.92878069306974E-001,
                5.21311579631642E-002,
                1.04710386748999E-001,
                5.21311579632912E-002,
                2.92878069307088E-001,
                5.21311579631413E-002,
                1.04710386748904E-001,
                5.21311579631394E-002,
                -4.65301025520029E-001,
                -2.99084770166993E-001,
                -1.35674800044646E-001,
                -2.99146997984737E-001,
                -4.65301025513886E-001,
                -2.99084770164521E-001,
                -1.35674800044684E-001,
                -2.99146997985183E-001,
                -5.92937539961944E-002,
                1.97989129512101E-001,
                1.67358731101274E-001,
                1.97989129518167E-001,
                -5.92937539954359E-002,
                1.97989129520367E-001,
                1.67358731107842E-001,
                1.97989129520968E-001,
                1.95229383009240E-001,
                7.58324609703709E-014,
                -3.51667479858708E-014,
                9.07115265178876E-003,
                7.47824378694739E-014,
                -9.07115265151515E-003,
                1.14063489556337E-015,
                9.07115265176803E-003,
                8.54975130066882E-016,
                -9.07115265169939E-003,
                -2.85519773261800E-007,
                1.64136772670922E-001,
                7.76401484432102E-014,
                -1.64135893421847E-001,
                -2.85514462932258E-007,
                1.64136772674710E-001,
                2.72134773387319E-014,
                -1.64135893422615E-001,
                -2.13991151187809E-012,
                1.10377485453068E-002,
                -2.83115099980509E-012,
                -1.10377485525606E-002,
                1.74792600742500E-012,
                1.10377485521475E-002,
                5.30453317595976E-012,
                -1.10377485487179E-002,
                -8.74458665200972E-012
            ],