{
    "info" : {
        "generated_by" : "MachLine (c) 2023 USU Aerolab",
        "executed" : "Fri Jul 12 13:54:21 2024"
    },
    "mesh_info" : {
        "N_body_panels" : 48,
        "N_body_vertices" : 26,
        "N_wake_panels" : 0,
        "N_wake_filaments" : 0,
        "average_characteristic_length" : 4.76931360312427E-001,
        "max_flow_turning_angle" : 9.00000000000000E+001
    },
    "solver_results" : {
        "solver_status_code" : 0,
        "system_dimension" : 26,
        "timing" : {
            "system_sorting" : 1.90000000000000E-006,
            "preconditioner" : 5.40000000000000E-006,
            "matrix_solver" : 1.53000000000000E-005
        },
        "iterations" : 6,
        "residual" : {
            "max" : 2.53817475054162E-013,
            "norm" : 4.49594850103157E-013
        }
    },
    "pressure_calculations" : {
        "incompressible_rule" : {
            "max" : 6.44561496643166E-001,
            "min" : -6.48285910553051E-001
        }
    },
    "total_forces" : {
        "Cx" : 4.07199264070290E-005,
        "Cy" : 1.31838984174237E-016,
        "Cz" : -4.26741975090295E-016
    },
    "total_moments" : {
        "CMx" : -8.46144890265244E-011,
        "CMy" : 6.73072708679001E-016,
        "CMz" : 8.32667268468867E-017
    },
    "CF_sensitivities" : {
        "d_CFx" : [
                8.42863652580388E-001,
                -4.28165329784146E-002,
                -1.07899800670834E-001,
                -1.52909991176881E-001,
                -8.69293810134235E-002,
                -4.28192246755008E-002,
                -1.07894419467768E-001,
                -1.52902196396439E-001,
                -8.69301721690161E-002,
                1.66421178654053E-002,
                -1.89988871332747E-003,
                -1.57781411006759E-002,
                1.27263854578730E-003,
                1.66458165380328E-002,
                -1.88469429483207E-003,
                -1.57798804836426E-002,
                1.29172630966812E-003,
                -3.41655952982977E-001,
                -2.53964555153524E-001,
                -1.91159663987458E-001,
                -2.78060337579433E-001,
                -3.41802401543468E-001,
                -2.53938368312304E-001,
                -1.91163484721587E-001,
                -2.78138760392407E-001,
                2.06706326333552E+000,
                -1.21409517705399E-005,
                2.79186905646524E-001,
                3.27557838943402E-001,
                -6.38589881203873E-004,
                -3.13542614454669E-001,
                -2.79200991887528E-001,
                -3.27582497708737E-001,
                5.99595320694548E-004,
                3.13515966998007E-001,
                -1.31282933608540E-001,
                -2.96758209089939E-001,
                -1.44544798877386E-002,
                3.17871091561472E-001,
                1.31263498037283E-001,
                2.96756364518996E-001,
                1.44558791076100E-002,
                -3.17893553305077E-001,
                -1.70208390355413E-001,
                4.98556336768898E-002,
                -2.29219013725289E-002,
                -6.54633122710047E-002,
                1.69939685048107E-001,
                -4.99817899193076E-002,
                2.27219339693109E-002,
                6.52136438146691E-002,
                -3.46276958719739E-005,
                -9.20606166060488E-006,
                1.96970783786403E-002,
                -2.43018767836169E-001,
                -5.29624142889484E-001,
                -2.56031254657729E-001,
                -1.97122778020458E-002,
                2.42986966269853E-001,
                5.29595255550560E-001,
                2.56013314151420E-001,
                1.66968432371996E-002,
                1.74220382710382E-001,
                5.63904568738249E-001,
                1.92350459512695E-001,
                -1.67230906098198E-002,
                -1.74238679839907E-001,
                -5.63908279487729E-001,
                -1.92378976744236E-001,
                5.61912426566044E-004,
                3.45219552110830E-002,
                -1.90591366128210E-001,
                5.05079027053933E-002,
                -7.11498292188802E-004,
                -3.47690154830567E-002,
                1.90362604154296E-001,
                -5.07189297316458E-002,
                -1.35347814412967E-005
            ],
        "d_CFy" : [
                -1.25073335262154E-016,
                -2.59499412579239E-001,
                -1.12165778634314E-001,
                -2.82196338661430E-005,
                1.12281480341026E-001,
                2.59499764665226E-001,
                1.12166362428765E-001,
                2.84282801907856E-005,
                -1.12281213949295E-001,
                -1.32137225763076E-001,
                -1.75648548640536E-001,
                -1.47715273634191E-004,
                1.74777324344321E-001,
                1.32173099879107E-001,
                1.75631566898995E-001,
                1.47765318982814E-004,
                -1.74764861040521E-001,
                5.26751321352051E-001,
                4.20424369968231E-001,
                1.33053185755525E-003,
                -4.07765823160465E-001,
                -5.26621465953875E-001,
                -4.20304358297666E-001,
                -1.26688107719469E-003,
                4.07772429296589E-001,
                -1.88489908900927E-005,
                2.00416868013824E-001,
                2.83889683457985E-001,
                5.02530925378815E-002,
                1.09962997618928E-001,
                5.04005813634070E-002,
                2.83890314322385E-001,
                5.02527606855689E-002,
                1.09962325490474E-001,
                5.03996558154823E-002,
                -6.27761873279008E-001,
                -3.37900905962786E-001,
                -1.34708002016160E-001,
                -3.37075043327698E-001,
                -6.27699193508663E-001,
                -3.37881611649662E-001,
                -1.34708589540030E-001,
                -3.37080120542344E-001,
                6.26848347750745E-001,
                2.77265491179514E-001,
                -2.30437982999570E-001,
                2.88164869452424E-001,
                6.26874631763911E-001,
                2.77324421541733E-001,
                -2.30381721800353E-001,
                2.88185327434801E-001,
                -2.38631463644703E-001,
                -5.20515522209716E-005,
                -1.70335311257244E-004,
                1.58377002563941E-002,
                6.05710737280691E-006,
                -1.59325120497848E-002,
                -1.70083247653809E-004,
                1.58374866103304E-002,
                5.33161200542822E-006,
                -1.59336335402875E-002,
                7.55601095923057E-003,
                2.15989803468631E-001,
                1.39233374146299E-004,
                -2.14556983667919E-001,
                7.60995801976321E-003,
                2.16019345062850E-001,
                1.38796090288628E-004,
                -2.14569354379555E-001,
                -1.46328713531287E-003,
                -4.89958151396785E-001,
                2.41592591726130E-003,
                4.81978143967419E-001,
                -1.44247035449921E-003,
                -4.89892862138231E-001,
                2.43403474079994E-003,
                4.82005285304259E-001,
                -3.89042663414539E-003
            ],