{
    "info" : {
        "generated_by" : "MachLine (c) 2023 USU Aerolab",
        "executed" : "Fri Jul 12 13:54:32 2024"
    },
    "mesh_info" : {
        "N_body_panels" : 48,
        "N_body_vertices" : 26,
        "N_wake_panels" : 0,
        "N_wake_filaments" : 0,
        "average_characteristic_length" : 4.76931360312427E-001,
        "max_flow_turning_angle" : 9.00000000000000E+001
    },
    "solver_results" : {
        "solver_status_code" : 0,
        "system_dimension" : 26,
        "timing" : {
            "system_sorting" : 2.00000000000000E-006,
            "preconditioner" : 5.70000000000000E-006,
            "matrix_solver" : 1.43000000000000E-005
        },
        "iterations" : 6,
        "residual" : {
            "max" : 1.11022302462516E-014,
            "norm" : 3.18023895952210E-014
        }
    },
    "pressure_calculations" : {
        "incompressible_rule" : {
            "max" : 6.44567087145670E-001,
            "min" : -6.48268982050602E-001
        }
    },
    "total_forces" : {
        "Cx" : 5.34250406168668E-006,
        "Cy" : 5.55111512312578E-017,
        "Cz" : 3.19189119579733E-016
    },
    "total_moments" : {
        "CMx" : -5.49899882573701E-011,
        "CMy" : -4.89192020225460E-016,
        "CMz" : 2.01227923213310E-016
    },
    "CF_sensitivities" : {
        "d_CFx" : [
                8.42881897501423E-001,
                -4.27903504725226E-002,
                -1.07862302676075E-001,
                -1.52916831824252E-001,
                -8.68972592251024E-002,
                -4.27912391207294E-002,
                -1.07861514188737E-001,
                -1.52916650653028E-001,
                -8.68982338223162E-002,
                1.66445730177049E-002,
                -1.88584504899536E-003,
                -1.57810598102215E-002,
                1.28341650640507E-003,
                1.66423902215738E-002,
                -1.88269477644298E-003,
                -1.57811618545372E-002,
                1.28287062475385E-003,
                -3.41530656044168E-001,
                -2.54016304526790E-001,
                -1.91047172775747E-001,
                -2.78145869621571E-001,
                -3.41557718066830E-001,
                -2.54031608880578E-001,
                -1.91046339374994E-001,
                -2.78139474340853E-001,
                2.06699212800683E+000,
                -2.25106331597146E-007,
                2.79185048860704E-001,
                3.27549958196995E-001,
                -6.34796312725892E-004,
                -3.13509012292311E-001,
                -2.79186576367992E-001,
                -3.27553109175081E-001,
                6.31782514654757E-004,
                3.13507343014836E-001,
                -1.31311806334647E-001,
                -2.96713499483080E-001,
                -1.44501667709851E-002,
                3.17859955106643E-001,
                1.31310350750992E-001,
                2.96714178864017E-001,
                1.44513537679134E-002,
                -3.17863169598092E-001,
                -1.70065083083194E-001,
                4.98448251050013E-002,
                -2.27834153189524E-002,
                -6.53102481597666E-002,
                1.70039248476957E-001,
                -4.98639156088995E-002,
                2.27625058634285E-002,
                6.52823319882885E-002,
                -5.68147062153049E-006,
                -1.51566069668413E-006,
                1.97054676401780E-002,
                -2.42987852585004E-001,
                -5.29611128046692E-001,
                -2.56021293457941E-001,
                -1.97077830841301E-002,
                2.42985518398436E-001,
                5.29607183541683E-001,
                2.56019311427379E-001,
                1.66944771182719E-002,
                1.74222163990826E-001,
                5.63937742021004E-001,
                1.92358463500334E-001,
                -1.66966842270607E-002,
                -1.74223260122695E-001,
                -5.63937366978694E-001,
                -1.92361865208318E-001,
                6.41220997462554E-004,
                3.46208467523432E-002,
                -1.90546206958095E-001,
                5.06927143118182E-002,
                -6.63122662535271E-004,
                -3.46484063683241E-002,
                1.90526878859912E-001,
                -5.07169891470639E-002,
                -3.47490098450401E-006
            ],
        "d_CFy" : [
                -1.59353149492087E-016,
                -2.59506316999540E-001,
                -1.12165518480264E-001,
                -2.84044798223920E-005,
                1.12286318591501E-001,
                2.59506298356960E-001,
                1.12165558175001E-001,
                2.86073599858445E-005,
                -1.12286362517167E-001,
                -1.32106630352759E-001,
                -1.75638001636210E-001,
                -1.47867194410323E-004,
                1.74776596276820E-001,
                1.32110499219283E-001,
                1.75636021070327E-001,
                1.47877434654908E-004,
                -1.74774301402489E-001,
                5.26538017721387E-001,
                4.20541825907381E-001,
                1.38241152107588E-003,
                -4.07807190908986E-001,
                -5.26524702667977E-001,
                -4.20531242982357E-001,
                -1.37617538173668E-003,
                4.07803846897659E-001,
                -2.10913399411767E-006,
                2.00415847616049E-001,
                2.83900739687039E-001,
                5.02480258525462E-002,
                1.09962072704659E-001,
                5.03940027309842E-002,
                2.83900839270828E-001,
                5.02480063197716E-002,
                1.09961989754992E-001,
                5.03938910343354E-002,
                -6.27770748678565E-001,
                -3.37890187393556E-001,
                -1.34703286319440E-001,
                -3.37074644311237E-001,
                -6.27765472862502E-001,
                -3.37888104299531E-001,
                -1.34703322537129E-001,
                -3.37075115333852E-001,
                6.26817679224279E-001,
                2.77353676848935E-001,
                -2.30417069652175E-001,
                2.88219488376208E-001,
                6.26824599994174E-001,
                2.77361084670394E-001,
                -2.30411166565752E-001,
                2.88225354067484E-001,
                -2.38548544712048E-001,
                -5.28811718178144E-005,
                -1.69132634176966E-004,
                1.58449287278691E-002,
                5.75935341324860E-006,
                -1.59418906674487E-002,
                -1.69075478454207E-004,
                1.58449129499711E-002,
                5.68874008408438E-006,
                -1.59420715058419E-002,
                7.58088660907183E-003,
                2.15974619877693E-001,
                1.39852765887939E-004,
                -2.14523926732834E-001,
                7.58707458607007E-003,
                2.15978668077789E-001,
                1.39801309530355E-004,
                -2.14524537749545E-001,
                -1.46162360928970E-003,
                -4.89879849278205E-001,
                2.42528330655415E-003,
                4.81942289516694E-001,
                -1.45880482865313E-003,
                -4.89874072235771E-001,
                2.43040412355829E-003,
                4.81945036694403E-001,
                -3.84925313020996E-003
            ],