{
    "info" : {
        "generated_by" : "MachLine (c) 2023 USU Aerolab",
        "executed" : "Fri Jul 12 13:55:47 2024"
    },
    "mesh_info" : {
        "N_body_panels" : 48,
        "N_body_vertices" : 26,
        "N_wake_panels" : 0,
        "N_wake_filaments" : 0,
        "average_characteristic_length" : 4.76931360312427E-001,
        "max_flow_turning_angle" : 9.00000000000000E+001
    },
    "solver_results" : {
        "solver_status_code" : 0,
        "system_dimension" : 26,
        "timing" : {
            "system_sorting" : 1.22000000000000E-005,
            "preconditioner" : 5.50000000000000E-006,
            "matrix_solver" : 1.46000000000000E-005
        },
        "iterations" : 6,
        "residual" : {
            "max" : 4.44089209850063E-016,
            "norm" : 1.09070100835827E-015
        }
    },
    "pressure_calculations" : {
        "incompressible_rule" : {
            "max" : 6.44441976690011E-001,
            "min" : -6.48640263260030E-001
        }
    },
    "total_forces" : {
        "Cx" : -2.21736518035698E-012,
        "Cy" : -1.38777878078145E-016,
        "Cz" : -2.42861286636753E-016
    },
    "total_moments" : {
        "CMx" : 9.02056207507940E-017,
        "CMy" : 5.20417042793042E-016,
        "CMz" : -2.56739074444567E-016
    },
    "CF_sensitivities" : {
        "d_CFx" : [
                5.73130448406954E-001,
                -2.29674523478883E-002,
                -9.44609726964626E-002,
                -1.66881007903120E-001,
                -9.44609726975022E-002,
                -2.29674523484183E-002,
                -9.44609726968716E-002,
                -1.66881007902661E-001,
                -9.44609726953993E-002,
                4.65996300261569E-002,
                4.56243968008323E-002,
                4.65717031450548E-002,
                4.56243967989884E-002,
                4.65996300253519E-002,
                4.56243968041234E-002,
                4.65717031440405E-002,
                4.56243968005039E-002,
                -1.66881422035176E-001,
                -9.44497315995785E-002,
                -2.29681323376674E-002,
                -9.44497316032287E-002,
                -1.66881422050791E-001,
                -9.44497316182984E-002,
                -2.29681323367023E-002,
                -9.44497316127804E-002,
                5.73132977540091E-001,
                -5.14363678184597E-013,
                1.44610308739025E-001,
                2.66234294322112E-001,
                -3.11921845218245E-013,
                -2.66234294324875E-001,
                -1.44610308740460E-001,
                -2.66234294324200E-001,
                -1.41748197091839E-012,
                2.66234294322341E-001,
                2.31725476531972E-001,
                -6.61791090079808E-002,
                5.02832175821392E-006,
                6.61791090069667E-002,
                -2.31725476534409E-001,
                6.61791090082124E-002,
                -5.02832232726131E-006,
                -6.61791090095927E-002,
                -4.76771593009808E-001,
                -1.71321282136478E-001,
                -1.20851476075822E-011,
                1.71321282125353E-001,
                4.76771592992413E-001,
                1.71321282128981E-001,
                -2.34154338556487E-012,
                -1.71321282145146E-001,
                -6.25714626231386E-012,
                -7.95813564293953E-013,
                -7.13336260545008E-013,
                -1.71276696801708E-001,
                -4.76788104884438E-001,
                -1.71276696799930E-001,
                -6.84707403545771E-013,
                1.71276696798990E-001,
                4.76788104882192E-001,
                1.71276696798443E-001,
                -7.16270339381195E-008,
                -6.62506751512200E-002,
                2.31582212376429E-001,
                -6.62506751505642E-002,
                7.16244513728477E-008,
                6.62506751501970E-002,
                -2.31582212376064E-001,
                6.62506751484829E-002,
                -6.12378182804210E-012,
                2.66255532765819E-001,
                1.44604418089321E-001,
                2.66255532757139E-001,
                -8.78884259536164E-012,
                -2.66255532782087E-001,
                -1.44604418104128E-001,
                -2.66255532776634E-001,
                -2.91610302369682E-012
            ],
        "d_CFy" : [
                3.21922247751067E-018,
                -2.63906305961327E-001,
                -1.16076482949436E-001,
                4.40268000649800E-014,
                1.16076482949493E-001,
                2.63906305961261E-001,
                1.16076482949418E-001,
                -2.07607849540638E-014,
                -1.16076482949513E-001,
                1.03300286399954E-001,
                -3.08010198153019E-002,
                1.62560239564749E-013,
                3.08010198139506E-002,
                -1.03300286396354E-001,
                3.08010198136205E-002,
                -1.65756994945573E-013,
                -3.08010198128723E-002,
                1.23338771822793E-001,
                1.56633156779673E-001,
                -3.27805949642532E-012,
                -1.56633156785614E-001,
                -1.23338771822752E-001,
                -1.56633156772719E-001,
                1.01517914848694E-011,
                1.56633156780578E-001,
                -1.64892679114417E-012,
                1.93956080843720E-001,
                2.92909268290774E-001,
                5.21160655182105E-002,
                1.04707290217057E-001,
                5.21160655185103E-002,
                2.92909268290850E-001,
                5.21160655182276E-002,
                1.04707290216997E-001,
                5.21160655183904E-002,
                -4.65240073078605E-001,
                -2.99253554484362E-001,
                -1.35661045418153E-001,
                -2.99253554483232E-001,
                -4.65240073074236E-001,
                -2.99253554482761E-001,
                -1.35661045418185E-001,
                -2.99253554483622E-001,
                -5.96399963633951E-002,
                1.98009157065045E-001,
                1.66955610271074E-001,
                1.98009157068924E-001,
                -5.96399963607926E-002,
                1.98009157070108E-001,
                1.66955610275984E-001,
                1.98009157070106E-001,
                1.94327021904479E-001,
                8.47106673002029E-014,
                -5.43879177805628E-015,
                9.07594713483378E-003,
                6.84409438049769E-014,
                -9.07594713442439E-003,
                5.54639342266461E-014,
                9.07594713482507E-003,
                1.09642885843854E-014,
                -9.07594713452431E-003,
                3.46638555345780E-007,
                1.64098437137994E-001,
                1.78038640788886E-013,
                -1.64098437140071E-001,
                3.46642927365345E-007,
                1.64098437140564E-001,
                1.34270565485123E-013,
                -1.64098437140494E-001,
                -9.36749809665738E-013,
                1.14022658428188E-002,
                -3.98089294855027E-012,
                -1.14022658453849E-002,
                1.49820723522090E-012,
                1.14022658466192E-002,
                2.78684703717911E-013,
                -1.14022658440092E-002,
                -5.68562558145302E-012
            ],