{
    "info" : {
        "generated_by" : "MachLine (c) 2023 USU Aerolab",
        "executed" : "Fri Jul 12 13:56:12 2024"
    },
    "mesh_info" : {
        "N_body_panels" : 48,
        "N_body_vertices" : 26,
        "N_wake_panels" : 0,
        "N_wake_filaments" : 0,
        "average_characteristic_length" : 4.76931360312427E-001,
        "max_flow_turning_angle" : 9.00000000000000E+001
    },
    "solver_results" : {
        "solver_status_code" : 0,
        "system_dimension" : 26,
        "timing" : {
            "system_sorting" : 2.60000000000000E-006,
            "preconditioner" : 6.20000000000000E-006,
            "matrix_solver" : 1.35000000000000E-005
        },
        "iterations" : 6,
        "residual" : {
            "max" : 1.11022302462516E-015,
            "norm" : 3.39819001684920E-015
        }
    },
    "pressure_calculations" : {
        "incompressible_rule" : {
            "max" : 6.37786986168777E-001,
            "min" : -6.69642711991787E-001
        }
    },
    "total_forces" : {
        "Cx" : -7.71711861080604E-012,
        "Cy" : 6.93889390390723E-018,
        "Cz" : 7.84095011141517E-016
    },
    "total_moments" : {
        "CMx" : 1.90819582357449E-017,
        "CMy" : -7.45931094670027E-016,
        "CMz" : 6.93889390390723E-018
    },
    "CF_sensitivities" : {
        "d_CFx" : [
                5.51364822939640E-001,
                -2.32496120153132E-002,
                -9.70737710525624E-002,
                -1.71513602047597E-001,
                -9.70737710525522E-002,
                -2.32496120153056E-002,
                -9.70737710525520E-002,
                -1.71513602047594E-001,
                -9.70737710525489E-002,
                5.69627444353966E-002,
                5.62656002619586E-002,
                5.69627444382685E-002,
                5.62656002619353E-002,
                5.69627444353900E-002,
                5.62656002619686E-002,
                5.69627444382739E-002,
                5.62656002619646E-002,
                -1.71513602047574E-001,
                -9.70737710533311E-002,
                -2.32496120174753E-002,
                -9.70737710534435E-002,
                -1.71513602047737E-001,
                -9.70737710534351E-002,
                -2.32496120175937E-002,
                -9.70737710533599E-002,
                5.51364822945848E-001,
                1.57891913499261E-014,
                1.28683166301394E-001,
                2.63330686897325E-001,
                1.51893991715269E-015,
                -2.63330686897342E-001,
                -1.28683166301412E-001,
                -2.63330686897338E-001,
                -7.63140170479113E-015,
                2.63330686897329E-001,
                2.43637927952232E-001,
                -7.02179923127896E-002,
                -8.91577120580829E-015,
                7.02179923127653E-002,
                -2.43637927952262E-001,
                7.02179923127679E-002,
                2.88163355170901E-015,
                -7.02179923127989E-002,
                -4.76227414748978E-001,
                -1.63159011437305E-001,
                -1.20113247213103E-013,
                1.63159011437181E-001,
                4.76227414748841E-001,
                1.63159011437245E-001,
                -2.22633654907502E-014,
                -1.63159011437351E-001,
                -3.50084557088529E-014,
                1.57714872677421E-014,
                -6.80845192806911E-015,
                -1.63159011433783E-001,
                -4.76227414744667E-001,
                -1.63159011433767E-001,
                -1.56249767362978E-015,
                1.63159011433757E-001,
                4.76227414744664E-001,
                1.63159011433758E-001,
                -9.24586869088980E-015,
                -7.02179923160501E-002,
                2.43637927947424E-001,
                -7.02179923160559E-002,
                -2.19070654389470E-014,
                7.02179923160229E-002,
                -2.43637927947440E-001,
                7.02179923160283E-002,
                -5.70632743085423E-014,
                2.63330686900348E-001,
                1.28683166306818E-001,
                2.63330686900274E-001,
                -6.70374872482844E-014,
                -2.63330686900505E-001,
                -1.28683166306880E-001,
                -2.63330686900426E-001,
                -2.77584175187324E-014
            ],
        "d_CFy" : [
                -8.92726637663125E-017,
                -2.59633376380474E-001,
                -1.07128801006337E-001,
                2.65710382457886E-017,
                1.07128801006340E-001,
                2.59633376380474E-001,
                1.07128801006338E-001,
                2.98055262236159E-016,
                -1.07128801006338E-001,
                1.07939037708790E-001,
                -3.15556702207360E-002,
                -1.77516774822761E-015,
                3.15556702207339E-002,
                -1.07939037708767E-001,
                3.15556702207222E-002,
                2.70388826674451E-015,
                -3.15556702207253E-002,
                1.06701461902454E-001,
                1.51902963944806E-001,
                -7.66096659470836E-014,
                -1.51902963944796E-001,
                -1.06701461902438E-001,
                -1.51902963944770E-001,
                9.46457050482987E-014,
                1.51902963944767E-001,
                -8.96722720908110E-015,
                1.77707741659378E-001,
                2.99807917389412E-001,
                4.89124558589799E-002,
                1.03205065255695E-001,
                4.89124558589908E-002,
                2.99807917389434E-001,
                4.89124558589951E-002,
                1.03205065255695E-001,
                4.89124558589749E-002,
                -4.53892854319019E-001,
                -2.94943316915925E-001,
                -1.35533956109021E-001,
                -2.94943316915909E-001,
                -4.53892854318992E-001,
                -2.94943316915901E-001,
                -1.35533956109021E-001,
                -2.94943316915919E-001,
                -6.85415826305065E-002,
                2.01426281701099E-001,
                1.66467004489715E-001,
                2.01426281701131E-001,
                -6.85415826304989E-002,
                2.01426281701135E-001,
                1.66467004489751E-001,
                2.01426281701158E-001,
                1.77687387611084E-001,
                4.64363790475541E-016,
                -1.02543841473679E-014,
                9.47628716421883E-003,
                6.84165890073148E-016,
                -9.47628716422488E-003,
                1.14729731791330E-014,
                9.47628716423490E-003,
                1.86665294867208E-016,
                -9.47628716424059E-003,
                -3.39658856596259E-015,
                1.59609517538646E-001,
                -3.59886239765529E-015,
                -1.59609517538658E-001,
                1.61100516607449E-014,
                1.59609517538671E-001,
                -3.65922062583167E-015,
                -1.59609517538669E-001,
                1.15697382230273E-014,
                9.42804874289802E-003,
                -1.92325616402707E-014,
                -9.42804874293010E-003,
                2.22167187533158E-014,
                9.42804874291786E-003,
                2.04798278194980E-014,
                -9.42804874289854E-003,
                -5.08135200583126E-014
            ],