{
    "info" : {
        "generated_by" : "MachLine (c) 2023 USU Aerolab",
        "executed" : "Fri Jul 12 13:55:00 2024"
    },
    "mesh_info" : {
        "N_body_panels" : 48,
        "N_body_vertices" : 26,
        "N_wake_panels" : 0,
        "N_wake_filaments" : 0,
        "average_characteristic_length" : 4.76931360312427E-001,
        "max_flow_turning_angle" : 9.00000000000000E+001
    },
    "solver_results" : {
        "solver_status_code" : 0,
        "system_dimension" : 26,
        "timing" : {
            "system_sorting" : 3.50000000000000E-006,
            "preconditioner" : 6.20000000000000E-006,
            "matrix_solver" : 1.53000000000000E-005
        },
        "iterations" : 6,
        "residual" : {
            "max" : 1.11022302462516E-015,
            "norm" : 2.58681817964932E-015
        }
    },
    "pressure_calculations" : {
        "incompressible_rule" : {
            "max" : 6.44562063705339E-001,
            "min" : -6.48258105473393E-001
        }
    },
    "total_forces" : {
        "Cx" : 2.57667298469988E-008,
        "Cy" : -4.02455846426619E-016,
        "Cz" : -3.74700270810990E-016
    },
    "total_moments" : {
        "CMx" : -1.35018732305703E-013,
        "CMy" : 6.24500451351651E-016,
        "CMz" : -7.07767178198537E-016
    },
    "CF_sensitivities" : {
        "d_CFx" : [
                8.42882906922240E-001,
                -4.27876692381282E-002,
                -1.07859534264474E-001,
                -1.52918327974573E-001,
                -8.68956070421470E-002,
                -4.27876680299142E-002,
                -1.07859528107642E-001,
                -1.52918340352699E-001,
                -8.68955999246311E-002,
                1.66424137597743E-002,
                -1.88596502068861E-003,
                -1.57833073195011E-002,
                1.28239034315603E-003,
                1.66424062964179E-002,
                -1.88594490884419E-003,
                -1.57833093455815E-002,
                1.28241614263991E-003,
                -3.41540466095491E-001,
                -2.54018901724507E-001,
                -1.91035631360390E-001,
                -2.78142017965684E-001,
                -3.41540486195298E-001,
                -2.54018948670254E-001,
                -1.91035733704621E-001,
                -2.78141949244854E-001,
                2.06700178313460E+000,
                1.57271598112447E-009,
                2.79185215954699E-001,
                3.27550479633123E-001,
                -6.33709089543879E-004,
                -3.13507787100668E-001,
                -2.79185230522041E-001,
                -3.27550496125395E-001,
                6.33695946719943E-004,
                3.13507775174533E-001,
                -1.31317184736997E-001,
                -2.96715793017982E-001,
                -1.44500874145225E-002,
                3.17863098212597E-001,
                1.31317168755765E-001,
                2.96715788929364E-001,
                1.44500896658464E-002,
                -3.17863112772322E-001,
                -1.70047271638087E-001,
                4.98527020589545E-002,
                -2.27654001980777E-002,
                -6.52904048185994E-002,
                1.70047194634093E-001,
                -4.98527974987454E-002,
                2.27652819132903E-002,
                6.52902552096171E-002,
                -3.08846281800301E-008,
                -3.18136480527207E-009,
                1.97058085584439E-002,
                -2.42984871514713E-001,
                -5.29610501102541E-001,
                -2.56021005904991E-001,
                -1.97058163780190E-002,
                2.42984855347196E-001,
                5.29610484004573E-001,
                2.56020991843066E-001,
                1.66942967121753E-002,
                1.74226457516559E-001,
                5.63942599275359E-001,
                1.92361347163824E-001,
                -1.66943055415734E-002,
                -1.74226462227720E-001,
                -5.63942604324674E-001,
                -1.92361364447662E-001,
                6.49215492301403E-004,
                3.46331314526404E-002,
                -1.90542957784372E-001,
                5.07199282537991E-002,
                -6.49308680629720E-004,
                -3.46332513229178E-002,
                1.90542879253392E-001,
                -5.07200421553888E-002,
                8.90041909424550E-010
            ],
        "d_CFy" : [
                2.07661523560888E-017,
                -2.59506250118222E-001,
                -1.12165701583603E-001,
                -2.85097103233670E-005,
                1.12285895452208E-001,
                2.59506250081823E-001,
                1.12165701936281E-001,
                2.85100407218935E-005,
                -1.12285895970479E-001,
                -1.32105662567809E-001,
                -1.75634280626067E-001,
                -1.48071994453048E-004,
                1.74774286376480E-001,
                1.32105679547692E-001,
                1.75634266996935E-001,
                1.48072063965258E-004,
                -1.74774278439464E-001,
                5.26516102062209E-001,
                4.20544307175138E-001,
                1.39215048174378E-003,
                -4.07802995435982E-001,
                -5.26516092782883E-001,
                -4.20544260385542E-001,
                -1.39211902009055E-003,
                4.07802965963391E-001,
                -1.42706817055313E-008,
                2.00415847536267E-001,
                2.83900088056274E-001,
                5.02480747407274E-002,
                1.09962024985137E-001,
                5.03941444231474E-002,
                2.83900088824315E-001,
                5.02480743169081E-002,
                1.09962024611373E-001,
                5.03941437941022E-002,
                -6.27768076740827E-001,
                -3.37887270275616E-001,
                -1.34703606196343E-001,
                -3.37073466511745E-001,
                -6.27768042271679E-001,
                -3.37887259096629E-001,
                -1.34703606362274E-001,
                -3.37073468856845E-001,
                6.26815713473093E-001,
                2.77358058288163E-001,
                -2.30411048090600E-001,
                2.88223320366430E-001,
                6.26815742725332E-001,
                2.77358098064130E-001,
                -2.30411016198480E-001,
                2.88223333065353E-001,
                -2.38531982113839E-001,
                -5.30202131299852E-005,
                -1.69197493332766E-004,
                1.58450230838388E-002,
                5.70562221040565E-006,
                -1.59419636997918E-002,
                -1.69197171114400E-004,
                1.58450229379655E-002,
                5.70523778336315E-006,
                -1.59419643318808E-002,
                7.58322359134189E-003,
                2.15976754016578E-001,
                1.39876893890182E-004,
                -2.14524039163314E-001,
                7.58324712930754E-003,
                2.15976770909537E-001,
                1.39876723422010E-004,
                -2.14524048304317E-001,
                -1.46473382583219E-003,
                -4.89870805429047E-001,
                2.42716763519796E-003,
                4.81939849297644E-001,
                -1.46471822662296E-003,
                -4.89870783089747E-001,
                2.42719735469260E-003,
                4.81939858946013E-001,
                -3.84086103403736E-003
            ],