{
    "info" : {
        "generated_by" : "MachLine (c) 2023 USU Aerolab",
        "executed" : "Fri Jul 12 13:55:36 2024"
    },
    "mesh_info" : {
        "N_body_panels" : 48,
        "N_body_vertices" : 26,
        "N_wake_panels" : 0,
        "N_wake_filaments" : 0,
        "average_characteristic_length" : 4.76931360312427E-001,
        "max_flow_turning_angle" : 9.00000000000000E+001
    },
    "solver_results" : {
        "solver_status_code" : 0,
        "system_dimension" : 26,
        "timing" : {
            "system_sorting" : 2.30000000000000E-006,
            "preconditioner" : 5.30000000000000E-006,
            "matrix_solver" : 1.32000000000000E-005
        },
        "iterations" : 6,
        "residual" : {
            "max" : 8.88178419700125E-016,
            "norm" : 2.01126723852276E-015
        }
    },
    "pressure_calculations" : {
        "incompressible_rule" : {
            "max" : 6.44542980849030E-001,
            "min" : -6.48318757756196E-001
        }
    },
    "total_forces" : {
        "Cx" : 4.70365829619013E-011,
        "Cy" : 2.56739074444567E-016,
        "Cz" : 1.39471767468535E-015
    },
    "total_moments" : {
        "CMx" : -5.03069808033274E-017,
        "CMy" : -1.37390099297363E-015,
        "CMz" : 2.84494650060196E-016
    },
    "CF_sensitivities" : {
        "d_CFx" : [
                6.73507270903009E-001,
                -6.18609363926571E-002,
                -1.08392595269281E-001,
                -1.76135857261518E-001,
                -1.18844154292044E-001,
                -6.18609363922897E-002,
                -1.08392595261668E-001,
                -1.76135857265024E-001,
                -1.18844154281595E-001,
                4.26680097374015E-002,
                2.03799236897086E-002,
                4.57059696165274E-003,
                2.30925400756048E-002,
                4.26680097326455E-002,
                2.03799236957019E-002,
                4.57059696261242E-003,
                2.30925400857691E-002,
                -2.86212495654099E-001,
                -2.38433103355114E-001,
                -1.67935325353476E-001,
                -2.27482494768660E-001,
                -2.86212495738453E-001,
                -2.38433103379752E-001,
                -1.67935325350437E-001,
                -2.27482494734557E-001,
                1.29203258607727E+000,
                -2.39701746210545E-012,
                1.32558813881071E-001,
                3.00274321668356E-001,
                -2.46113341850164E-003,
                -3.11925775040170E-001,
                -1.32558813885010E-001,
                -3.00274321681872E-001,
                2.46113340779160E-003,
                3.11925775031876E-001,
                9.61699849160929E-002,
                -2.94152638769330E-001,
                -4.27774645561441E-005,
                3.00921397085371E-001,
                -9.61699849345231E-002,
                2.94152638771390E-001,
                4.27774611929896E-005,
                -3.00921397102586E-001,
                -3.92870025332012E-001,
                2.71443012155662E-002,
                -8.29282161714043E-003,
                -4.88530830212600E-002,
                3.92870025241408E-001,
                -2.71443012868302E-002,
                8.29282152783363E-003,
                4.88530828850092E-002,
                -4.33465769442707E-011,
                -3.30830689836377E-012,
                9.05527696713106E-003,
                -1.61947390872740E-001,
                -5.16447117289658E-001,
                -1.90506942743965E-001,
                -9.05527697728118E-003,
                1.61947390859991E-001,
                5.16447117282470E-001,
                1.90506942736090E-001,
                -2.27982779064008E-004,
                1.58361867267268E-001,
                3.67888294597990E-001,
                1.65582972014655E-001,
                2.27982764524190E-004,
                -1.58361867274897E-001,
                -3.67888294606025E-001,
                -1.65582972033283E-001,
                4.19254370039296E-003,
                4.88898584897823E-002,
                1.41866700803748E-001,
                2.28150402034949E-002,
                -4.19254379702869E-003,
                -4.88898586036447E-002,
                -1.41866700867724E-001,
                -2.28150402869186E-002,
                -3.92042382794842E-011
            ],
        "d_CFy" : [
                -1.58023749465122E-018,
                -2.65314605135661E-001,
                -1.15985877950993E-001,
                -1.76872027586448E-004,
                1.15736850357150E-001,
                2.65314605135758E-001,
                1.15985877951257E-001,
                1.76872028401100E-004,
                -1.15736850357457E-001,
                -2.17175444528099E-002,
                -1.00926692204281E-001,
                2.35592289282010E-005,
                8.98435041007460E-002,
                2.17175444759224E-002,
                1.00926692191789E-001,
                -2.35592289278772E-005,
                -8.98435040924274E-002,
                2.81332115416932E-001,
                1.87876059218658E-001,
                9.91798514524648E-003,
                -1.73837148168463E-001,
                -2.81332115372100E-001,
                -1.87876059196299E-001,
                -9.91798512422888E-003,
                1.73837148147133E-001,
                1.80674314763600E-012,
                2.00513863813137E-001,
                2.94390311802715E-001,
                5.41791962930057E-002,
                1.06760693197117E-001,
                5.36731380156011E-002,
                2.94390311803084E-001,
                5.41791962925891E-002,
                1.06760693196695E-001,
                5.36731380149287E-002,
                -4.59639472376164E-001,
                -2.67231473796789E-001,
                -1.34901678637495E-001,
                -2.74780073118586E-001,
                -4.59639472338086E-001,
                -2.67231473785973E-001,
                -1.34901678637784E-001,
                -2.74780073122429E-001,
                -2.30448373324965E-002,
                1.28188669101839E-001,
                -1.83018956101823E-003,
                1.47641500930432E-001,
                -2.30448373303963E-002,
                1.28188669145887E-001,
                -1.83018952771323E-003,
                1.47641500935121E-001,
                -2.51503402685711E-001,
                -2.86717601616462E-004,
                3.03674373770763E-005,
                9.54353337425426E-003,
                -3.62149028168619E-004,
                -9.34075721390540E-003,
                3.03674378412937E-005,
                9.54353337406727E-003,
                -3.62149028603991E-004,
                -9.34075721439945E-003,
                3.19084970227109E-005,
                1.23942821957884E-001,
                -3.38941568556399E-005,
                -1.35162264745905E-001,
                3.19085263723461E-005,
                1.23942821983049E-001,
                -3.38941569750273E-005,
                -1.35162264752135E-001,
                9.60077003538347E-003,
                1.33907551601756E-002,
                1.39359258109198E-002,
                -2.43877844348848E-002,
                9.60077004821354E-003,
                1.33907551857601E-002,
                1.39359258444756E-002,
                -2.43877844221878E-002,
                -1.93017715580226E-002
            ],