{
    "info" : {
        "generated_by" : "MachLine (c) 2023 USU Aerolab",
        "executed" : "Fri Jul 12 13:55:55 2024"
    },
    "mesh_info" : {
        "N_body_panels" : 48,
        "N_body_vertices" : 26,
        "N_wake_panels" : 0,
        "N_wake_filaments" : 0,
        "average_characteristic_length" : 4.76931360312427E-001,
        "max_flow_turning_angle" : 9.00000000000000E+001
    },
    "solver_results" : {
        "solver_status_code" : 0,
        "system_dimension" : 26,
        "timing" : {
            "system_sorting" : 2.90000000000000E-006,
            "preconditioner" : 5.70000000000000E-006,
            "matrix_solver" : 1.55000000000000E-005
        },
        "iterations" : 6,
        "residual" : {
            "max" : 8.88178419700125E-016,
            "norm" : 2.41139043411245E-015
        }
    },
    "pressure_calculations" : {
        "incompressible_rule" : {
            "max" : 6.44095636705033E-001,
            "min" : -6.49743529121635E-001
        }
    },
    "total_forces" : {
        "Cx" : -6.88282764116366E-012,
        "Cy" : -3.46944695195361E-016,
        "Cz" : -8.32667268468867E-017
    },
    "total_moments" : {
        "CMx" : 1.90819582357449E-017,
        "CMy" : 2.15105711021124E-016,
        "CMz" : -4.37150315946155E-016
    },
    "CF_sensitivities" : {
        "d_CFx" : [
                5.71801830768339E-001,
                -2.29425873705450E-002,
                -9.45697288212972E-002,
                -1.67107576531993E-001,
                -9.45697288213654E-002,
                -2.29425873708075E-002,
                -9.45697288213749E-002,
                -1.67107576531677E-001,
                -9.45697288211836E-002,
                4.71315475757552E-002,
                4.61593334094508E-002,
                4.71306398986830E-002,
                4.61593334093904E-002,
                4.71315475757521E-002,
                4.61593334097636E-002,
                4.71306398990914E-002,
                4.61593334097783E-002,
                -1.67107061843667E-001,
                -9.45696059646957E-002,
                -2.29428397175678E-002,
                -9.45696059677138E-002,
                -1.67107061845538E-001,
                -9.45696059696954E-002,
                -2.29428397187316E-002,
                -9.45696059679526E-002,
                5.71800509773215E-001,
                -1.04426382068439E-013,
                1.43819714635831E-001,
                2.66103816002458E-001,
                -9.21739897825589E-014,
                -2.66103816002745E-001,
                -1.43819714636215E-001,
                -2.66103816002877E-001,
                -3.01017824259312E-013,
                2.66103816002381E-001,
                2.32280888069150E-001,
                -6.63980089191017E-002,
                -6.01086045970328E-014,
                6.63980089188551E-002,
                -2.32280888069644E-001,
                6.63980089190625E-002,
                -7.17687842819408E-014,
                -6.63980089193731E-002,
                -4.76814997345220E-001,
                -1.70907079855554E-001,
                -2.84293101929279E-012,
                1.70907079851174E-001,
                4.76814997343011E-001,
                1.70907079852871E-001,
                -4.93976483467139E-013,
                -1.70907079855567E-001,
                -4.91218514865881E-013,
                -1.48088028640056E-013,
                -1.03563561624592E-013,
                -1.70906221834954E-001,
                -4.76811472235848E-001,
                -1.70906221834638E-001,
                -1.57363795113114E-013,
                1.70906221834353E-001,
                4.76811472235378E-001,
                1.70906221834208E-001,
                9.38056962318694E-014,
                -6.63982941774414E-002,
                2.32280510565032E-001,
                -6.63982941773337E-002,
                -4.52851646323308E-013,
                6.63982941771897E-002,
                -2.32280510565315E-001,
                6.63982941770536E-002,
                -1.21997029699304E-012,
                2.66103511152969E-001,
                1.43823355605472E-001,
                2.66103511151336E-001,
                -1.72168226022297E-012,
                -2.66103511156564E-001,
                -1.43823355608141E-001,
                -2.66103511154355E-001,
                -7.52127810106180E-014
            ],
        "d_CFy" : [
                -7.74049952587590E-017,
                -2.63654192973342E-001,
                -1.15596542268880E-001,
                7.58381419179823E-015,
                1.15596542268867E-001,
                2.63654192973349E-001,
                1.15596542268897E-001,
                8.39523109768638E-015,
                -1.15596542268869E-001,
                1.03555458357592E-001,
                -3.08782692713840E-002,
                -2.81546490014284E-014,
                3.08782692711225E-002,
                -1.03555458356914E-001,
                3.08782692709266E-002,
                2.86367281551003E-014,
                -3.08782692709510E-002,
                1.22475848931220E-001,
                1.56370924466020E-001,
                -1.12544948628613E-012,
                -1.56370924464767E-001,
                -1.22475848931300E-001,
                -1.56370924465520E-001,
                2.48175532634176E-012,
                1.56370924465061E-001,
                -3.16470818879931E-013,
                1.93212239837893E-001,
                2.93244920055404E-001,
                5.19198384033177E-002,
                1.04652163171511E-001,
                5.19198384033063E-002,
                2.93244920055430E-001,
                5.19198384033276E-002,
                1.04652163171497E-001,
                5.19198384032707E-002,
                -4.64657914003556E-001,
                -2.98911148938985E-001,
                -1.35659605232473E-001,
                -2.98911148938745E-001,
                -4.64657914002606E-001,
                -2.98911148938558E-001,
                -1.35659605232480E-001,
                -2.98911148938853E-001,
                -6.02392257291280E-002,
                1.98150590081650E-001,
                1.66957489337200E-001,
                1.98150590082252E-001,
                -6.02392257288593E-002,
                1.98150590082852E-001,
                1.66957489338150E-001,
                1.98150590082749E-001,
                1.93565177375898E-001,
                1.73806281866806E-014,
                -1.24210537688629E-014,
                9.13213338953825E-003,
                1.21732691361144E-014,
                -9.13213338958885E-003,
                1.64807945936263E-014,
                9.13213338954660E-003,
                -3.46322256323484E-015,
                -9.13213338962615E-003,
                -8.20420120728471E-014,
                1.63884388593962E-001,
                -5.89998319092896E-014,
                -1.63884388594321E-001,
                7.47739977574602E-013,
                1.63884388594597E-001,
                -6.59575042357477E-014,
                -1.63884388594518E-001,
                9.98216266590023E-014,
                1.13627155634907E-002,
                -8.49041153686408E-013,
                -1.13627155639369E-002,
                6.95686618121943E-013,
                1.13627155645418E-002,
                1.89756894556208E-013,
                -1.13627155637403E-002,
                -7.81230982682679E-013
            ],