{
    "info" : {
        "generated_by" : "MachLine (c) 2023 USU Aerolab",
        "executed" : "Fri Jul 12 13:55:43 2024"
    },
    "mesh_info" : {
        "N_body_panels" : 48,
        "N_body_vertices" : 26,
        "N_wake_panels" : 0,
        "N_wake_filaments" : 0,
        "average_characteristic_length" : 4.76931360312427E-001,
        "max_flow_turning_angle" : 9.00000000000000E+001
    },
    "solver_results" : {
        "solver_status_code" : 0,
        "system_dimension" : 26,
        "timing" : {
            "system_sorting" : 1.13000000000000E-005,
            "preconditioner" : 5.40000000000000E-006,
            "matrix_solver" : 1.50000000000000E-005
        },
        "iterations" : 6,
        "residual" : {
            "max" : 1.11022302462516E-015,
            "norm" : 2.14328975511121E-015
        }
    },
    "pressure_calculations" : {
        "incompressible_rule" : {
            "max" : 6.44500355868900E-001,
            "min" : -6.48454393423357E-001
        }
    },
    "total_forces" : {
        "Cx" : -7.33495209015445E-012,
        "Cy" : 8.18789480661053E-016,
        "Cz" : -1.74860126378462E-015
    },
    "total_moments" : {
        "CMx" : 1.47451495458029E-016,
        "CMy" : 1.43288159115684E-015,
        "CMz" : 9.85322934354826E-016
    },
    "CF_sensitivities" : {
        "d_CFx" : [
                5.70332795060130E-001,
                -2.30242776632218E-002,
                -9.39485528816786E-002,
                -1.65523131712092E-001,
                -9.38739015960226E-002,
                -2.30242776611819E-002,
                -9.39485528820170E-002,
                -1.65523131710368E-001,
                -9.38739015949911E-002,
                4.63485363123495E-002,
                4.59865349264519E-002,
                4.68615730401809E-002,
                4.59865328877893E-002,
                4.63485363120733E-002,
                4.59865349306956E-002,
                4.68615730395121E-002,
                4.59865328888849E-002,
                -1.68549747267597E-001,
                -9.53306765266624E-002,
                -2.34318564107081E-002,
                -9.54053389173146E-002,
                -1.68549747298031E-001,
                -9.53306765582977E-002,
                -2.34318564014989E-002,
                -9.54053389168066E-002,
                5.55751843959796E-001,
                -8.92551047159348E-013,
                1.43658486031321E-001,
                2.65988948253822E-001,
                2.56948945452212E-005,
                -2.65913711933821E-001,
                -1.43658486032464E-001,
                -2.65988948258360E-001,
                -2.56948981540321E-005,
                2.65913711929816E-001,
                2.32749935027012E-001,
                -6.63043671288557E-002,
                -4.13578893073291E-006,
                6.63233875319187E-002,
                -2.32749935030973E-001,
                6.63043671285864E-002,
                4.13578942292503E-006,
                -6.63233875356909E-002,
                -4.68999360025562E-001,
                -1.67059951872157E-001,
                1.50519792244896E-004,
                1.67076830043717E-001,
                4.68999359984355E-001,
                1.67059951847719E-001,
                -1.50519821524503E-004,
                -1.67076830083402E-001,
                -1.87700022426778E-011,
                -2.62838295813272E-012,
                2.50189242757732E-005,
                -1.70903899139604E-001,
                -4.76289198410752E-001,
                -1.70903658540217E-001,
                -2.50189248955480E-005,
                1.70903899133395E-001,
                4.76289198404328E-001,
                1.70903658537606E-001,
                5.89969460280938E-008,
                -6.63380937673635E-002,
                2.31055345307700E-001,
                -6.63378230255769E-002,
                -5.90004350785081E-008,
                6.63380937659647E-002,
                -2.31055345308911E-001,
                6.63378230197119E-002,
                1.03060562095607E-004,
                2.61628418477528E-001,
                1.37543899070158E-001,
                2.61743796601004E-001,
                -1.03060590111621E-004,
                -2.61628418510047E-001,
                -1.37543899092194E-001,
                -2.61743796634095E-001,
                -5.52172358213072E-012
            ],
        "d_CFy" : [
                6.37799099825352E-017,
                -2.63958847345949E-001,
                -1.16155976180515E-001,
                1.13058472620368E-013,
                1.16155976197858E-001,
                2.63958847345946E-001,
                1.16155976180680E-001,
                -2.50090361943637E-014,
                -1.16155976197798E-001,
                1.03413793628090E-001,
                -2.94216789405182E-002,
                2.02311019037900E-013,
                2.94216789451780E-002,
                -1.03413793620878E-001,
                2.94216789370299E-002,
                -1.75379915045674E-013,
                -2.94216789435619E-002,
                1.23361878501061E-001,
                1.56442909096938E-001,
                -8.76296861623090E-012,
                -1.56443857736203E-001,
                -1.23361878506973E-001,
                -1.56442909086204E-001,
                1.92598966620235E-011,
                1.56443857730621E-001,
                -4.00117565790266E-012,
                1.93798742990516E-001,
                2.92819067456700E-001,
                5.21406773130912E-002,
                1.04714201656903E-001,
                5.21434867314177E-002,
                2.92819067456872E-001,
                5.21406773130423E-002,
                1.04714201656769E-001,
                5.21434867311494E-002,
                -4.62616751047378E-001,
                -2.99724662785934E-001,
                -1.35664744513195E-001,
                -2.99786883959779E-001,
                -4.62616751036827E-001,
                -2.99724662781692E-001,
                -1.35664744513268E-001,
                -2.99786883960627E-001,
                -5.73031016765753E-002,
                1.98659932518076E-001,
                1.68031174326441E-001,
                1.98659932527611E-001,
                -5.73031016708547E-002,
                1.98659932528569E-001,
                1.68031174336261E-001,
                1.98659932529278E-001,
                2.13984308702522E-001,
                5.42364206467904E-006,
                -2.39053568606984E-014,
                9.06598903270164E-003,
                1.93326896447652E-006,
                -9.06482455404714E-003,
                1.01686237555243E-013,
                9.06598903268488E-003,
                1.93326884162429E-006,
                -9.06482455433072E-003,
                -2.85549898650095E-007,
                1.64516978234143E-001,
                2.18725651895209E-013,
                -1.64516098547721E-001,
                -2.85540616079397E-007,
                1.64516978240358E-001,
                1.49759104701356E-013,
                -1.64516098549055E-001,
                -1.89199096435451E-004,
                1.06158728407528E-002,
                -5.99838098746056E-012,
                -1.06149241956201E-002,
                -1.89199090253225E-004,
                1.06158728479831E-002,
                2.67835227370587E-012,
                -1.06149241930144E-002,
                3.83617840475310E-004
            ],