{
    "info" : {
        "generated_by" : "MachLine (c) 2023 USU Aerolab",
        "executed" : "Fri Jul 12 13:55:13 2024"
    },
    "mesh_info" : {
        "N_body_panels" : 48,
        "N_body_vertices" : 26,
        "N_wake_panels" : 0,
        "N_wake_filaments" : 0,
        "average_characteristic_length" : 4.76931360312427E-001,
        "max_flow_turning_angle" : 9.00000000000000E+001
    },
    "solver_results" : {
        "solver_status_code" : 0,
        "system_dimension" : 26,
        "timing" : {
            "system_sorting" : 2.00000000000000E-006,
            "preconditioner" : 5.80000000000000E-006,
            "matrix_solver" : 1.73000000000000E-005
        },
        "iterations" : 6,
        "residual" : {
            "max" : 1.33226762955019E-015,
            "norm" : 2.07515148933258E-015
        }
    },
    "pressure_calculations" : {
        "incompressible_rule" : {
            "max" : 6.44561748933161E-001,
            "min" : -6.48259098261052E-001
        }
    },
    "total_forces" : {
        "Cx" : 2.60840829491293E-009,
        "Cy" : -1.53349555276350E-015,
        "Cz" : 5.10008701937181E-016
    },
    "total_moments" : {
        "CMx" : -1.55413876212762E-014,
        "CMy" : -5.13478148889135E-016,
        "CMz" : -1.72084568816899E-015
    },
    "CF_sensitivities" : {
        "d_CFx" : [
                8.03893190694404E-001,
                -4.20090087907509E-002,
                -9.72058510441124E-002,
                -1.36281901202520E-001,
                -7.99855192588399E-002,
                -4.20090091345409E-002,
                -9.72058507930827E-002,
                -1.36281900519352E-001,
                -7.99855187623882E-002,
                2.50905466061166E-002,
                -1.28854896894270E-003,
                -2.30859890293742E-002,
                2.15077799846486E-003,
                2.50905462218052E-002,
                -1.28854849002380E-003,
                -2.30859888547572E-002,
                2.15077913876560E-003,
                -3.19231148703263E-001,
                -2.29493472240043E-001,
                -1.61886405591447E-001,
                -2.52040161879557E-001,
                -3.19231153554153E-001,
                -2.29493477598548E-001,
                -1.61886413758073E-001,
                -2.52040157712820E-001,
                1.82293368038080E+000,
                -1.63954667653956E-011,
                2.86929819064140E-001,
                3.11460617938124E-001,
                -2.18238464227394E-003,
                -3.01634275634174E-001,
                -2.86929819296912E-001,
                -3.11460618634989E-001,
                2.18238387526588E-003,
                3.01634275218830E-001,
                -1.18971939510988E-001,
                -2.70823244157990E-001,
                -1.46738890557539E-002,
                3.09348926685847E-001,
                1.18971938308075E-001,
                2.70823244735129E-001,
                1.46738887786041E-002,
                -3.09348928040276E-001,
                -1.76342773007658E-001,
                5.13130961565458E-002,
                -2.42897766576070E-002,
                -6.96796843763062E-002,
                1.76342763941437E-001,
                -5.13131015870144E-002,
                2.42897683423607E-002,
                6.96796749000727E-002,
                -5.38048233733564E-009,
                -1.78796279987246E-010,
                2.16506212701393E-002,
                -2.38142851094973E-001,
                -4.98651066999990E-001,
                -2.55809473933855E-001,
                -2.16506219752890E-002,
                2.38142849241278E-001,
                4.98651066227026E-001,
                2.55809473507442E-001,
                1.71325115495049E-002,
                1.53302762366191E-001,
                5.34993174751822E-001,
                1.88759397636573E-001,
                -1.71325127489585E-002,
                -1.53302762802197E-001,
                -5.34993175216637E-001,
                -1.88759398269183E-001,
                2.70663352891230E-003,
                3.80364951887782E-002,
                -1.99835913498604E-001,
                5.07971419364966E-002,
                -2.70664166783632E-003,
                -3.80365044913930E-002,
                1.99835906770685E-001,
                -5.07971493305955E-002,
                -2.86217900785890E-009
            ],
        "d_CFy" : [
                1.27756512798536E-018,
                -2.60116434572486E-001,
                -1.12173892850458E-001,
                -7.17722841010872E-005,
                1.12367048316817E-001,
                2.60116434544016E-001,
                1.12173892877985E-001,
                7.17723286756500E-005,
                -1.12367048333287E-001,
                -1.40723536898658E-001,
                -1.68050311012140E-001,
                -1.49921490111710E-004,
                1.66129379635917E-001,
                1.40723539102097E-001,
                1.68050310289346E-001,
                1.49921500710032E-004,
                -1.66129379013997E-001,
                5.31034527324537E-001,
                4.07034296907570E-001,
                1.02899418353524E-003,
                -3.85432673359220E-001,
                -5.31034528391796E-001,
                -4.07034291892313E-001,
                -1.02899109820291E-003,
                3.85432672530422E-001,
                -1.54210481679108E-010,
                2.00524082264672E-001,
                2.85110088705548E-001,
                4.98920530420344E-002,
                1.09619516010893E-001,
                5.01254982042776E-002,
                2.85110088749223E-001,
                4.98920530265962E-002,
                1.09619515979482E-001,
                5.01254981549677E-002,
                -6.50181051517739E-001,
                -3.20038706219585E-001,
                -1.34588479766228E-001,
                -3.17813425587966E-001,
                -6.50181049099797E-001,
                -3.20038705225772E-001,
                -1.34588479788886E-001,
                -3.17813425889703E-001,
                6.53983943551000E-001,
                2.55914000859311E-001,
                -2.22526977851722E-001,
                2.63419273991321E-001,
                6.53983944190400E-001,
                2.55914003771398E-001,
                -2.22526975532775E-001,
                2.63419275873577E-001,
                -2.46118813069237E-001,
                -1.59660429361010E-004,
                -1.51399369892399E-004,
                1.56602137897640E-002,
                -1.76680598051812E-005,
                -1.56619321040865E-002,
                -1.51399351742786E-004,
                1.56602137754829E-002,
                -1.76680980618789E-005,
                -1.56619321609539E-002,
                8.46595380650359E-003,
                2.07416253141659E-001,
                1.52953279198053E-004,
                -2.03613063862788E-001,
                8.46595649074808E-003,
                2.07416254567736E-001,
                1.52953263891153E-004,
                -2.03613063748277E-001,
                -1.89426440478371E-003,
                -4.72467441277603E-001,
                6.58730630130978E-003,
                4.60215713339508E-001,
                -1.89426376335814E-003,
                -4.72467439218141E-001,
                6.58730902562788E-003,
                4.60215713733652E-001,
                -1.00706656981206E-002
            ],