{
    "info" : {
        "generated_by" : "MachLine (c) 2023 USU Aerolab",
        "executed" : "Fri Jul 12 13:54:33 2024"
    },
    "mesh_info" : {
        "N_body_panels" : 48,
        "N_body_vertices" : 26,
        "N_wake_panels" : 0,
        "N_wake_filaments" : 0,
        "average_characteristic_length" : 4.76931360312427E-001,
        "max_flow_turning_angle" : 9.00000000000000E+001
    },
    "solver_results" : {
        "solver_status_code" : 0,
        "system_dimension" : 26,
        "timing" : {
            "system_sorting" : 1.10000000000000E-005,
            "preconditioner" : 5.00000000000000E-006,
            "matrix_solver" : 1.50000000000000E-005
        },
        "iterations" : 6,
        "residual" : {
            "max" : 4.77395900588817E-015,
            "norm" : 1.18336028779500E-014
        }
    },
    "pressure_calculations" : {
        "incompressible_rule" : {
            "max" : 6.44564844866921E-001,
            "min" : -6.48261675061456E-001
        }
    },
    "total_forces" : {
        "Cx" : -6.88235330587039E-007,
        "Cy" : -5.55111512312578E-016,
        "Cz" : -8.29197821516914E-016
    },
    "total_moments" : {
        "CMx" : -9.32345173287885E-012,
        "CMy" : 6.62664367823140E-016,
        "CMz" : -3.19189119579733E-016
    },
    "CF_sensitivities" : {
        "d_CFx" : [
                8.42881587446176E-001,
                -4.27861581575463E-002,
                -1.07864860535268E-001,
                -1.52918088367213E-001,
                -8.68976910994893E-002,
                -4.27878161443337E-002,
                -1.07863082905010E-001,
                -1.52916786295324E-001,
                -8.68983164254261E-002,
                1.66412714380391E-002,
                -1.88718863028736E-003,
                -1.57827623553004E-002,
                1.27935947873570E-003,
                1.66386006992010E-002,
                -1.88454528197934E-003,
                -1.57820015366286E-002,
                1.27984473204812E-003,
                -3.41542245185827E-001,
                -2.54011710111316E-001,
                -1.91040490580522E-001,
                -2.78138097398617E-001,
                -3.41560421001533E-001,
                -2.54027755928415E-001,
                -1.91054551686203E-001,
                -2.78142223114691E-001,
                2.06700024487716E+000,
                -7.76627488591015E-007,
                2.79186335340763E-001,
                3.27551078266569E-001,
                -6.34828980775877E-004,
                -3.13510634961354E-001,
                -2.79189476602579E-001,
                -3.27553163284651E-001,
                6.32507389182304E-004,
                3.13508679445110E-001,
                -1.31313638758313E-001,
                -2.96717194380399E-001,
                -1.44484066447532E-002,
                3.17860349960411E-001,
                1.31310930315896E-001,
                2.96717941844630E-001,
                1.44483895460558E-002,
                -3.17864671052012E-001,
                -1.70060869689520E-001,
                4.98463101784763E-002,
                -2.27794927669896E-002,
                -6.53085719516194E-002,
                1.70037825461841E-001,
                -4.98591182060881E-002,
                2.27611761769161E-002,
                6.52795388796470E-002,
                -3.39920497550527E-006,
                -9.10374776566544E-007,
                1.97050672565074E-002,
                -2.42990302964332E-001,
                -5.29611113047076E-001,
                -2.56022517859857E-001,
                -1.97067426273073E-002,
                2.42985716443932E-001,
                5.29608171934359E-001,
                2.56020281896080E-001,
                1.66945131287486E-002,
                1.74223742951302E-001,
                5.63944441398483E-001,
                1.92359353789358E-001,
                -1.66976352503021E-002,
                -1.74225559563791E-001,
                -5.63944682977181E-001,
                -1.92361886485353E-001,
                6.40630717809513E-004,
                3.46190004851185E-002,
                -1.90543871864088E-001,
                5.06990716041757E-002,
                -6.59530973489679E-004,
                -3.46398188179661E-002,
                1.90527559724546E-001,
                -5.07214990625893E-002,
                -1.09879917114189E-006
            ],
        "d_CFy" : [
                3.84063632554084E-017,
                -2.59506259342579E-001,
                -1.12165545629341E-001,
                -2.84056045721679E-005,
                1.12285611349639E-001,
                2.59506192135577E-001,
                1.12165716915742E-001,
                2.85972265727220E-005,
                -1.12285685594588E-001,
                -1.32108909467645E-001,
                -1.75635837977752E-001,
                -1.48114183570826E-004,
                1.74774098145368E-001,
                1.32113023678363E-001,
                1.75633501085308E-001,
                1.48143864127034E-004,
                -1.74773253336809E-001,
                5.26530153301935E-001,
                4.20540496182268E-001,
                1.38538202216332E-003,
                -4.07801657663636E-001,
                -5.26524089669814E-001,
                -4.20528882644262E-001,
                -1.37970012941299E-003,
                4.07798557573100E-001,
                -2.18473324680953E-006,
                2.00416067356875E-001,
                2.83899506417589E-001,
                5.02485114633766E-002,
                1.09962193728640E-001,
                5.03945970407420E-002,
                2.83899521608312E-001,
                5.02484812126560E-002,
                1.09962121943596E-001,
                5.03944912420068E-002,
                -6.27766481384968E-001,
                -3.37888746427734E-001,
                -1.34703316231504E-001,
                -3.37072497473618E-001,
                -6.27760772066654E-001,
                -3.37886357651697E-001,
                -1.34703365128380E-001,
                -3.37073132316761E-001,
                6.26817039697869E-001,
                2.77349525818034E-001,
                -2.30416251430177E-001,
                2.88218948903072E-001,
                6.26821215629946E-001,
                2.77355706124747E-001,
                -2.30411146206635E-001,
                2.88219332041657E-001,
                -2.38546023871383E-001,
                -5.29291976648581E-005,
                -1.69237535052316E-004,
                1.58443820136153E-002,
                5.77881404045094E-006,
                -1.59413598032127E-002,
                -1.69179125177592E-004,
                1.58443429291705E-002,
                5.70687609819179E-006,
                -1.59415003765174E-002,
                7.58095614345125E-003,
                2.15973473870112E-001,
                1.39760266102318E-004,
                -2.14523438568123E-001,
                7.58595821461147E-003,
                2.15976824353954E-001,
                1.39728329155015E-004,
                -2.14522759232007E-001,
                -1.46541510253224E-003,
                -4.89879590117972E-001,
                2.42533461894162E-003,
                4.81942878584691E-001,
                -1.46190199802629E-003,
                -4.89874145538169E-001,
                2.42963796435909E-003,
                4.81946339492237E-001,
                -3.84802579402608E-003
            ],