{
    "info" : {
        "generated_by" : "MachLine (c) 2023 USU Aerolab",
        "executed" : "Fri Jul 12 13:54:24 2024"
    },
    "mesh_info" : {
        "N_body_panels" : 48,
        "N_body_vertices" : 26,
        "N_wake_panels" : 0,
        "N_wake_filaments" : 0,
        "average_characteristic_length" : 4.76931360312427E-001,
        "max_flow_turning_angle" : 9.00000000000000E+001
    },
    "solver_results" : {
        "solver_status_code" : 0,
        "system_dimension" : 26,
        "timing" : {
            "system_sorting" : 2.00000000000000E-006,
            "preconditioner" : 6.50000000000000E-006,
            "matrix_solver" : 1.52000000000000E-005
        },
        "iterations" : 6,
        "residual" : {
            "max" : 1.47175575594919E-013,
            "norm" : 2.52046661846263E-013
        }
    },
    "pressure_calculations" : {
        "incompressible_rule" : {
            "max" : 6.44572063299943E-001,
            "min" : -6.48297863603928E-001
        }
    },
    "total_forces" : {
        "Cx" : 3.95292700237360E-005,
        "Cy" : -1.44328993201270E-015,
        "Cz" : 4.51028103753970E-017
    },
    "total_moments" : {
        "CMx" : -1.77216515767631E-010,
        "CMy" : 1.45716771982052E-016,
        "CMz" : -1.40165656858926E-015
    },
    "CF_sensitivities" : {
        "d_CFx" : [
                8.42877895360034E-001,
                -4.27886508357226E-002,
                -1.07881597420001E-001,
                -1.52913153941310E-001,
                -8.69115615283904E-002,
                -4.27930552348472E-002,
                -1.07882141490772E-001,
                -1.52910669347240E-001,
                -8.69093044032833E-002,
                1.66516833039265E-002,
                -1.88775854058187E-003,
                -1.57681034453214E-002,
                1.27115513745313E-003,
                1.66355875526052E-002,
                -1.87571445087897E-003,
                -1.57769687364839E-002,
                1.28668344240612E-003,
                -3.41571785916427E-001,
                -2.53931056783489E-001,
                -1.91117354223831E-001,
                -2.78142234132051E-001,
                -3.41637360981502E-001,
                -2.54102893312308E-001,
                -1.91110051713209E-001,
                -2.78129021229631E-001,
                2.06702112650522E+000,
                -1.73662327958009E-006,
                2.79186640175257E-001,
                3.27551832665140E-001,
                -6.38286000298098E-004,
                -3.13511003895439E-001,
                -2.79193316118436E-001,
                -3.27561224973823E-001,
                6.23937858616637E-004,
                3.13502484278136E-001,
                -1.31277539901595E-001,
                -2.96708130354955E-001,
                -1.44493637488375E-002,
                3.17853516147821E-001,
                1.31262645958930E-001,
                2.96707265539160E-001,
                1.44494654509844E-002,
                -3.17870391036512E-001,
                -1.70125067988055E-001,
                4.98571250005951E-002,
                -2.28501377920404E-002,
                -6.53558976173044E-002,
                1.70032298135011E-001,
                -4.99092773336954E-002,
                2.27609709699836E-002,
                6.52471460695471E-002,
                -4.05171267790836E-005,
                -3.76966771551989E-006,
                1.97041443545562E-002,
                -2.42996916619532E-001,
                -5.29615516590672E-001,
                -2.56026362573941E-001,
                -1.97119321976364E-002,
                2.42979507159161E-001,
                5.29604532223656E-001,
                2.56014375247609E-001,
                1.66930579476884E-002,
                1.74210143899409E-001,
                5.63928497459798E-001,
                1.92345399060703E-001,
                -1.67037279362697E-002,
                -1.74217091041313E-001,
                -5.63930021365722E-001,
                -1.92359241580125E-001,
                5.95485715194215E-004,
                3.45732390172714E-002,
                -1.90522054987819E-001,
                5.06105673000894E-002,
                -6.89897459706216E-004,
                -3.46850561648478E-002,
                1.90443569938216E-001,
                -5.07070641774656E-002,
                -1.54694816192441E-005
            ],
        "d_CFy" : [
                -2.82750770718274E-017,
                -2.59504694486512E-001,
                -1.12162115648542E-001,
                -2.81239118139314E-005,
                1.12283524250604E-001,
                2.59504353134239E-001,
                1.12162604178868E-001,
                2.87176973319488E-005,
                -1.12283325884280E-001,
                -1.32121597038651E-001,
                -1.75645670412261E-001,
                -1.47829670200545E-004,
                1.74779799336981E-001,
                1.32138777611702E-001,
                1.75635640677107E-001,
                1.47804053772826E-004,
                -1.74771703650193E-001,
                5.26607423138537E-001,
                4.20510197308225E-001,
                1.33624526352281E-003,
                -4.07771006765214E-001,
                -5.26575647830051E-001,
                -4.20463842717966E-001,
                -1.31626301756039E-003,
                4.07743674073515E-001,
                -1.15613199828990E-005,
                2.00416248923119E-001,
                2.83901011513191E-001,
                5.02478725644375E-002,
                1.09962659703995E-001,
                5.03931890234123E-002,
                2.83901346981378E-001,
                5.02478648073785E-002,
                1.09962315912498E-001,
                5.03925160923207E-002,
                -6.27766657291180E-001,
                -3.37896891920152E-001,
                -1.34703518225307E-001,
                -3.37075953060904E-001,
                -6.27737115550279E-001,
                -3.37888194419208E-001,
                -1.34703739479388E-001,
                -3.37078460145912E-001,
                6.26843800546080E-001,
                2.77316719384098E-001,
                -2.30430817435487E-001,
                2.88189406656197E-001,
                6.26839204368868E-001,
                2.77354906262466E-001,
                -2.30402979837893E-001,
                2.88208527300301E-001,
                -2.38582438143791E-001,
                -5.27097776222630E-005,
                -1.68777638678107E-004,
                1.58460010604135E-002,
                5.95761163529788E-006,
                -1.59438432301138E-002,
                -1.68665665320297E-004,
                1.58459771175198E-002,
                5.64447609118129E-006,
                -1.59444358067583E-002,
                7.56482663080565E-003,
                2.15968660248808E-001,
                1.39194595080133E-004,
                -2.14523112826005E-001,
                7.58818190273112E-003,
                2.15980665199729E-001,
                1.38997266467599E-004,
                -2.14525503910871E-001,
                -1.46407945393985E-003,
                -4.89917254143084E-001,
                2.41354399523543E-003,
                4.81966040286107E-001,
                -1.44988824281975E-003,
                -4.89883341821890E-001,
                2.44186265495707E-003,
                4.81973323366631E-001,
                -3.86086891505659E-003
            ],