{
    "info" : {
        "generated_by" : "MachLine (c) 2023 USU Aerolab",
        "executed" : "Fri Jul 12 13:56:16 2024"
    },
    "mesh_info" : {
        "N_body_panels" : 48,
        "N_body_vertices" : 26,
        "N_wake_panels" : 0,
        "N_wake_filaments" : 0,
        "average_characteristic_length" : 4.76931360312427E-001,
        "max_flow_turning_angle" : 9.00000000000000E+001
    },
    "solver_results" : {
        "solver_status_code" : 0,
        "system_dimension" : 26,
        "timing" : {
            "system_sorting" : 2.90000000000000E-006,
            "preconditioner" : 6.40000000000000E-006,
            "matrix_solver" : 1.54000000000000E-005
        },
        "iterations" : 6,
        "residual" : {
            "max" : 4.44089209850063E-016,
            "norm" : 9.88629547362285E-016
        }
    },
    "pressure_calculations" : {
        "incompressible_rule" : {
            "max" : 6.32571035480870E-001,
            "min" : -6.85689479423970E-001
        }
    },
    "total_forces" : {
        "Cx" : -7.94601884290813E-012,
        "Cy" : 4.16333634234434E-017,
        "Cz" : -1.83880688453542E-016
    },
    "total_moments" : {
        "CMx" : 3.64291929955129E-017,
        "CMy" : 2.46330733588707E-016,
        "CMz" : 1.52655665885959E-016
    },
    "CF_sensitivities" : {
        "d_CFx" : [
                5.37056125420331E-001,
                -2.41544550942931E-002,
                -9.96183261485429E-002,
                -1.75334372487973E-001,
                -9.96183261485442E-002,
                -2.41544550942945E-002,
                -9.96183261485464E-002,
                -1.75334372487968E-001,
                -9.96183261485436E-002,
                6.53034428164674E-002,
                6.48939743516077E-002,
                6.53034428194588E-002,
                6.48939743515982E-002,
                6.53034428164625E-002,
                6.48939743516050E-002,
                6.53034428194601E-002,
                6.48939743516010E-002,
                -1.75334372487743E-001,
                -9.96183261493616E-002,
                -2.41544550964612E-002,
                -9.96183261494483E-002,
                -1.75334372487831E-001,
                -9.96183261494227E-002,
                -2.41544550965483E-002,
                -9.96183261493875E-002,
                5.37056125427273E-001,
                1.72150911538160E-014,
                1.15377078411495E-001,
                2.60514767432427E-001,
                6.64381549133298E-015,
                -2.60514767432429E-001,
                -1.15377078411506E-001,
                -2.60514767432431E-001,
                -2.13371415237634E-015,
                2.60514767432426E-001,
                2.52987317161175E-001,
                -7.34702492798239E-002,
                -5.92207799847449E-015,
                7.34702492797938E-002,
                -2.52987317161199E-001,
                7.34702492798117E-002,
                -8.79614531121987E-015,
                -7.34702492798193E-002,
                -4.74720377913944E-001,
                -1.56154079184367E-001,
                -5.58495171157411E-014,
                1.56154079184321E-001,
                4.74720377913875E-001,
                1.56154079184324E-001,
                -1.36124794912716E-014,
                -1.56154079184390E-001,
                -3.15920573441919E-014,
                1.51439292189499E-014,
                -6.12423621226322E-015,
                -1.56154079180801E-001,
                -4.74720377909789E-001,
                -1.56154079180795E-001,
                -1.40529678500247E-015,
                1.56154079180795E-001,
                4.74720377909797E-001,
                1.56154079180794E-001,
                -5.81327504773939E-015,
                -7.34702492828826E-002,
                2.52987317156650E-001,
                -7.34702492828936E-002,
                -1.66992011015609E-014,
                7.34702492828625E-002,
                -2.52987317156671E-001,
                7.34702492828677E-002,
                -2.71242968077999E-014,
                2.60514767435454E-001,
                1.15377078416912E-001,
                2.60514767435427E-001,
                -2.54495265769832E-014,
                -2.60514767435529E-001,
                -1.15377078417010E-001,
                -2.60514767435493E-001,
                -3.66106771302597E-015
            ],
        "d_CFy" : [
                -2.61237275906700E-017,
                -2.56657214330812E-001,
                -1.00201642642253E-001,
                6.13009399834493E-016,
                1.00201642642252E-001,
                2.56657214330812E-001,
                1.00201642642252E-001,
                6.87399092467694E-017,
                -1.00201642642252E-001,
                1.11478223559672E-001,
                -3.19824611631883E-002,
                5.36215643094305E-016,
                3.19824611631844E-002,
                -1.11478223559659E-001,
                3.19824611631825E-002,
                3.10701591217320E-016,
                -3.19824611631788E-002,
                9.35059722226221E-002,
                1.48497025080176E-001,
                -2.67269689940486E-014,
                -1.48497025080212E-001,
                -9.35059722226272E-002,
                -1.48497025080158E-001,
                4.11839856434915E-014,
                1.48497025080173E-001,
                -6.69396152175826E-015,
                1.62992674164742E-001,
                3.05533874695366E-001,
                4.68693477461098E-002,
                1.01645620224451E-001,
                4.68693477461266E-002,
                3.05533874695388E-001,
                4.68693477461263E-002,
                1.01645620224451E-001,
                4.68693477461100E-002,
                -4.44681216382783E-001,
                -2.91732278828398E-001,
                -1.35290915277896E-001,
                -2.91732278828383E-001,
                -4.44681216382776E-001,
                -2.91732278828382E-001,
                -1.35290915277896E-001,
                -2.91732278828392E-001,
                -7.42296013958781E-002,
                2.04328428620731E-001,
                1.65369203057059E-001,
                2.04328428620725E-001,
                -7.42296013958872E-002,
                2.04328428620742E-001,
                1.65369203057078E-001,
                2.04328428620751E-001,
                1.62451405840645E-001,
                1.67509235649010E-016,
                -1.08077609362045E-014,
                9.14548716864372E-003,
                9.58724625904155E-017,
                -9.14548716864269E-003,
                1.12523922471408E-014,
                9.14548716865929E-003,
                3.60359811591484E-016,
                -9.14548716865890E-003,
                1.34614541735800E-015,
                1.56199156145972E-001,
                5.72355956506744E-016,
                -1.56199156145978E-001,
                2.18510105842729E-015,
                1.56199156145991E-001,
                -3.41637734201829E-016,
                -1.56199156145987E-001,
                7.03647209943093E-016,
                6.86914898845667E-003,
                -3.73805498424029E-015,
                -6.86914898847193E-003,
                -9.09683950956201E-015,
                6.86914898846347E-003,
                1.64149804658098E-014,
                -6.86914898844765E-003,
                -3.50067197452120E-014
            ],