{
    "info" : {
        "generated_by" : "MachLine (c) 2023 USU Aerolab",
        "executed" : "Fri Jul 12 13:55:57 2024"
    },
    "mesh_info" : {
        "N_body_panels" : 48,
        "N_body_vertices" : 26,
        "N_wake_panels" : 0,
        "N_wake_filaments" : 0,
        "average_characteristic_length" : 4.76931360312427E-001,
        "max_flow_turning_angle" : 9.00000000000000E+001
    },
    "solver_results" : {
        "solver_status_code" : 0,
        "system_dimension" : 26,
        "timing" : {
            "system_sorting" : 2.10000000000000E-006,
            "preconditioner" : 4.80000000000000E-006,
            "matrix_solver" : 1.40000000000000E-005
        },
        "iterations" : 6,
        "residual" : {
            "max" : 7.77156117237610E-016,
            "norm" : 1.94399112481892E-015
        }
    },
    "pressure_calculations" : {
        "incompressible_rule" : {
            "max" : 6.43911240345122E-001,
            "min" : -6.50330896991054E-001
        }
    },
    "total_forces" : {
        "Cx" : -6.75731692822978E-012,
        "Cy" : 2.91433543964104E-016,
        "Cz" : -1.01307850997046E-015
    },
    "total_moments" : {
        "CMx" : -4.33680868994202E-017,
        "CMy" : 7.07767178198537E-016,
        "CMz" : 2.01227923213310E-016
    },
    "CF_sensitivities" : {
        "d_CFx" : [
                5.71116462343839E-001,
                -2.29330148627388E-002,
                -9.46291584687013E-002,
                -1.67229753810331E-001,
                -9.46291584687318E-002,
                -2.29330148627191E-002,
                -9.46291584689039E-002,
                -1.67229753810101E-001,
                -9.46291584686334E-002,
                4.74140386322202E-002,
                4.64488067828182E-002,
                4.74141494006364E-002,
                4.64488067827900E-002,
                4.74140386322843E-002,
                4.64488067831288E-002,
                4.74141494007263E-002,
                4.64488067831506E-002,
                -1.67229635278367E-001,
                -9.46290338761451E-002,
                -2.29328836205424E-002,
                -9.46290338769649E-002,
                -1.67229635280167E-001,
                -9.46290338771122E-002,
                -2.29328836199980E-002,
                -9.46290338762917E-002,
                5.71116462349414E-001,
                1.03384534408730E-013,
                1.43393367102982E-001,
                2.66035124384904E-001,
                -1.55164130575481E-013,
                -2.66035124385148E-001,
                -1.43393367103194E-001,
                -2.66035124385174E-001,
                -1.92658346802552E-013,
                2.66035124384965E-001,
                2.32614309765754E-001,
                -6.65080439073345E-002,
                1.47176996923524E-013,
                6.65080439067824E-002,
                -2.32614309766060E-001,
                6.65080439074035E-002,
                -2.39402578731066E-013,
                -6.65080439072203E-002,
                -4.76818181799403E-001,
                -1.70693324056954E-001,
                -2.07813163453709E-012,
                1.70693324055108E-001,
                4.76818181797350E-001,
                1.70693324055596E-001,
                -3.92950191318301E-013,
                -1.70693324058071E-001,
                -5.95963654377972E-013,
                5.74895373577253E-015,
                -6.34252383553606E-014,
                -1.70693399810835E-001,
                -4.76818231651081E-001,
                -1.70693399810482E-001,
                -8.94916588305540E-014,
                1.70693399810338E-001,
                4.76818231650827E-001,
                1.70693399810277E-001,
                4.54375198375373E-014,
                -6.65080393344248E-002,
                2.32614264587543E-001,
                -6.65080393345261E-002,
                -2.41259720587175E-013,
                6.65080393342310E-002,
                -2.32614264587605E-001,
                6.65080393342823E-002,
                -9.95391884391588E-013,
                2.66035113929495E-001,
                1.43393286582612E-001,
                2.66035113928228E-001,
                -1.30199399526044E-012,
                -2.66035113932262E-001,
                -1.43393286584005E-001,
                -2.66035113931118E-001,
                6.60988838764426E-014
            ],
        "d_CFy" : [
                -2.40561781555346E-017,
                -2.63523510671186E-001,
                -1.15343158893690E-001,
                -3.02681695616111E-016,
                1.15343158893710E-001,
                2.63523510671185E-001,
                1.15343158893686E-001,
                8.44639615547292E-015,
                -1.15343158893716E-001,
                1.03685149798864E-001,
                -3.09021565799286E-002,
                -2.14791480212151E-014,
                3.09021565798390E-002,
                -1.03685149798511E-001,
                3.09021565796526E-002,
                2.19860833928597E-014,
                -3.09021565796805E-002,
                1.22009540726364E-001,
                1.56229482921379E-001,
                -9.51318219893696E-013,
                -1.56229482921573E-001,
                -1.22009540726512E-001,
                -1.56229482921082E-001,
                1.22645016240064E-012,
                1.56229482921718E-001,
                -2.56103884399798E-013,
                1.92807070614574E-001,
                2.93425924510556E-001,
                5.18182495589286E-002,
                1.04618840178083E-001,
                5.18182495588881E-002,
                2.93425924510586E-001,
                5.18182495589389E-002,
                1.04618840178074E-001,
                5.18182495588622E-002,
                -4.64344383426311E-001,
                -2.98790251231555E-001,
                -1.35658437798694E-001,
                -2.98790251231359E-001,
                -4.64344383425805E-001,
                -2.98790251231272E-001,
                -1.35658437798699E-001,
                -2.98790251231425E-001,
                -6.05191866381376E-002,
                1.98241248965439E-001,
                1.66958068399579E-001,
                1.98241248965994E-001,
                -6.05191866375758E-002,
                1.98241248966138E-001,
                1.66958068400317E-001,
                1.98241248966229E-001,
                1.93152977850496E-001,
                1.07106164215498E-014,
                -1.29969819628872E-014,
                9.15988934139203E-003,
                7.93369808353387E-015,
                -9.15988934146150E-003,
                1.37865521949998E-014,
                9.15988934140338E-003,
                -2.14405848246127E-015,
                -9.15988934148784E-003,
                -2.57616844523412E-013,
                1.63753978448889E-001,
                -3.73262570411592E-014,
                -1.63753978449206E-001,
                3.03684161151452E-013,
                1.63753978449272E-001,
                -4.24935742589616E-014,
                -1.63753978449115E-001,
                -5.85425805055273E-015,
                1.13342162825304E-002,
                -2.50158312458963E-013,
                -1.13342162830993E-002,
                3.59319199421575E-013,
                1.13342162833445E-002,
                2.17576302452297E-013,
                -1.13342162828767E-002,
                -9.06896086005915E-013
            ],