{
    "info" : {
        "generated_by" : "MachLine (c) 2023 USU Aerolab",
        "executed" : "Fri Jul 12 13:55:05 2024"
    },
    "mesh_info" : {
        "N_body_panels" : 48,
        "N_body_vertices" : 26,
        "N_wake_panels" : 0,
        "N_wake_filaments" : 0,
        "average_characteristic_length" : 4.76931360312427E-001,
        "max_flow_turning_angle" : 9.00000000000000E+001
    },
    "solver_results" : {
        "solver_status_code" : 0,
        "system_dimension" : 26,
        "timing" : {
            "system_sorting" : 2.00000000000000E-006,
            "preconditioner" : 5.90000000000000E-006,
            "matrix_solver" : 1.41000000000000E-005
        },
        "iterations" : 6,
        "residual" : {
            "max" : 1.11022302462516E-015,
            "norm" : 2.39168198467479E-015
        }
    },
    "pressure_calculations" : {
        "incompressible_rule" : {
            "max" : 6.44562018644184E-001,
            "min" : -6.48258241391851E-001
        }
    },
    "total_forces" : {
        "Cx" : 1.09874582210345E-008,
        "Cy" : 2.77555756156289E-017,
        "Cz" : 6.45317133063372E-016
    },
    "total_moments" : {
        "CMx" : -7.98840160687320E-014,
        "CMy" : -7.45931094670027E-016,
        "CMz" : 1.04083408558608E-016
    },
    "CF_sensitivities" : {
        "d_CFx" : [
                7.95497209675422E-001,
                -5.39097924486882E-002,
                -1.06297464611514E-001,
                -1.39227594999674E-001,
                -8.72989180994487E-002,
                -5.39097949913596E-002,
                -1.06297470667074E-001,
                -1.39227595462192E-001,
                -8.72989105851061E-002,
                2.81717760373188E-002,
                -1.88588752799390E-003,
                -2.74564801840080E-002,
                -2.31695222889994E-003,
                2.81717761723970E-002,
                -1.88587911351101E-003,
                -2.74564810614226E-002,
                -2.31694649573466E-003,
                -3.58106866333353E-001,
                -2.69196740977702E-001,
                -2.03132085789079E-001,
                -2.91788633397718E-001,
                -3.58106909760626E-001,
                -2.69196753819758E-001,
                -2.03132105938771E-001,
                -2.91788624485420E-001,
                1.72284739475014E+000,
                -1.55003904675870E-009,
                3.22871784682140E-001,
                3.12870980929160E-001,
                -6.22777524632062E-004,
                -3.05081498278354E-001,
                -3.22871788716938E-001,
                -3.12870985252512E-001,
                6.22769091520319E-004,
                3.05081495444552E-001,
                -9.07906935897645E-002,
                -2.48810716244058E-001,
                -2.20501500185861E-002,
                2.79618673427929E-001,
                9.07906874773650E-002,
                2.48810713868350E-001,
                2.20501466476807E-002,
                -2.79618680707682E-001,
                -1.84225341440221E-001,
                4.17200673122343E-002,
                -3.10780249641912E-003,
                -7.47454420975336E-002,
                1.84225290920627E-001,
                -4.17200850478093E-002,
                3.10776300132179E-003,
                7.47453894448602E-002,
                -5.44773150534052E-009,
                -1.00516778100710E-009,
                4.82522049933003E-005,
                -2.49612299452146E-001,
                -5.02987315867491E-001,
                -2.69037550915596E-001,
                -4.82555374176142E-005,
                2.49612291928724E-001,
                5.02987311882328E-001,
                2.69037546506121E-001,
                2.48932562049857E-002,
                1.38462680875725E-001,
                5.01532143254571E-001,
                1.55312341532838E-001,
                -2.48932618858621E-002,
                -1.38462683418154E-001,
                -5.01532144577247E-001,
                -1.55312349707271E-001,
                -1.06365586239173E-004,
                4.69770609385632E-002,
                -2.14758480419495E-001,
                5.49955402087953E-002,
                1.06329293417532E-004,
                -4.69771117137084E-002,
                2.14758440817263E-001,
                -5.49955734898523E-002,
                -4.69704624420988E-009
            ],
        "d_CFy" : [
                -3.93126306691041E-017,
                -2.60843025035684E-001,
                -1.12243887478196E-001,
                3.77479517687105E-005,
                1.12614811323974E-001,
                2.60843024865423E-001,
                1.12243887594266E-001,
                -3.77478286656795E-005,
                -1.12614811292865E-001,
                -1.44359573221419E-001,
                -1.75634307780962E-001,
                5.69615082533839E-005,
                1.74926576439881E-001,
                1.44359581273643E-001,
                1.75634302883490E-001,
                -5.69615368239037E-005,
                -1.74926573271727E-001,
                5.13459596037079E-001,
                3.58352283508235E-001,
                -8.82354328499335E-003,
                -3.52557574532353E-001,
                -5.13459594319700E-001,
                -3.58352274807167E-001,
                8.82356704837486E-003,
                3.52557574244670E-001,
                -1.14932783302556E-009,
                2.00755037187492E-001,
                2.85038415640119E-001,
                4.98241159195533E-002,
                1.09751894900975E-001,
                4.99277379485315E-002,
                2.85038415882519E-001,
                4.98241158512925E-002,
                1.09751894760648E-001,
                4.99277377728789E-002,
                -6.77767874889445E-001,
                -3.18807633067995E-001,
                -1.34527479280020E-001,
                -3.36648308028495E-001,
                -6.77767862840653E-001,
                -3.18807628896600E-001,
                -1.34527479310810E-001,
                -3.36648309398393E-001,
                6.59088213354824E-001,
                2.25770436339292E-001,
                -2.30370901742670E-001,
                2.61550154633338E-001,
                6.59088219176009E-001,
                2.25770451223746E-001,
                -2.30370890288316E-001,
                2.61550159120738E-001,
                -2.62493594229884E-001,
                -3.92312416354964E-004,
                -9.69044876344663E-005,
                1.52666601395406E-002,
                -3.80545872952401E-005,
                -1.58923108938994E-002,
                -9.69043981168547E-005,
                1.52666601099408E-002,
                -3.80547900651507E-005,
                -1.58923111646172E-002,
                1.44404582009632E-002,
                2.23249367860822E-001,
                1.34744985048657E-004,
                -2.16516042490080E-001,
                1.44404695433809E-002,
                2.23249375047763E-001,
                1.34744910735253E-004,
                -2.16516045758243E-001,
                -9.89597947193743E-003,
                -4.65950244436228E-001,
                8.04734244289950E-003,
                4.61318560076460E-001,
                -9.89597288187707E-003,
                -4.65950236814342E-001,
                8.04734813947776E-003,
                4.61318563350029E-001,
                -2.78022700268025E-002
            ],