{
    "info" : {
        "generated_by" : "MachLine (c) 2023 USU Aerolab",
        "executed" : "Fri Jul 12 13:55:59 2024"
    },
    "mesh_info" : {
        "N_body_panels" : 48,
        "N_body_vertices" : 26,
        "N_wake_panels" : 0,
        "N_wake_filaments" : 0,
        "average_characteristic_length" : 4.76931360312427E-001,
        "max_flow_turning_angle" : 9.00000000000000E+001
    },
    "solver_results" : {
        "solver_status_code" : 0,
        "system_dimension" : 26,
        "timing" : {
            "system_sorting" : 2.10000000000000E-006,
            "preconditioner" : 5.90000000000000E-006,
            "matrix_solver" : 1.59000000000000E-005
        },
        "iterations" : 6,
        "residual" : {
            "max" : 6.66133814775094E-016,
            "norm" : 1.44729754494964E-015
        }
    },
    "pressure_calculations" : {
        "incompressible_rule" : {
            "max" : 6.43757020360150E-001,
            "min" : -6.50822024828164E-001
        }
    },
    "total_forces" : {
        "Cx" : -7.16474102269160E-012,
        "Cy" : -8.11850586757146E-016,
        "Cz" : 7.63278329429795E-017
    },
    "total_moments" : {
        "CMx" : 2.42861286636753E-017,
        "CMy" : -3.12250225675825E-017,
        "CMz" : -8.32667268468867E-016
    },
    "CF_sensitivities" : {
        "d_CFx" : [
                5.70551592527647E-001,
                -2.29264503225812E-002,
                -9.46799684749983E-002,
                -1.67332560548697E-001,
                -9.46799684751128E-002,
                -2.29264503225206E-002,
                -9.46799684750480E-002,
                -1.67332560548715E-001,
                -9.46799684748034E-002,
                4.76513656683344E-002,
                4.66917705985455E-002,
                4.76513666366878E-002,
                4.66917705982597E-002,
                4.76513656683730E-002,
                4.66917705988092E-002,
                4.76513666367573E-002,
                4.66917705984649E-002,
                -1.67332560551441E-001,
                -9.46799684750107E-002,
                -2.29264503269362E-002,
                -9.46799684757093E-002,
                -1.67332560551562E-001,
                -9.46799684761600E-002,
                -2.29264503276205E-002,
                -9.46799684747582E-002,
                5.70551592533479E-001,
                3.76536627037665E-014,
                1.43036331112284E-001,
                2.65976634185129E-001,
                9.42531351302172E-015,
                -2.65976634185504E-001,
                -1.43036331112398E-001,
                -2.65976634185308E-001,
                -3.51737513522759E-013,
                2.65976634185293E-001,
                2.32893153443059E-001,
                -6.65998041862987E-002,
                4.12149365831371E-014,
                6.65998041860299E-002,
                -2.32893153443284E-001,
                6.65998041862948E-002,
                -1.19263785389321E-014,
                -6.65998041863372E-002,
                -4.76822477739271E-001,
                -1.70514166550158E-001,
                -1.47245179354877E-012,
                1.70514166548363E-001,
                4.76822477736843E-001,
                1.70514166549404E-001,
                -3.32694516800386E-013,
                -1.70514166550578E-001,
                -7.12710262066910E-013,
                5.44533533251965E-015,
                -7.90773299033103E-014,
                -1.70514231886638E-001,
                -4.76822541732793E-001,
                -1.70514231886547E-001,
                -1.01027879596346E-014,
                1.70514231886346E-001,
                4.76822541732521E-001,
                1.70514231886359E-001,
                2.08042986532076E-015,
                -6.65998452837439E-002,
                2.32893153437173E-001,
                -6.65998452838291E-002,
                -1.71751414947694E-013,
                6.65998452835881E-002,
                -2.32893153437247E-001,
                6.65998452835299E-002,
                -7.26834000637887E-013,
                2.65976580441416E-001,
                1.43036227763528E-001,
                2.65976580440191E-001,
                -8.55926180385853E-013,
                -2.65976580443449E-001,
                -1.43036227764914E-001,
                -2.65976580442551E-001,
                -2.89162438401804E-013
            ],
        "d_CFy" : [
                -2.09735325205692E-016,
                -2.63415506548212E-001,
                -1.15131956350866E-001,
                4.29693344869274E-016,
                1.15131956350871E-001,
                2.63415506548218E-001,
                1.15131956350871E-001,
                7.31567818275921E-015,
                -1.15131956350873E-001,
                1.03795686625381E-001,
                -3.09216063774901E-002,
                1.46539854121789E-014,
                3.09216063773477E-002,
                -1.03795686625122E-001,
                3.09216063773101E-002,
                -1.35491488602520E-014,
                -3.09216063772216E-002,
                1.21622152276714E-001,
                1.56112543527756E-001,
                -3.44306421763519E-013,
                -1.56112543527950E-001,
                -1.21622152276140E-001,
                -1.56112543527045E-001,
                1.16308501213348E-012,
                1.56112543527278E-001,
                -1.43382930485036E-013,
                1.92464529291530E-001,
                2.93578313681229E-001,
                5.17344973659884E-002,
                1.04590316285834E-001,
                5.17344973660323E-002,
                2.93578313681253E-001,
                5.17344973660007E-002,
                1.04590316285827E-001,
                5.17344973660069E-002,
                -4.64081885514599E-001,
                -2.98689618670474E-001,
                -1.35657379097262E-001,
                -2.98689618670313E-001,
                -4.64081885514115E-001,
                -2.98689618670245E-001,
                -1.35657379097267E-001,
                -2.98689618670366E-001,
                -6.07487645503244E-002,
                1.98317307940829E-001,
                1.66960112150502E-001,
                1.98317307941173E-001,
                -6.07487645495928E-002,
                1.98317307941487E-001,
                1.66960112151004E-001,
                1.98317307941627E-001,
                1.92805755518932E-001,
                8.97079719536231E-015,
                -1.25511580295612E-014,
                9.18159992757819E-003,
                6.50185371031308E-015,
                -9.18159992753070E-003,
                1.22740359542739E-014,
                9.18159992759032E-003,
                -3.01766160881366E-015,
                -9.18159992755765E-003,
                -2.45407860699487E-013,
                1.63645325101351E-001,
                2.17160504612117E-014,
                -1.63645325101511E-001,
                2.13602247868538E-013,
                1.63645325101656E-001,
                1.72180832336118E-014,
                -1.63645325101587E-001,
                6.81846072658754E-014,
                1.13062186292830E-002,
                -1.72992731852640E-013,
                -1.13062186299248E-002,
                2.51966751906333E-013,
                1.13062186298545E-002,
                2.32665484702766E-013,
                -1.13062186296541E-002,
                -8.83170273024980E-013
            ],