{
    "info" : {
        "generated_by" : "MachLine (c) 2023 USU Aerolab",
        "executed" : "Fri Jul 12 13:56:17 2024"
    },
    "mesh_info" : {
        "N_body_panels" : 48,
        "N_body_vertices" : 26,
        "N_wake_panels" : 0,
        "N_wake_filaments" : 0,
        "average_characteristic_length" : 4.76931360312427E-001,
        "max_flow_turning_angle" : 9.00000000000000E+001
    },
    "solver_results" : {
        "solver_status_code" : 0,
        "system_dimension" : 26,
        "timing" : {
            "system_sorting" : 1.90000000000000E-006,
            "preconditioner" : 6.20000000000000E-006,
            "matrix_solver" : 1.60000000000000E-005
        },
        "iterations" : 6,
        "residual" : {
            "max" : 8.88178419700125E-016,
            "norm" : 1.66199183947719E-015
        }
    },
    "pressure_calculations" : {
        "incompressible_rule" : {
            "max" : 6.31539424729787E-001,
            "min" : -6.88813370647519E-001
        }
    },
    "total_forces" : {
        "Cx" : -7.97920063355662E-012,
        "Cy" : 8.18789480661053E-016,
        "Cz" : 2.04697370165263E-016
    },
    "total_moments" : {
        "CMx" : 7.97972798949331E-017,
        "CMy" : -2.28983498828939E-016,
        "CMz" : 9.99200722162641E-016
    },
    "CF_sensitivities" : {
        "d_CFx" : [
                5.34432795474541E-001,
                -2.43927517858130E-002,
                -1.00164332498022E-001,
                -1.76102248968083E-001,
                -1.00164332498018E-001,
                -2.43927517858114E-002,
                -1.00164332498019E-001,
                -1.76102248968088E-001,
                -1.00164332498016E-001,
                6.69768233433503E-002,
                6.66304446681465E-002,
                6.69768233463497E-002,
                6.66304446681387E-002,
                6.69768233433432E-002,
                6.66304446681556E-002,
                6.69768233463466E-002,
                6.66304446681463E-002,
                -1.76102248967789E-001,
                -1.00164332498874E-001,
                -2.43927517880200E-002,
                -1.00164332498895E-001,
                -1.76102248967863E-001,
                -1.00164332498904E-001,
                -2.43927517879989E-002,
                -1.00164332498908E-001,
                5.34432795481637E-001,
                1.61370217438539E-014,
                1.12660627838134E-001,
                2.59904377855771E-001,
                2.62890531890111E-015,
                -2.59904377855769E-001,
                -1.12660627838145E-001,
                -2.59904377855773E-001,
                9.77206558833285E-016,
                2.59904377855769E-001,
                2.54833011491436E-001,
                -7.41235826607664E-002,
                -6.65983127676192E-015,
                7.41235826607423E-002,
                -2.54833011491455E-001,
                7.41235826607493E-002,
                -7.35126270033266E-015,
                -7.41235826607689E-002,
                -4.74317825364283E-001,
                -1.54705699556994E-001,
                -4.80289352088347E-014,
                1.54705699556931E-001,
                4.74317825364214E-001,
                1.54705699556946E-001,
                -1.06749599487245E-014,
                -1.54705699557006E-001,
                -1.27862474948490E-014,
                1.49946018817441E-014,
                -1.33789270916938E-015,
                -1.54705699553413E-001,
                -4.74317825360171E-001,
                -1.54705699553407E-001,
                -3.99353563216630E-015,
                1.54705699553407E-001,
                4.74317825360178E-001,
                1.54705699553405E-001,
                -7.16666371549170E-015,
                -7.41235826638144E-002,
                2.54833011486964E-001,
                -7.41235826638072E-002,
                -1.32275198210958E-014,
                7.41235826637932E-002,
                -2.54833011486982E-001,
                7.41235826637838E-002,
                -2.05540327223863E-014,
                2.59904377858803E-001,
                1.12660627843555E-001,
                2.59904377858777E-001,
                -2.49244258694087E-014,
                -2.59904377858866E-001,
                -1.12660627843620E-001,
                -2.59904377858837E-001,
                -2.64048121835695E-015
            ],
        "d_CFy" : [
                -2.13223620871665E-016,
                -2.56092770027985E-001,
                -9.88303339448264E-002,
                -2.11368025222619E-016,
                9.88303339448275E-002,
                2.56092770027986E-001,
                9.88303339448262E-002,
                -1.31758680922691E-017,
                -9.88303339448271E-002,
                1.12174759073734E-001,
                -3.20545676403951E-002,
                5.33455574727554E-016,
                3.20545676403910E-002,
                -1.12174759073719E-001,
                3.20545676403883E-002,
                6.54886218045930E-016,
                -3.20545676403885E-002,
                9.08657338980088E-002,
                1.47844686821218E-001,
                -1.67756208265188E-014,
                -1.47844686821230E-001,
                -9.08657338979932E-002,
                -1.47844686821196E-001,
                3.51654694911788E-014,
                1.47844686821204E-001,
                -2.71770079626300E-015,
                1.59897389508583E-001,
                3.06685444884616E-001,
                4.65038465887321E-002,
                1.01301266697958E-001,
                4.65038465887487E-002,
                3.06685444884639E-001,
                4.65038465887486E-002,
                1.01301266697958E-001,
                4.65038465887319E-002,
                -4.42810951510872E-001,
                -2.91096471523670E-001,
                -1.35226762440334E-001,
                -2.91096471523656E-001,
                -4.42810951510867E-001,
                -2.91096471523654E-001,
                -1.35226762440334E-001,
                -2.91096471523666E-001,
                -7.52508809615229E-002,
                2.04919933331030E-001,
                1.65085212375169E-001,
                2.04919933331038E-001,
                -7.52508809615354E-002,
                2.04919933331031E-001,
                1.65085212375188E-001,
                2.04919933331053E-001,
                1.59226718816836E-001,
                5.82216566624710E-017,
                -1.12054462930722E-014,
                9.02467303826343E-003,
                3.73383951955919E-016,
                -9.02467303826282E-003,
                1.13991932212953E-014,
                9.02467303827872E-003,
                -2.56290117327486E-016,
                -9.02467303827942E-003,
                -2.07125983031631E-015,
                1.55531007107999E-001,
                1.55363990617936E-015,
                -1.55531007108009E-001,
                1.81137656957153E-015,
                1.55531007108018E-001,
                -1.19802159360411E-015,
                -1.55531007108020E-001,
                1.08200124207536E-014,
                6.27261298789955E-003,
                -1.32071021995452E-014,
                -6.27261298790965E-003,
                -7.39127302521206E-016,
                6.27261298790213E-003,
                2.93537081741749E-015,
                -6.27261298788712E-003,
                -2.02997341158806E-014
            ],