{
    "info" : {
        "generated_by" : "MachLine (c) 2023 USU Aerolab",
        "executed" : "Fri Jul 12 13:56:24 2024"
    },
    "mesh_info" : {
        "N_body_panels" : 48,
        "N_body_vertices" : 26,
        "N_wake_panels" : 0,
        "N_wake_filaments" : 0,
        "average_characteristic_length" : 4.76931360312427E-001,
        "max_flow_turning_angle" : 9.00000000000000E+001
    },
    "solver_results" : {
        "solver_status_code" : 0,
        "system_dimension" : 26,
        "timing" : {
            "system_sorting" : 3.00000000000000E-006,
            "preconditioner" : 5.60000000000000E-006,
            "matrix_solver" : 1.34000000000000E-005
        },
        "iterations" : 6,
        "residual" : {
            "max" : 4.44089209850063E-016,
            "norm" : 1.36659220950227E-015
        }
    },
    "pressure_calculations" : {
        "incompressible_rule" : {
            "max" : 6.13084875339933E-001,
            "min" : -7.41444538566745E-001
        }
    },
    "total_forces" : {
        "Cx" : -8.92314000466854E-012,
        "Cy" : 1.24900090270330E-016,
        "Cz" : -6.73072708679001E-016
    },
    "total_moments" : {
        "CMx" : 1.04083408558608E-017,
        "CMy" : 5.03069808033274E-016,
        "CMz" : 5.55111512312578E-017
    },
    "CF_sensitivities" : {
        "d_CFx" : [
                4.97897387858318E-001,
                -3.19761127897911E-002,
                -1.12301695785741E-001,
                -1.90231010412983E-001,
                -1.12301695785736E-001,
                -3.19761127897914E-002,
                -1.12301695785739E-001,
                -1.90231010412986E-001,
                -1.12301695785738E-001,
                9.83517515840784E-002,
                9.95100692590569E-002,
                9.83517515861809E-002,
                9.95100692590560E-002,
                9.83517515840793E-002,
                9.95100692590589E-002,
                9.83517515861823E-002,
                9.95100692590571E-002,
                -1.90231010412319E-001,
                -1.12301695786556E-001,
                -3.19761127921386E-002,
                -1.12301695786552E-001,
                -1.90231010412339E-001,
                -1.12301695786559E-001,
                -3.19761127921447E-002,
                -1.12301695786547E-001,
                4.97897387868357E-001,
                1.92095445828409E-014,
                5.89424522722181E-002,
                2.45863616353584E-001,
                8.44069010327586E-015,
                -2.45863616353578E-001,
                -5.89424522722233E-002,
                -2.45863616353577E-001,
                6.27933321123977E-015,
                2.45863616353585E-001,
                2.87506960044722E-001,
                -8.64200144682642E-002,
                -1.03347622056456E-014,
                8.64200144682479E-002,
                -2.87506960044742E-001,
                8.64200144682472E-002,
                -8.91384262567968E-015,
                -8.64200144682672E-002,
                -4.60863141099910E-001,
                -1.25009199680360E-001,
                -1.83011385040205E-014,
                1.25009199680347E-001,
                4.60863141099896E-001,
                1.25009199680352E-001,
                -5.53025396802663E-015,
                -1.25009199680366E-001,
                1.40984907191505E-014,
                1.84237199521871E-014,
                -1.13454979497058E-015,
                -1.25009199676706E-001,
                -4.60863141096084E-001,
                -1.25009199676703E-001,
                -1.76444075103406E-015,
                1.25009199676710E-001,
                4.60863141096098E-001,
                1.25009199676709E-001,
                -9.66291464232217E-015,
                -8.64200144706671E-002,
                2.87506960041274E-001,
                -8.64200144706686E-002,
                -1.04364794234587E-014,
                8.64200144706473E-002,
                -2.87506960041293E-001,
                8.64200144706463E-002,
                -1.10399126801024E-015,
                2.45863616356584E-001,
                5.89424522777832E-002,
                2.45863616356574E-001,
                -3.92065497012265E-015,
                -2.45863616356601E-001,
                -5.89424522778080E-002,
                -2.45863616356593E-001,
                1.05339050733403E-014
            ],
        "d_CFy" : [
                4.78737092484085E-017,
                -2.46984306277801E-001,
                -7.39664451884482E-002,
                -1.35269958200921E-017,
                7.39664451884489E-002,
                2.46984306277802E-001,
                7.39664451884486E-002,
                4.41837916623820E-016,
                -7.39664451884484E-002,
                1.24634147037515E-001,
                -3.26480916940087E-002,
                -1.70946913293738E-016,
                3.26480916940089E-002,
                -1.24634147037511E-001,
                3.26480916940075E-002,
                3.28653447787582E-016,
                -3.26480916940058E-002,
                4.13670709656964E-002,
                1.37194705142778E-001,
                -6.35446033854569E-015,
                -1.37194705142785E-001,
                -4.13670709656935E-002,
                -1.37194705142772E-001,
                8.75151169026035E-015,
                1.37194705142780E-001,
                -2.15945761366161E-015,
                9.41083905179143E-002,
                3.27463024447156E-001,
                4.20929414523753E-002,
                9.30787023410206E-002,
                4.20929414523943E-002,
                3.27463024447183E-001,
                4.20929414523933E-002,
                9.30787023410206E-002,
                4.20929414523749E-002,
                -4.05726827996914E-001,
                -2.79372059420531E-001,
                -1.33012271793666E-001,
                -2.79372059420520E-001,
                -4.05726827996923E-001,
                -2.79372059420519E-001,
                -1.33012271793667E-001,
                -2.79372059420529E-001,
                -8.77803876637884E-002,
                2.16355790717159E-001,
                1.56227659030081E-001,
                2.16355790717146E-001,
                -8.77803876638088E-002,
                2.16355790717147E-001,
                1.56227659030086E-001,
                2.16355790717165E-001,
                8.90851217582453E-002,
                -2.79724160501257E-017,
                -1.26140417555654E-014,
                3.92221859273978E-003,
                -3.02574759661057E-016,
                -3.92221859274014E-003,
                1.32381085260480E-014,
                3.92221859275890E-003,
                2.64410843189568E-016,
                -3.92221859275818E-003,
                5.63091240302072E-015,
                1.43730681225829E-001,
                7.20842319692349E-016,
                -1.43730681225830E-001,
                -4.28379120370748E-015,
                1.43730681225840E-001,
                9.96818844446816E-017,
                -1.43730681225842E-001,
                1.32125213547774E-014,
                -9.45743163024207E-003,
                -4.01156351390147E-015,
                9.45743163023904E-003,
                -1.11345970692320E-014,
                -9.45743163025461E-003,
                2.11218058905283E-016,
                9.45743163025770E-003,
                -5.54070678226992E-015
            ],