{
    "info" : {
        "generated_by" : "MachLine (c) 2023 USU Aerolab",
        "executed" : "Fri Jul 12 13:55:12 2024"
    },
    "mesh_info" : {
        "N_body_panels" : 48,
        "N_body_vertices" : 26,
        "N_wake_panels" : 0,
        "N_wake_filaments" : 0,
        "average_characteristic_length" : 4.76931360312427E-001,
        "max_flow_turning_angle" : 9.00000000000000E+001
    },
    "solver_results" : {
        "solver_status_code" : 0,
        "system_dimension" : 26,
        "timing" : {
            "system_sorting" : 2.10000000000000E-006,
            "preconditioner" : 5.10000000000000E-006,
            "matrix_solver" : 1.41000000000000E-005
        },
        "iterations" : 6,
        "residual" : {
            "max" : 6.66133814775094E-016,
            "norm" : 1.09643631947208E-015
        }
    },
    "pressure_calculations" : {
        "incompressible_rule" : {
            "max" : 6.44561848015687E-001,
            "min" : -6.48258783557576E-001
        }
    },
    "total_forces" : {
        "Cx" : 5.98982891064637E-009,
        "Cy" : 5.55111512312578E-017,
        "Cz" : -6.55725473919233E-016
    },
    "total_moments" : {
        "CMx" : -1.68545732925907E-014,
        "CMy" : 4.19803081186387E-016,
        "CMz" : 5.55111512312578E-017
    },
    "CF_sensitivities" : {
        "d_CFx" : [
                8.03893437402092E-001,
                -4.20049133492223E-002,
                -9.73213715731981E-002,
                -1.36282193863775E-001,
                -7.98658205668780E-002,
                -4.20049137490300E-002,
                -9.73213712566402E-002,
                -1.36282193319191E-001,
                -7.98658184980361E-002,
                2.38686553975855E-002,
                -1.40536343804776E-003,
                -2.22164206877673E-002,
                2.35245753856250E-003,
                2.38686550058760E-002,
                -1.40536222707710E-003,
                -2.22164209424847E-002,
                2.35245856014954E-003,
                -3.19206495075551E-001,
                -2.29567365652778E-001,
                -1.62173779106584E-001,
                -2.52254570222724E-001,
                -3.19206507519158E-001,
                -2.29567370640968E-001,
                -1.62173779434905E-001,
                -2.52254567150298E-001,
                1.82293341191118E+000,
                -3.40592974353998E-010,
                2.86927670270999E-001,
                3.11403155401270E-001,
                -2.55342821656492E-003,
                -3.01453282255689E-001,
                -2.86927671353047E-001,
                -3.11403156565802E-001,
                2.55342692392925E-003,
                3.01453280167933E-001,
                -1.19492441508997E-001,
                -2.71475355682585E-001,
                -1.50645659992310E-002,
                3.09813273559372E-001,
                1.19492440134153E-001,
                2.71475355181944E-001,
                1.50645658257651E-002,
                -3.09813275247474E-001,
                -1.76683584082952E-001,
                5.15811969026503E-002,
                -2.35436088506187E-002,
                -6.95799678266999E-002,
                1.76683565581030E-001,
                -5.15812021674236E-002,
                2.35435971965746E-002,
                6.95799528390886E-002,
                -3.77084591197898E-009,
                -6.92570627941892E-010,
                2.09585862886260E-002,
                -2.38081921785419E-001,
                -4.98646199398469E-001,
                -2.55795699464912E-001,
                -2.09585871581459E-002,
                2.38081920022719E-001,
                4.98646197965174E-001,
                2.55795698274585E-001,
                1.78724056324023E-002,
                1.53637375921675E-001,
                5.35401507367334E-001,
                1.89221958956999E-001,
                -1.78724070756891E-002,
                -1.53637376558745E-001,
                -5.35401507958656E-001,
                -1.89221960595565E-001,
                3.07767632962054E-003,
                3.81305748038265E-002,
                -1.99671959714067E-001,
                5.07659804241329E-002,
                -3.07768639111530E-003,
                -3.81305889348607E-002,
                1.99671952045685E-001,
                -5.07659948425667E-002,
                -4.03557587301673E-009
            ],
        "d_CFy" : [
                -1.07512423132467E-016,
                -2.60130173835940E-001,
                -1.12173687790894E-001,
                -7.06382909030676E-005,
                1.12367179746032E-001,
                2.60130173880325E-001,
                1.12173687829033E-001,
                7.06383632895886E-005,
                -1.12367179701370E-001,
                -1.41894949360767E-001,
                -1.67273185050048E-001,
                -1.67739567512717E-004,
                1.65511011373251E-001,
                1.41894951483184E-001,
                1.67273183788187E-001,
                1.67739568958884E-004,
                -1.65511010570174E-001,
                5.31114640342700E-001,
                4.06116443681064E-001,
                8.36409986565968E-004,
                -3.85011030733152E-001,
                -5.31114639156338E-001,
                -4.06116438064217E-001,
                -8.36406841294261E-004,
                3.85011029361834E-001,
                -1.91051455391060E-010,
                2.00553968925037E-001,
                2.85117542007212E-001,
                4.99003115558211E-002,
                1.09619542733874E-001,
                5.01400672159694E-002,
                2.85117542044616E-001,
                4.99003115349645E-002,
                1.09619542692311E-001,
                5.01400671522747E-002,
                -6.50598554482701E-001,
                -3.19969009834782E-001,
                -1.34573330383999E-001,
                -3.17810593331348E-001,
                -6.50598550577543E-001,
                -3.19969008366423E-001,
                -1.34573330402488E-001,
                -3.17810593723867E-001,
                6.52869204957387E-001,
                2.55616073352653E-001,
                -2.22526813120579E-001,
                2.62678615083946E-001,
                6.52869208058491E-001,
                2.55616078373287E-001,
                -2.22526810322732E-001,
                2.62678616229408E-001,
                -2.48161142443551E-001,
                -1.66499921724857E-004,
                -1.39459006526867E-004,
                1.56559868612401E-002,
                -1.32920346443317E-005,
                -1.56619233791587E-002,
                -1.39458983942822E-004,
                1.56559868419355E-002,
                -1.32920725781688E-005,
                -1.56619234535737E-002,
                9.64698449309542E-003,
                2.07389556030102E-001,
                1.52083864090339E-004,
                -2.03612153964250E-001,
                9.64698750881034E-003,
                2.07389558246434E-001,
                1.52083846727568E-004,
                -2.03612154108387E-001,
                -1.89901543922259E-003,
                -4.72467775810346E-001,
                6.05228054882604E-003,
                4.60216998933042E-001,
                -1.89901336557114E-003,
                -4.72467772801913E-001,
                6.05228249134182E-003,
                4.60217000107899E-001,
                -1.01449426571462E-002
            ],