{
    "info" : {
        "generated_by" : "MachLine (c) 2023 USU Aerolab",
        "executed" : "Fri Jul 12 13:56:21 2024"
    },
    "mesh_info" : {
        "N_body_panels" : 48,
        "N_body_vertices" : 26,
        "N_wake_panels" : 0,
        "N_wake_filaments" : 0,
        "average_characteristic_length" : 4.76931360312427E-001,
        "max_flow_turning_angle" : 9.00000000000000E+001
    },
    "solver_results" : {
        "solver_status_code" : 0,
        "system_dimension" : 26,
        "timing" : {
            "system_sorting" : 2.00000000000000E-006,
            "preconditioner" : 5.80000000000000E-006,
            "matrix_solver" : 1.74000000000000E-005
        },
        "iterations" : 6,
        "residual" : {
            "max" : 6.66133814775094E-016,
            "norm" : 1.66233944561736E-015
        }
    },
    "pressure_calculations" : {
        "incompressible_rule" : {
            "max" : 6.21312043092283E-001,
            "min" : -7.18788491607556E-001
        }
    },
    "total_forces" : {
        "Cx" : -8.48435210976106E-012,
        "Cy" : 8.32667268468867E-017,
        "Cz" : 1.00267016911459E-015
    },
    "total_moments" : {
        "CMx" : 6.07153216591882E-017,
        "CMy" : -1.17961196366423E-015,
        "CMz" : -2.56739074444567E-016
    },
    "CF_sensitivities" : {
        "d_CFx" : [
                5.11764554953888E-001,
                -2.77967555311824E-002,
                -1.06322387175593E-001,
                -1.83866575984044E-001,
                -1.06322387175589E-001,
                -2.77967555311847E-002,
                -1.06322387175593E-001,
                -1.83866575984043E-001,
                -1.06322387175589E-001,
                8.40154342104109E-002,
                8.44103941773011E-002,
                8.40154342135930E-002,
                8.44103941772949E-002,
                8.40154342104120E-002,
                8.44103941773053E-002,
                8.40154342135933E-002,
                8.44103941772998E-002,
                -1.83866575983530E-001,
                -1.06322387176440E-001,
                -2.77967555334424E-002,
                -1.06322387176451E-001,
                -1.83866575983558E-001,
                -1.06322387176442E-001,
                -2.77967555334434E-002,
                -1.06322387176422E-001,
                5.11764554962558E-001,
                1.85470204783374E-014,
                8.41392897696398E-002,
                2.52875159129534E-001,
                6.85854415322678E-015,
                -2.52875159129528E-001,
                -8.41392897696459E-002,
                -2.52875159129530E-001,
                4.68079872449411E-015,
                2.52875159129536E-001,
                2.73044507422090E-001,
                -8.07897809132056E-002,
                -8.15940677304331E-015,
                8.07897809131898E-002,
                -2.73044507422113E-001,
                8.07897809131902E-002,
                -9.24756992757505E-015,
                -8.07897809132100E-002,
                -4.68389168822897E-001,
                -1.39171664414256E-001,
                -2.44596451104341E-014,
                1.39171664414231E-001,
                4.68389168822889E-001,
                1.39171664414250E-001,
                -8.96981280419168E-015,
                -1.39171664414258E-001,
                7.09348646254358E-015,
                1.83007560581808E-014,
                -1.79064033854026E-015,
                -1.39171664410632E-001,
                -4.68389168818954E-001,
                -1.39171664410630E-001,
                -1.93331205865400E-015,
                1.39171664410636E-001,
                4.68389168818968E-001,
                1.39171664410636E-001,
                -7.16632865616871E-015,
                -8.07897809158982E-002,
                2.73044507418174E-001,
                -8.07897809158951E-002,
                -1.19731094426623E-014,
                8.07897809158802E-002,
                -2.73044507418195E-001,
                8.07897809158754E-002,
                -4.98404715866939E-015,
                2.52875159132547E-001,
                8.41392897751616E-002,
                2.52875159132531E-001,
                -1.03852176505659E-014,
                -2.52875159132576E-001,
                -8.41392897751905E-002,
                -2.52875159132558E-001,
                4.28515542861566E-015
            ],
        "d_CFy" : [
                5.47244272096615E-017,
                -2.50834055583402E-001,
                -8.51443347041113E-002,
                3.38475931832633E-016,
                8.51443347041124E-002,
                2.50834055583402E-001,
                8.51443347041112E-002,
                1.81917138125726E-016,
                -8.51443347041111E-002,
                1.19066192800663E-001,
                -3.25512719542832E-002,
                5.31602313400129E-016,
                3.25512719542832E-002,
                -1.19066192800658E-001,
                3.25512719542807E-002,
                -2.83717720308970E-016,
                -3.25512719542795E-002,
                6.40107167761301E-002,
                1.41705949446498E-001,
                -7.84240000181808E-015,
                -1.41705949446502E-001,
                -6.40107167761166E-002,
                -1.41705949446484E-001,
                2.06070650042016E-014,
                1.41705949446492E-001,
                -2.12137815497904E-015,
                1.25917377802011E-001,
                3.18255737136083E-001,
                4.35470890080344E-002,
                9.72394092056549E-002,
                4.35470890080528E-002,
                3.18255737136108E-001,
                4.35470890080526E-002,
                9.72394092056544E-002,
                4.35470890080367E-002,
                -4.23200239682610E-001,
                -2.84705529984525E-001,
                -1.34269047409152E-001,
                -2.84705529984515E-001,
                -4.23200239682613E-001,
                -2.84705529984513E-001,
                -1.34269047409152E-001,
                -2.84705529984524E-001,
                -8.35746079429621E-002,
                2.11068988227891E-001,
                1.61078645699221E-001,
                2.11068988227885E-001,
                -8.35746079429838E-002,
                2.11068988227887E-001,
                1.61078645699229E-001,
                2.11068988227899E-001,
                1.23380639179817E-001,
                4.27175655959298E-017,
                -1.25901893077707E-014,
                6.88418223342552E-003,
                4.38348980845679E-016,
                -6.88418223342435E-003,
                1.28116918116095E-014,
                6.88418223344245E-003,
                4.11665522382958E-016,
                -6.88418223344006E-003,
                3.06352165857504E-015,
                1.48968641058788E-001,
                6.72077201159203E-016,
                -1.48968641058794E-001,
                -3.77736036893950E-015,
                1.48968641058801E-001,
                6.87946004006616E-016,
                -1.48968641058803E-001,
                1.16710027059375E-014,
                -1.23836241099126E-003,
                -8.30473584690624E-015,
                1.23836241099093E-003,
                -8.52352991789415E-015,
                -1.23836241099873E-003,
                -6.97177950806403E-016,
                1.23836241100622E-003,
                -1.22922505507717E-014
            ],