{
    "info" : {
        "generated_by" : "MachLine (c) 2023 USU Aerolab",
        "executed" : "Fri Jul 12 13:55:32 2024"
    },
    "mesh_info" : {
        "N_body_panels" : 48,
        "N_body_vertices" : 26,
        "N_wake_panels" : 0,
        "N_wake_filaments" : 0,
        "average_characteristic_length" : 4.76931360312427E-001,
        "max_flow_turning_angle" : 9.00000000000000E+001
    },
    "solver_results" : {
        "solver_status_code" : 0,
        "system_dimension" : 26,
        "timing" : {
            "system_sorting" : 2.20000000000000E-006,
            "preconditioner" : 6.70000000000000E-006,
            "matrix_solver" : 1.40000000000000E-005
        },
        "iterations" : 6,
        "residual" : {
            "max" : 6.66133814775094E-016,
            "norm" : 1.31919458957616E-015
        }
    },
    "pressure_calculations" : {
        "incompressible_rule" : {
            "max" : 6.44553121477584E-001,
            "min" : -6.48286510425462E-001
        }
    },
    "total_forces" : {
        "Cx" : 1.35857033956022E-010,
        "Cy" : 2.28289609438548E-015,
        "Cz" : -6.93889390390723E-018
    },
    "total_moments" : {
        "CMx" : -5.11743425413158E-016,
        "CMy" : -1.59594559789866E-016,
        "CMz" : 2.65065747129256E-015
    },
    "CF_sensitivities" : {
        "d_CFx" : [
                8.03872915315516E-001,
                -4.19493491652158E-002,
                -9.71294093967100E-002,
                -1.36034381174119E-001,
                -7.99502802061055E-002,
                -4.19493491653095E-002,
                -9.71294094269396E-002,
                -1.36034381191968E-001,
                -7.99502801884948E-002,
                2.51416887927332E-002,
                -1.27046284811860E-003,
                -2.30648945268763E-002,
                2.15578847065379E-003,
                2.51416887560012E-002,
                -1.27046284113597E-003,
                -2.30648945277685E-002,
                2.15578849531695E-003,
                -3.19080746739410E-001,
                -2.29162156852396E-001,
                -1.61532854750074E-001,
                -2.51538975471100E-001,
                -3.19080746891614E-001,
                -2.29162157140544E-001,
                -1.61532854567801E-001,
                -2.51538975697240E-001,
                1.82295915120484E+000,
                -1.52205120059394E-011,
                2.86889102011069E-001,
                3.11390814937819E-001,
                -2.43696629207929E-003,
                -3.01916560121470E-001,
                -2.86889102021579E-001,
                -3.11390814966738E-001,
                2.43696625402568E-003,
                3.01916560091512E-001,
                -1.18967155085793E-001,
                -2.70790700993287E-001,
                -1.48826430723210E-002,
                3.09301398446658E-001,
                1.18967155044928E-001,
                2.70790700987361E-001,
                1.48826430760809E-002,
                -3.09301398486505E-001,
                -1.76120522759992E-001,
                5.12718301008744E-002,
                -2.48182174739865E-002,
                -7.01379550571715E-002,
                1.76120522613185E-001,
                -5.12718302203639E-002,
                2.48182172370472E-002,
                7.01379547952235E-002,
                -2.65207409742353E-011,
                -1.26202279458346E-011,
                2.15535900292091E-002,
                -2.38102363132465E-001,
                -4.98628085464505E-001,
                -2.55801585243389E-001,
                -2.15535900537192E-002,
                2.38102363076060E-001,
                4.98628085439803E-001,
                2.55801585208737E-001,
                1.72247130484041E-002,
                1.53266769455101E-001,
                5.34973608864505E-001,
                1.88637973466393E-001,
                -1.72247130710451E-002,
                -1.53266769473547E-001,
                -5.34973608872042E-001,
                -1.88637973490274E-001,
                2.51183681808270E-003,
                3.76107266019195E-002,
                -2.00026917103070E-001,
                5.05329594418292E-002,
                -2.51183700815298E-003,
                -3.76107268609789E-002,
                2.00026916909029E-001,
                -5.05329596371469E-002,
                -5.69344146124479E-011
            ],
        "d_CFy" : [
                4.86688814825229E-017,
                -2.60110036101391E-001,
                -1.12162330323073E-001,
                -7.17672117865486E-005,
                1.12349543892284E-001,
                2.60110036100405E-001,
                1.12162330323677E-001,
                7.17672118962259E-005,
                -1.12349543892822E-001,
                -1.40558273426317E-001,
                -1.68055705511991E-001,
                -1.49927771154073E-004,
                1.66136519520205E-001,
                1.40558273478668E-001,
                1.68055705490426E-001,
                1.49927770892263E-004,
                -1.66136519496689E-001,
                5.31035127396277E-001,
                4.07035026020156E-001,
                1.02897045495974E-003,
                -3.85883068744139E-001,
                -5.31035127390780E-001,
                -4.07035025872236E-001,
                -1.02897045130120E-003,
                3.85883068641231E-001,
                -2.23790717115303E-011,
                2.00515347941313E-001,
                2.85120397561485E-001,
                4.98796075901801E-002,
                1.09609378879587E-001,
                5.01210214946421E-002,
                2.85120397562704E-001,
                4.98796075895740E-002,
                1.09609378878726E-001,
                5.01210214931807E-002,
                -6.50180844161660E-001,
                -3.20031677714782E-001,
                -1.34588225468726E-001,
                -3.18017834938441E-001,
                -6.50180844094850E-001,
                -3.20031677686283E-001,
                -1.34588225469022E-001,
                -3.18017834946520E-001,
                6.54217084976701E-001,
                2.55941268700208E-001,
                -2.22313242989937E-001,
                2.63422271914802E-001,
                6.54217084982770E-001,
                2.55941268780110E-001,
                -2.22313242922114E-001,
                2.63422271955169E-001,
                -2.46873760214897E-001,
                -1.55527877596695E-004,
                -1.54626996795724E-004,
                1.56657690557192E-002,
                -1.66365360007589E-005,
                -1.56689051380048E-002,
                -1.54626995869456E-004,
                1.56657690554974E-002,
                -1.66365368811980E-005,
                -1.56689051397457E-002,
                8.43474887878209E-003,
                2.07411759464262E-001,
                1.52924474802044E-004,
                -2.03628590368017E-001,
                8.43474894340293E-003,
                2.07411759508901E-001,
                1.52924474419476E-004,
                -2.03628590372401E-001,
                -1.43509866120843E-003,
                -4.72764319715637E-001,
                6.57039712338019E-003,
                4.60523182635432E-001,
                -1.43509865961882E-003,
                -4.72764319660856E-001,
                6.57039717969795E-003,
                4.60523182649095E-001,
                -1.00256809283302E-002
            ],