{
    "info" : {
        "generated_by" : "MachLine (c) 2023 USU Aerolab",
        "executed" : "Fri Jul 12 13:56:29 2024"
    },
    "mesh_info" : {
        "N_body_panels" : 48,
        "N_body_vertices" : 26,
        "N_wake_panels" : 0,
        "N_wake_filaments" : 0,
        "average_characteristic_length" : 4.76931360312427E-001,
        "max_flow_turning_angle" : 9.00000000000000E+001
    },
    "solver_results" : {
        "solver_status_code" : 0,
        "system_dimension" : 26,
        "timing" : {
            "system_sorting" : 5.30000000000000E-006,
            "preconditioner" : 5.50000000000000E-006,
            "matrix_solver" : 1.41000000000000E-005
        },
        "iterations" : 6,
        "residual" : {
            "max" : 4.44089209850063E-016,
            "norm" : 1.01031820261007E-015
        }
    },
    "pressure_calculations" : {
        "incompressible_rule" : {
            "max" : 5.83000461833605E-001,
            "min" : -8.10941947913350E-001
        }
    },
    "total_forces" : {
        "Cx" : -1.12678755215256E-011,
        "Cy" : -1.02695629777827E-015,
        "Cz" : 2.15105711021124E-016
    },
    "total_moments" : {
        "CMx" : 1.84748050191530E-016,
        "CMy" : -4.96130914129367E-016,
        "CMz" : -1.20042864537595E-015
    },
    "CF_sensitivities" : {
        "d_CFx" : [
                4.87721214062773E-001,
                -6.17623324279251E-002,
                -1.44657318437873E-001,
                -2.12515478655390E-001,
                -1.44657318437870E-001,
                -6.17623324279259E-002,
                -1.44657318437873E-001,
                -2.12515478655390E-001,
                -1.44657318437870E-001,
                1.57038860869615E-001,
                1.62692980053908E-001,
                1.57038860872019E-001,
                1.62692980053911E-001,
                1.57038860869616E-001,
                1.62692980053912E-001,
                1.57038860872017E-001,
                1.62692980053910E-001,
                -2.12515478653986E-001,
                -1.44657318438424E-001,
                -6.17623324304319E-002,
                -1.44657318438428E-001,
                -2.12515478653992E-001,
                -1.44657318438430E-001,
                -6.17623324304362E-002,
                -1.44657318438430E-001,
                4.87721214078924E-001,
                2.66945895666967E-014,
                -5.54230959841596E-002,
                2.07775846467170E-001,
                1.19456957782681E-014,
                -2.07775846467157E-001,
                5.54230959841564E-002,
                -2.07775846467159E-001,
                1.24058177642091E-014,
                2.07775846467168E-001,
                3.36563822219726E-001,
                -1.09825822419023E-001,
                -1.01176472173685E-014,
                1.09825822418990E-001,
                -3.36563822219755E-001,
                1.09825822418995E-001,
                -1.57429002930970E-014,
                -1.09825822419015E-001,
                -4.05768315126735E-001,
                -5.65427234695883E-002,
                -9.23153530368002E-015,
                5.65427234695959E-002,
                4.05768315126745E-001,
                5.65427234695959E-002,
                -1.83135435066597E-015,
                -5.65427234695994E-002,
                2.08078070953009E-014,
                2.68616457175747E-014,
                -1.21845895941714E-015,
                -5.65427234659198E-002,
                -4.05768315123301E-001,
                -5.65427234659153E-002,
                -7.92655889156533E-017,
                5.65427234659299E-002,
                4.05768315123322E-001,
                5.65427234659264E-002,
                -1.32640272436311E-014,
                -1.09825822419992E-001,
                3.36563822218726E-001,
                -1.09825822419996E-001,
                -1.41805209158297E-014,
                1.09825822419966E-001,
                -3.36563822218753E-001,
                1.09825822419971E-001,
                7.10276159672734E-015,
                2.07775846470134E-001,
                -5.54230959787284E-002,
                2.07775846470134E-001,
                5.53421061774033E-015,
                -2.07775846470137E-001,
                5.54230959787204E-002,
                -2.07775846470134E-001,
                2.10475261831810E-014
            ],
        "d_CFy" : [
                -1.58697780912011E-015,
                -2.36247372522283E-001,
                -3.14862253252884E-002,
                -1.66521767531070E-015,
                3.14862253252830E-002,
                2.36247372522273E-001,
                3.14862253252811E-002,
                -2.58375375584042E-015,
                -3.14862253252898E-002,
                1.45986269506934E-001,
                -3.01518171659479E-002,
                -9.40489344891997E-015,
                3.01518171659329E-002,
                -1.45986269506946E-001,
                3.01518171659330E-002,
                -4.40888983810676E-015,
                -3.01518171659465E-002,
                -5.21383430562423E-002,
                1.25606131385538E-001,
                -1.27020728971742E-014,
                -1.25606131385537E-001,
                5.21383430562370E-002,
                -1.25606131385538E-001,
                2.39696023772792E-015,
                1.25606131385530E-001,
                -1.41307848798640E-015,
                -6.10491418129739E-002,
                3.50867667609694E-001,
                4.62908141491395E-002,
                6.96743271117519E-002,
                4.62908141491624E-002,
                3.50867667609742E-001,
                4.62908141491649E-002,
                6.96743271117512E-002,
                4.62908141491359E-002,
                -3.21167485315551E-001,
                -2.56730451294665E-001,
                -1.22987561846261E-001,
                -2.56730451294644E-001,
                -3.21167485315573E-001,
                -2.56730451294646E-001,
                -1.22987561846261E-001,
                -2.56730451294660E-001,
                -7.85841384963473E-002,
                2.37002523770304E-001,
                1.24404981278138E-001,
                2.37002523770278E-001,
                -7.85841384963822E-002,
                2.37002523770278E-001,
                1.24404981278141E-001,
                2.37002523770306E-001,
                -8.96179853690278E-002,
                3.20923843055695E-016,
                -1.82007187099487E-014,
                -1.68654595754894E-002,
                1.00091190162983E-015,
                1.68654595754881E-002,
                1.97046155434033E-014,
                -1.68654595754669E-002,
                -2.25685169823706E-015,
                1.68654595754613E-002,
                1.27259314197658E-014,
                1.24187587821075E-001,
                -4.35645557805271E-015,
                -1.24187587821072E-001,
                -7.67528401945940E-015,
                1.24187587821089E-001,
                -4.82023160986462E-015,
                -1.24187587821086E-001,
                1.27259314197658E-014,
                -5.87911188273965E-002,
                2.72705209694250E-015,
                5.87911188273907E-002,
                -1.75067208993407E-014,
                -5.87911188274136E-002,
                9.26313972857465E-015,
                5.87911188274179E-002,
                -4.33680868994204E-015
            ],