{
    "info" : {
        "generated_by" : "MachLine (c) 2023 USU Aerolab",
        "executed" : "Fri Jul 12 13:54:33 2024"
    },
    "mesh_info" : {
        "N_body_panels" : 48,
        "N_body_vertices" : 26,
        "N_wake_panels" : 0,
        "N_wake_filaments" : 0,
        "average_characteristic_length" : 4.76931360312427E-001,
        "max_flow_turning_angle" : 9.00000000000000E+001
    },
    "solver_results" : {
        "solver_status_code" : 0,
        "system_dimension" : 26,
        "timing" : {
            "system_sorting" : 1.90000000000000E-006,
            "preconditioner" : 7.50000000000000E-006,
            "matrix_solver" : 1.60000000000000E-005
        },
        "iterations" : 6,
        "residual" : {
            "max" : 3.41948691584548E-014,
            "norm" : 4.95657498319398E-014
        }
    },
    "pressure_calculations" : {
        "incompressible_rule" : {
            "max" : 6.44562192172985E-001,
            "min" : -6.48259972101703E-001
        }
    },
    "total_forces" : {
        "Cx" : 5.94417775616474E-006,
        "Cy" : 4.37150315946155E-016,
        "Cz" : -3.29597460435593E-016
    },
    "total_moments" : {
        "CMx" : -1.02745294910944E-011,
        "CMy" : 3.50414142147315E-016,
        "CMz" : 2.42861286636753E-016
    },
    "CF_sensitivities" : {
        "d_CFx" : [
                8.42881658542654E-001,
                -4.27877220485277E-002,
                -1.07861958283563E-001,
                -1.52916383100837E-001,
                -8.68973352394392E-002,
                -4.27863799661474E-002,
                -1.07861545080215E-001,
                -1.52915752971462E-001,
                -8.68985393403350E-002,
                1.66436029730326E-002,
                -1.88620561765096E-003,
                -1.57814470807327E-002,
                1.28063078630247E-003,
                1.66428879644542E-002,
                -1.88528158970813E-003,
                -1.57817040455390E-002,
                1.28068686460381E-003,
                -3.41553666728195E-001,
                -2.54016079676825E-001,
                -1.91048943821837E-001,
                -2.78153154403692E-001,
                -3.41572363133862E-001,
                -2.54023956431649E-001,
                -1.91061019725861E-001,
                -2.78149658740725E-001,
                2.06700487647046E+000,
                -6.39280145707942E-007,
                2.79185886740149E-001,
                3.27550757224921E-001,
                -6.34933648704375E-004,
                -3.13510575361081E-001,
                -2.79186193530451E-001,
                -3.27552663158265E-001,
                6.32138759253696E-004,
                3.13508651216116E-001,
                -1.31315014476146E-001,
                -2.96717633878638E-001,
                -1.44495531276835E-002,
                3.17861925110606E-001,
                1.31313015670647E-001,
                2.96716429819993E-001,
                1.44502928595946E-002,
                -3.17864406942549E-001,
                -1.70058301561154E-001,
                4.98543934126059E-002,
                -2.27785286759292E-002,
                -6.53064600607802E-002,
                1.70037958478610E-001,
                -4.98593136000852E-002,
                2.27624642635275E-002,
                6.52836441916176E-002,
                -5.35793660069168E-006,
                -6.06662288895230E-007,
                1.97055269285518E-002,
                -2.42988061822108E-001,
                -5.29610761067327E-001,
                -2.56021752042957E-001,
                -1.97064509838091E-002,
                2.42984206423843E-001,
                5.29608106876430E-001,
                2.56020051428652E-001,
                1.66954881064759E-002,
                1.74225700140790E-001,
                5.63938808840065E-001,
                1.92359476232554E-001,
                -1.66973950380664E-002,
                -1.74226467745604E-001,
                -5.63939706696100E-001,
                -1.92362426112010E-001,
                6.42328810547687E-004,
                3.46242094220354E-002,
                -1.90539702279438E-001,
                5.07044921570189E-002,
                -6.58225265213160E-004,
                -3.46405879484449E-002,
                1.90531077133996E-001,
                -5.07210125389328E-002,
                -1.72489910858099E-007
            ],
        "d_CFy" : [
                2.19913134964417E-017,
                -2.59506608997659E-001,
                -1.12166013952426E-001,
                -2.84381619161799E-005,
                1.12285974839174E-001,
                2.59506568213878E-001,
                1.12165996178074E-001,
                2.85671452516604E-005,
                -1.12286037686734E-001,
                -1.32108936865214E-001,
                -1.75637115381266E-001,
                -1.47968672455709E-004,
                1.74775226335843E-001,
                1.32112518590397E-001,
                1.75634886942566E-001,
                1.47966160742996E-004,
                -1.74774467915616E-001,
                5.26522041018898E-001,
                4.20543035070385E-001,
                1.38746322484377E-003,
                -4.07800019826101E-001,
                -5.26519496001030E-001,
                -4.20537336808988E-001,
                -1.38064898302331E-003,
                4.07796315325324E-001,
                -2.49306238310618E-006,
                2.00415813850597E-001,
                2.83899362527888E-001,
                5.02483903469669E-002,
                1.09962074837348E-001,
                5.03946341396795E-002,
                2.83899424204330E-001,
                5.02483759147830E-002,
                1.09962011658259E-001,
                5.03945441549062E-002,
                -6.27769733952482E-001,
                -3.37889871983451E-001,
                -1.34703602855626E-001,
                -3.37074233996529E-001,
                -6.27764197826319E-001,
                -3.37887519071387E-001,
                -1.34703625926186E-001,
                -3.37074516087665E-001,
                6.26816048899112E-001,
                2.77350547260775E-001,
                -2.30414630034704E-001,
                2.88223969932858E-001,
                6.26816995793984E-001,
                2.77356741657609E-001,
                -2.30409868105403E-001,
                2.88224232108894E-001,
                -2.38538684230569E-001,
                -5.29505085326474E-005,
                -1.69242068087897E-004,
                1.58445083407797E-002,
                5.78463049491293E-006,
                -1.59412062180147E-002,
                -1.69198944077631E-004,
                1.58444996089186E-002,
                5.69900428319092E-006,
                -1.59412985641220E-002,
                7.58196815269062E-003,
                2.15976495407349E-001,
                1.39912063888855E-004,
                -2.14526300636342E-001,
                7.58661384200554E-003,
                2.15979105666253E-001,
                1.39887325271618E-004,
                -2.14525720454891E-001,
                -1.46237466015983E-003,
                -4.89876694147467E-001,
                2.42654325383759E-003,
                4.81939616443698E-001,
                -1.46247195640143E-003,
                -4.89873998305384E-001,
                2.42868738606641E-003,
                4.81942083066365E-001,
                -3.84689105780405E-003
            ],