{
    "info" : {
        "generated_by" : "MachLine (c) 2023 USU Aerolab",
        "executed" : "Fri Jul 12 13:56:34 2024"
    },
    "mesh_info" : {
        "N_body_panels" : 48,
        "N_body_vertices" : 26,
        "N_wake_panels" : 0,
        "N_wake_filaments" : 0,
        "average_characteristic_length" : 4.76931360312427E-001,
        "max_flow_turning_angle" : 9.00000000000000E+001
    },
    "solver_results" : {
        "solver_status_code" : 0,
        "system_dimension" : 26,
        "timing" : {
            "system_sorting" : 2.00000000000000E-006,
            "preconditioner" : 5.80000000000000E-006,
            "matrix_solver" : 1.44000000000000E-005
        },
        "iterations" : 7,
        "residual" : {
            "max" : 1.29896093881143E-014,
            "norm" : 2.86526279901469E-014
        }
    },
    "pressure_calculations" : {
        "incompressible_rule" : {
            "max" : 5.65057744889103E-001,
            "min" : -8.51027138429147E-001
        }
    },
    "total_forces" : {
        "Cx" : -1.43553502418570E-011,
        "Cy" : -1.29757316003065E-015,
        "Cz" : 1.96023752785379E-015
    },
    "total_moments" : {
        "CMx" : 3.98986399474666E-017,
        "CMy" : -3.53189699708878E-015,
        "CMz" : 1.45716771982052E-016
    },
    "CF_sensitivities" : {
        "d_CFx" : [
                5.49197810457997E-001,
                -1.16618993343051E-001,
                -2.01682945644670E-001,
                -2.22192076174472E-001,
                -2.01682945644700E-001,
                -1.16618993343135E-001,
                -2.01682945644700E-001,
                -2.22192076174464E-001,
                -2.01682945644663E-001,
                2.27801566428518E-001,
                2.39776489143186E-001,
                2.27801566430991E-001,
                2.39776489143157E-001,
                2.27801566428466E-001,
                2.39776489143153E-001,
                2.27801566430961E-001,
                2.39776489143170E-001,
                -2.22192076172303E-001,
                -2.01682945644917E-001,
                -1.16618993345530E-001,
                -2.01682945644874E-001,
                -2.22192076172249E-001,
                -2.01682945644892E-001,
                -1.16618993345555E-001,
                -2.01682945644923E-001,
                5.49197810479501E-001,
                -1.14164746285168E-013,
                -2.01568082841528E-001,
                1.53151793608789E-001,
                4.75384368821841E-014,
                -1.53151793608803E-001,
                2.01568082841498E-001,
                -1.53151793608799E-001,
                4.94004511746416E-014,
                1.53151793608778E-001,
                3.62853772345807E-001,
                -1.37873468292940E-001,
                1.59541242208279E-014,
                1.37873468293059E-001,
                -3.62853772345698E-001,
                1.37873468293041E-001,
                1.59539204652249E-014,
                -1.37873468292915E-001,
                -3.00998573657000E-001,
                3.96487061541348E-002,
                -1.19246942354223E-014,
                -3.96487061541840E-002,
                3.00998573657039E-001,
                -3.96487061541799E-002,
                -1.22337417157580E-014,
                3.96487061541385E-002,
                -1.38242066423773E-013,
                3.00395639823471E-014,
                4.43394625672204E-015,
                3.96487061572948E-002,
                -3.00998573654117E-001,
                3.96487061573016E-002,
                1.57910687038188E-015,
                -3.96487061572892E-002,
                3.00998573654169E-001,
                -3.96487061572811E-002,
                -2.31870116879269E-014,
                -1.37873468291596E-001,
                3.62853772349773E-001,
                -1.37873468291543E-001,
                -2.32375566928161E-014,
                1.37873468291532E-001,
                -3.62853772349824E-001,
                1.37873468291589E-001,
                2.77387517294058E-014,
                1.53151793611796E-001,
                -2.01568082839303E-001,
                1.53151793611769E-001,
                2.53140104588199E-014,
                -1.53151793611767E-001,
                2.01568082839311E-001,
                -1.53151793611787E-001,
                1.89251141180376E-014
            ],
        "d_CFy" : [
                3.88558602684082E-014,
                -2.56835850810543E-001,
                4.95533454828911E-003,
                4.62166896806005E-014,
                -4.95533454833841E-003,
                2.56835850810454E-001,
                -4.95533454833263E-003,
                4.59634200531079E-014,
                4.95533454827557E-003,
                1.73167459575060E-001,
                -2.49596003777610E-002,
                1.15078624922139E-015,
                2.49596003777463E-002,
                -1.73167459575090E-001,
                2.49596003777458E-002,
                2.37203157630907E-015,
                -2.49596003777630E-002,
                -1.55606998267264E-001,
                1.47021957473696E-001,
                1.84627060226477E-014,
                -1.47021957473668E-001,
                1.55606998267203E-001,
                -1.47021957473629E-001,
                2.41109656604282E-014,
                1.47021957473679E-001,
                6.47846655692569E-014,
                -2.38395574807407E-001,
                3.03646071839611E-001,
                7.10067040250987E-002,
                3.33581891188459E-002,
                7.10067040249415E-002,
                3.03646071839550E-001,
                7.10067040249451E-002,
                3.33581891188476E-002,
                7.10067040251111E-002,
                -1.83769054149072E-001,
                -2.25251068181961E-001,
                -1.01108069680630E-001,
                -2.25251068181903E-001,
                -1.83769054149219E-001,
                -2.25251068181896E-001,
                -1.01108069680625E-001,
                -2.25251068181958E-001,
                -2.84891718190484E-002,
                2.45418765902596E-001,
                8.22398667944914E-002,
                2.45418765902600E-001,
                -2.84891718187160E-002,
                2.45418765902571E-001,
                8.22398667944929E-002,
                2.45418765902578E-001,
                -3.38057696383851E-001,
                -2.08080080943436E-015,
                -4.46517822716432E-014,
                -4.36944848488105E-002,
                4.39071317356762E-014,
                4.36944848487889E-002,
                4.88356100350472E-014,
                -4.36944848487914E-002,
                -4.53816466902569E-014,
                4.36944848488174E-002,
                4.47814528514721E-014,
                1.02454520335374E-001,
                -1.42215907557175E-014,
                -1.02454520335399E-001,
                -4.23379322052333E-014,
                1.02454520335450E-001,
                1.24816631093124E-014,
                -1.02454520335433E-001,
                -1.97671740087589E-015,
                -1.27270597379769E-001,
                -1.15015318090490E-014,
                1.27270597379786E-001,
                9.83723736150379E-015,
                -1.27270597379824E-001,
                5.38663155623022E-015,
                1.27270597379812E-001,
                -7.72819308547688E-015
            ],