{
    "info" : {
        "generated_by" : "MachLine (c) 2023 USU Aerolab",
        "executed" : "Fri Jul 12 13:55:21 2024"
    },
    "mesh_info" : {
        "N_body_panels" : 48,
        "N_body_vertices" : 26,
        "N_wake_panels" : 0,
        "N_wake_filaments" : 0,
        "average_characteristic_length" : 4.76931360312427E-001,
        "max_flow_turning_angle" : 9.00000000000000E+001
    },
    "solver_results" : {
        "solver_status_code" : 0,
        "system_dimension" : 26,
        "timing" : {
            "system_sorting" : 1.17000000000000E-005,
            "preconditioner" : 5.40000000000000E-006,
            "matrix_solver" : 1.40000000000000E-005
        },
        "iterations" : 6,
        "residual" : {
            "max" : 8.88178419700125E-016,
            "norm" : 1.57869377235422E-015
        }
    },
    "pressure_calculations" : {
        "incompressible_rule" : {
            "max" : 6.44560698612387E-001,
            "min" : -6.48262429125189E-001
        }
    },
    "total_forces" : {
        "Cx" : 9.33452384832556E-010,
        "Cy" : 1.51267887105178E-015,
        "Cz" : 1.59594559789866E-016
    },
    "total_moments" : {
        "CMx" : -2.56739074444567E-016,
        "CMy" : -4.09394740330526E-016,
        "CMz" : 1.58206781009085E-015
    },
    "CF_sensitivities" : {
        "d_CFx" : [
                8.03890635625767E-001,
                -4.19494196483220E-002,
                -9.71268940973241E-002,
                -1.36030019757327E-001,
                -7.99482747394720E-002,
                -4.19494200044846E-002,
                -9.71268942126082E-002,
                -1.36030020024592E-001,
                -7.99482743767046E-002,
                2.51301562789650E-002,
                -1.28088969642848E-003,
                -2.30741075561787E-002,
                2.14517718431706E-003,
                2.51301559834927E-002,
                -1.28088968090445E-003,
                -2.30741074588676E-002,
                2.14517719213014E-003,
                -3.19067417136066E-001,
                -2.29153625138188E-001,
                -1.61528519425117E-001,
                -2.51529788318285E-001,
                -3.19067419275633E-001,
                -2.29153626042585E-001,
                -1.61528518193555E-001,
                -2.51529787288832E-001,
                1.82293660306284E+000,
                -3.39802789364147E-011,
                2.86903244170619E-001,
                3.11392685376399E-001,
                -2.43691543328085E-003,
                -3.01918764741527E-001,
                -2.86903244336565E-001,
                -3.11392685584330E-001,
                2.43691524484785E-003,
                3.01918764519091E-001,
                -1.18970760726398E-001,
                -2.70779802369007E-001,
                -1.48867495710715E-002,
                3.09289520471251E-001,
                1.18970760553084E-001,
                2.70779802370520E-001,
                1.48867495746916E-002,
                -3.09289520774904E-001,
                -1.76128277145595E-001,
                5.12545358650806E-002,
                -2.48195811294754E-002,
                -7.01201549094623E-002,
                1.76128275629020E-001,
                -5.12545370167863E-002,
                2.48195794321296E-002,
                7.01201528581429E-002,
                -5.42851373861611E-010,
                -5.95907416034280E-011,
                2.15530459988929E-002,
                -2.38109595607998E-001,
                -4.98627403218048E-001,
                -2.55808371610254E-001,
                -2.15530462201615E-002,
                2.38109595269533E-001,
                4.98627402969504E-001,
                2.55808371412336E-001,
                1.72242781975910E-002,
                1.53264363302169E-001,
                5.34950311535042E-001,
                1.88634749530737E-001,
                -1.72242783697693E-002,
                -1.53264363350897E-001,
                -5.34950311573787E-001,
                -1.88634749810688E-001,
                2.51175489572452E-003,
                3.76226120162639E-002,
                -1.99993816679118E-001,
                5.05422163368199E-002,
                -2.51175656126156E-003,
                -3.76226140236492E-002,
                1.99993815659633E-001,
                -5.05422187878100E-002,
                -1.95412662539359E-012
            ],
        "d_CFy" : [
                -6.57512116489218E-017,
                -2.60115647208061E-001,
                -1.12172261596457E-001,
                -7.17714849803242E-005,
                1.12359521047737E-001,
                2.60115647210297E-001,
                1.12172261586821E-001,
                7.17714923716472E-005,
                -1.12359521052987E-001,
                -1.40554398474451E-001,
                -1.68050225306092E-001,
                -1.49959010605019E-004,
                1.66131020793032E-001,
                1.40554398879624E-001,
                1.68050225122440E-001,
                1.49959010944919E-004,
                -1.66131020649671E-001,
                5.31036740767036E-001,
                4.07034595032875E-001,
                1.02905494005890E-003,
                -3.85883363434233E-001,
                -5.31036741108456E-001,
                -4.07034594051574E-001,
                -1.02905406208774E-003,
                3.85883362646821E-001,
                -7.38072123737165E-011,
                2.00531978040017E-001,
                2.85111145251780E-001,
                4.98840238261077E-002,
                1.09611446534114E-001,
                5.01253776677965E-002,
                2.85111145256374E-001,
                4.98840238230623E-002,
                1.09611446527005E-001,
                5.01253776563774E-002,
                -6.50183822435011E-001,
                -3.20037848456922E-001,
                -1.34587571166077E-001,
                -3.18024140545557E-001,
                -6.50183821837556E-001,
                -3.20037848225087E-001,
                -1.34587571169301E-001,
                -3.18024140597975E-001,
                6.54198656866300E-001,
                2.55938456295348E-001,
                -2.22306987319991E-001,
                2.63419096754259E-001,
                6.54198656867518E-001,
                2.55938456854584E-001,
                -2.22306986822540E-001,
                2.63419097214916E-001,
                -2.46841233014442E-001,
                -1.55574624043049E-004,
                -1.54621469604351E-004,
                1.56652118772603E-002,
                -1.66885832300334E-005,
                -1.56683359778482E-002,
                -1.54621463434650E-004,
                1.56652118759736E-002,
                -1.66885917585217E-005,
                -1.56683359891545E-002,
                8.43400771039371E-003,
                2.07416522516680E-001,
                1.52949484518748E-004,
                -2.03633437101774E-001,
                8.43400821105004E-003,
                2.07416522776678E-001,
                1.52949481813976E-004,
                -2.03633437166250E-001,
                -1.43509033136623E-003,
                -4.72735946055968E-001,
                6.57034439867627E-003,
                4.60504905143509E-001,
                -1.43509025478926E-003,
                -4.72735945706313E-001,
                6.57034499698019E-003,
                4.60504905423601E-001,
                -1.00254541673986E-002
            ],