{
    "info" : {
        "generated_by" : "MachLine (c) 2023 USU Aerolab",
        "executed" : "Fri Jul 12 13:56:07 2024"
    },
    "mesh_info" : {
        "N_body_panels" : 48,
        "N_body_vertices" : 26,
        "N_wake_panels" : 0,
        "N_wake_filaments" : 0,
        "average_characteristic_length" : 4.76931360312427E-001,
        "max_flow_turning_angle" : 9.00000000000000E+001
    },
    "solver_results" : {
        "solver_status_code" : 0,
        "system_dimension" : 26,
        "timing" : {
            "system_sorting" : 1.16000000000000E-005,
            "preconditioner" : 6.40000000000000E-006,
            "matrix_solver" : 1.37000000000000E-005
        },
        "iterations" : 6,
        "residual" : {
            "max" : 1.77635683940025E-015,
            "norm" : 3.86336938960363E-015
        }
    },
    "pressure_calculations" : {
        "incompressible_rule" : {
            "max" : 6.41565231361168E-001,
            "min" : -6.57780093670989E-001
        }
    },
    "total_forces" : {
        "Cx" : -7.52503614975808E-012,
        "Cy" : -6.52256026967279E-016,
        "Cz" : 1.52655665885959E-016
    },
    "total_moments" : {
        "CMx" : 1.21430643318376E-016,
        "CMy" : 3.08780778723872E-016,
        "CMz" : -2.98372437868011E-016
    },
    "CF_sensitivities" : {
        "d_CFx" : [
                5.63027583794171E-001,
                -2.29356703864474E-002,
                -9.54783630973383E-002,
                -1.68832241355323E-001,
                -9.54783630973409E-002,
                -2.29356703864533E-002,
                -9.54783630973423E-002,
                -1.68832241355362E-001,
                -9.54783630973376E-002,
                5.10416224806440E-002,
                5.01692235580136E-002,
                5.10416224834174E-002,
                5.01692235579729E-002,
                5.10416224805998E-002,
                5.01692235580462E-002,
                5.10416224834553E-002,
                5.01692235580058E-002,
                -1.68832241355716E-001,
                -9.54783630981799E-002,
                -2.29356703884871E-002,
                -9.54783630984817E-002,
                -1.68832241355809E-001,
                -9.54783630984043E-002,
                -2.29356703888018E-002,
                -9.54783630984045E-002,
                5.63027583799933E-001,
                -4.61401671113825E-015,
                1.37879766789634E-001,
                2.65083553738924E-001,
                -9.22554998531828E-015,
                -2.65083553738968E-001,
                -1.37879766789676E-001,
                -2.65083553738971E-001,
                -2.09976279444827E-014,
                2.65083553738911E-001,
                2.36846212972830E-001,
                -6.79148140475641E-002,
                7.04658808725760E-015,
                6.79148140475254E-002,
                -2.36846212972899E-001,
                6.79148140475540E-002,
                4.61270331927234E-015,
                -6.79148140475859E-002,
                -4.76758890366457E-001,
                -1.67901369257699E-001,
                -2.84331236718482E-013,
                1.67901369257342E-001,
                4.76758890366175E-001,
                1.67901369257394E-001,
                -8.64316203585264E-014,
                -1.67901369257874E-001,
                -8.84534930663902E-014,
                -1.06115360156233E-015,
                -1.20109848617311E-014,
                -1.67901369254272E-001,
                -4.76758890362010E-001,
                -1.67901369254217E-001,
                -1.18881383077233E-014,
                1.67901369254215E-001,
                4.76758890361977E-001,
                1.67901369254196E-001,
                -9.18354002427656E-015,
                -6.79148140509024E-002,
                2.36846212967719E-001,
                -6.79148140509205E-002,
                -4.60785687993726E-014,
                6.79148140508620E-002,
                -2.36846212967750E-001,
                6.79148140508387E-002,
                -1.48712807258507E-013,
                2.65083553741810E-001,
                1.37879766795004E-001,
                2.65083553741645E-001,
                -1.71592790656760E-013,
                -2.65083553742283E-001,
                -1.37879766795259E-001,
                -2.65083553741950E-001,
                -4.48822031592362E-014
            ],
        "d_CFy" : [
                -6.29902514586558E-017,
                -2.61957500237099E-001,
                -1.12168711854642E-001,
                1.14386973676799E-015,
                1.12168711854642E-001,
                2.61957500237099E-001,
                1.12168711854642E-001,
                3.67147300399377E-016,
                -1.12168711854642E-001,
                1.05338558858261E-001,
                -3.11764359758090E-002,
                -1.30998189599439E-015,
                3.11764359757907E-002,
                -1.05338558858214E-001,
                3.11764359757675E-002,
                2.42661247125965E-015,
                -3.11764359757672E-002,
                1.16144714160392E-001,
                1.54511080802450E-001,
                -8.76180916878818E-014,
                -1.54511080802463E-001,
                -1.16144714160350E-001,
                -1.54511080802319E-001,
                1.94520803891938E-013,
                1.54511080802383E-001,
                -3.28060722414590E-014,
                1.87344215005504E-001,
                2.95806080383943E-001,
                5.06208831124544E-002,
                1.04137986030215E-001,
                5.06208831124653E-002,
                2.95806080383965E-001,
                5.06208831124683E-002,
                1.04137986030214E-001,
                5.06208831124482E-002,
                -4.60363237573882E-001,
                -2.97291903574921E-001,
                -1.35630460105720E-001,
                -2.97291903574878E-001,
                -4.60363237573791E-001,
                -2.97291903574879E-001,
                -1.35630460105722E-001,
                -2.97291903574894E-001,
                -6.38129092304148E-002,
                1.99426623676790E-001,
                1.66889801786509E-001,
                1.99426623676886E-001,
                -6.38129092304229E-002,
                1.99426623676902E-001,
                1.66889801786606E-001,
                1.99426623676879E-001,
                1.87578849554984E-001,
                1.39179032881964E-015,
                -1.06243139286200E-014,
                9.39342525813186E-003,
                1.46522121257340E-015,
                -9.39342525813611E-003,
                1.13198838323780E-014,
                9.39342525814688E-003,
                4.55985037070911E-016,
                -9.39342525815201E-003,
                -3.85073917197332E-014,
                1.62135135490809E-001,
                -2.73399428402652E-015,
                -1.62135135490843E-001,
                5.61857418229783E-014,
                1.62135135490883E-001,
                -3.24212809071358E-015,
                -1.62135135490879E-001,
                1.25364128800154E-014,
                1.07719211057596E-002,
                -5.31469492919330E-014,
                -1.07719211058118E-002,
                3.10549349636421E-014,
                1.07719211058591E-002,
                1.32756312392131E-014,
                -1.07719211057582E-002,
                -1.16358311874620E-013
            ],