{
    "info" : {
        "generated_by" : "MachLine (c) 2023 USU Aerolab",
        "executed" : "Fri Jul 12 13:56:04 2024"
    },
    "mesh_info" : {
        "N_body_panels" : 48,
        "N_body_vertices" : 26,
        "N_wake_panels" : 0,
        "N_wake_filaments" : 0,
        "average_characteristic_length" : 4.76931360312427E-001,
        "max_flow_turning_angle" : 9.00000000000000E+001
    },
    "solver_results" : {
        "solver_status_code" : 0,
        "system_dimension" : 26,
        "timing" : {
            "system_sorting" : 3.00000000000000E-006,
            "preconditioner" : 6.10000000000000E-006,
            "matrix_solver" : 1.37000000000000E-005
        },
        "iterations" : 6,
        "residual" : {
            "max" : 8.88178419700125E-016,
            "norm" : 1.81901433281943E-015
        }
    },
    "pressure_calculations" : {
        "incompressible_rule" : {
            "max" : 6.42615076258987E-001,
            "min" : -6.54453094730191E-001
        }
    },
    "total_forces" : {
        "Cx" : -7.45750683428525E-012,
        "Cy" : -3.46944695195361E-016,
        "Cz" : 1.57165946923499E-015
    },
    "total_moments" : {
        "CMx" : 1.30104260698261E-016,
        "CMy" : -1.32185928869433E-015,
        "CMz" : -6.80011602582908E-016
    },
    "CF_sensitivities" : {
        "d_CFx" : [
                5.66535256171461E-001,
                -2.29109063963404E-002,
                -9.50808496254493E-002,
                -1.68106563543340E-001,
                -9.50808496254961E-002,
                -2.29109063963456E-002,
                -9.50808496254375E-002,
                -1.68106563543386E-001,
                -9.50808496254512E-002,
                4.94136196767447E-002,
                4.84979214274908E-002,
                4.94136196795445E-002,
                4.84979214273646E-002,
                4.94136196767159E-002,
                4.84979214275543E-002,
                4.94136196796440E-002,
                4.84979214274068E-002,
                -1.68106563543812E-001,
                -9.50808496262143E-002,
                -2.29109063991415E-002,
                -9.50808496261917E-002,
                -1.68106563543928E-001,
                -9.50808496266732E-002,
                -2.29109063990882E-002,
                -9.50808496261418E-002,
                5.66535256177212E-001,
                -1.62896703933807E-014,
                1.40367527977579E-001,
                2.65524330972958E-001,
                2.27533168836416E-014,
                -2.65524330973065E-001,
                -1.40367527977648E-001,
                -2.65524330973045E-001,
                -1.03638130547180E-013,
                2.65524330972990E-001,
                2.34954594322054E-001,
                -6.72828580383797E-002,
                -2.80121355312920E-014,
                6.72828580383026E-002,
                -2.34954594322145E-001,
                6.72828580383593E-002,
                3.27228654625441E-014,
                -6.72828580384038E-002,
                -4.76815422869407E-001,
                -1.69167073669369E-001,
                -5.44790348900652E-013,
                1.69167073668714E-001,
                4.76815422868819E-001,
                1.69167073668916E-001,
                -1.12441048264074E-013,
                -1.69167073669523E-001,
                -1.07025078228649E-013,
                -2.65585000849635E-014,
                -3.38618126463569E-015,
                -1.69167073665854E-001,
                -4.76815422864681E-001,
                -1.69167073665787E-001,
                -3.36424010023911E-014,
                1.69167073665728E-001,
                4.76815422864590E-001,
                1.69167073665714E-001,
                1.37949378485735E-014,
                -6.72828580418208E-002,
                2.34954594316717E-001,
                -6.72828580418542E-002,
                -9.93376264098979E-014,
                6.72828580417775E-002,
                -2.34954594316746E-001,
                6.72828580417706E-002,
                -2.24948308482541E-013,
                2.65524330975754E-001,
                1.40367527982834E-001,
                2.65524330975481E-001,
                -3.16520187905961E-013,
                -2.65524330976485E-001,
                -1.40367527983501E-001,
                -2.65524330976247E-001,
                -3.70181299434333E-014
            ],
        "d_CFy" : [
                -2.46083671490306E-017,
                -2.62641370759757E-001,
                -1.13581438842099E-001,
                2.23645164296327E-016,
                1.13581438842099E-001,
                2.62641370759759E-001,
                1.13581438842098E-001,
                1.56892321991634E-015,
                -1.13581438842100E-001,
                1.04604651821991E-001,
                -3.10584022038656E-002,
                4.65362608867619E-015,
                3.10584022038423E-002,
                -1.04604651821853E-001,
                3.10584022038083E-002,
                -4.65836953036732E-015,
                -3.10584022037909E-002,
                1.18764396452014E-001,
                1.55266596431585E-001,
                -2.44595425499406E-013,
                -1.55266596431820E-001,
                -1.18764396452078E-001,
                -1.55266596431394E-001,
                3.99753731864371E-013,
                1.55266596431793E-001,
                -3.87018156320636E-014,
                1.89848480255570E-001,
                2.94727055924329E-001,
                5.11393760098158E-002,
                1.04364312150584E-001,
                5.11393760098380E-002,
                2.94727055924351E-001,
                5.11393760098297E-002,
                1.04364312150583E-001,
                5.11393760098197E-002,
                -4.62143992569767E-001,
                -2.97955676105466E-001,
                -1.35646024567001E-001,
                -2.97955676105397E-001,
                -4.62143992569600E-001,
                -2.97955676105389E-001,
                -1.35646024567003E-001,
                -2.97955676105422E-001,
                -6.23839266064929E-002,
                1.98889479538107E-001,
                1.66943041107691E-001,
                1.98889479538233E-001,
                -6.23839266064413E-002,
                1.98889479538335E-001,
                1.66943041107886E-001,
                1.98889479538221E-001,
                1.90137871094602E-001,
                3.47530164368504E-015,
                -1.02760681908176E-014,
                9.31115631219714E-003,
                2.79984523159475E-015,
                -9.31115631218615E-003,
                1.15343390220957E-014,
                9.31115631221274E-003,
                5.22150224900843E-016,
                -9.31115631220455E-003,
                -3.43579331651966E-014,
                1.62852043492275E-001,
                6.12341487620737E-015,
                -1.62852043492348E-001,
                1.07362361188856E-013,
                1.62852043492390E-001,
                4.24502733970601E-015,
                -1.62852043492374E-001,
                1.91778017077926E-014,
                1.10557223534339E-002,
                -1.31722687725217E-013,
                -1.10557223535771E-002,
                2.86746639616402E-014,
                1.10557223535833E-002,
                6.19703241179271E-014,
                -1.10557223534524E-002,
                -2.10980538595251E-013
            ],