{
    "info" : {
        "generated_by" : "MachLine (c) 2023 USU Aerolab",
        "executed" : "Fri Jul 12 13:54:55 2024"
    },
    "mesh_info" : {
        "N_body_panels" : 48,
        "N_body_vertices" : 26,
        "N_wake_panels" : 0,
        "N_wake_filaments" : 0,
        "average_characteristic_length" : 4.76931360312427E-001,
        "max_flow_turning_angle" : 9.00000000000000E+001
    },
    "solver_results" : {
        "solver_status_code" : 0,
        "system_dimension" : 26,
        "timing" : {
            "system_sorting" : 2.80000000000000E-006,
            "preconditioner" : 5.70000000000000E-006,
            "matrix_solver" : 1.32000000000000E-005
        },
        "iterations" : 6,
        "residual" : {
            "max" : 1.33226762955019E-015,
            "norm" : 2.79045890033807E-015
        }
    },
    "pressure_calculations" : {
        "incompressible_rule" : {
            "max" : 6.44562082113848E-001,
            "min" : -6.48258059514372E-001
        }
    },
    "total_forces" : {
        "Cx" : 1.00019991303157E-007,
        "Cy" : -1.13797860024079E-015,
        "Cz" : -1.87697080100691E-015
    },
    "total_moments" : {
        "CMx" : -2.13435172313758E-013,
        "CMy" : 1.78676518025611E-015,
        "CMz" : -1.12410081243297E-015
    },
    "CF_sensitivities" : {
        "d_CFx" : [
                8.42882942801667E-001,
                -4.27876697966301E-002,
                -1.07859527070078E-001,
                -1.52918313765986E-001,
                -8.68956193755037E-002,
                -4.27876673423323E-002,
                -1.07859539684310E-001,
                -1.52918314489431E-001,
                -8.68956044198270E-002,
                1.66424215325311E-002,
                -1.88597852626460E-003,
                -1.57833333808464E-002,
                1.28237405830189E-003,
                1.66424115326962E-002,
                -1.88592797845644E-003,
                -1.57833324602408E-002,
                1.28239042811873E-003,
                -3.41540568994617E-001,
                -2.54018691441514E-001,
                -1.91035564627778E-001,
                -2.78142099654059E-001,
                -3.41540746013195E-001,
                -2.54019306144507E-001,
                -1.91035756254065E-001,
                -2.78142067742790E-001,
                2.06700170761356E+000,
                7.02091431462900E-009,
                2.79185214688255E-001,
                3.27550479689480E-001,
                -6.33718502825628E-004,
                -3.13507809138764E-001,
                -2.79185234171463E-001,
                -3.27550517485817E-001,
                6.33674784706515E-004,
                3.13507788781776E-001,
                -1.31317073943433E-001,
                -2.96715802203874E-001,
                -1.44500943144053E-002,
                3.17863079043946E-001,
                1.31317049748318E-001,
                2.96715809710508E-001,
                1.44500903826715E-002,
                -3.17863124593869E-001,
                -1.70047422502540E-001,
                4.98526828247705E-002,
                -2.27655305006994E-002,
                -6.52904234128037E-002,
                1.70047170045830E-001,
                -4.98527655074198E-002,
                2.27652832705125E-002,
                6.52900999580835E-002,
                -1.40474026774129E-007,
                -1.03581704166758E-008,
                1.97058167103439E-002,
                -2.42984913417803E-001,
                -5.29610502799914E-001,
                -2.56021033171567E-001,
                -1.97058357705412E-002,
                2.42984865657939E-001,
                5.29610457003690E-001,
                2.56021005328063E-001,
                1.66943002100049E-002,
                1.74226435176741E-001,
                5.63942498422740E-001,
                1.92361352012586E-001,
                -1.66943239921303E-002,
                -1.74226447441397E-001,
                -5.63942514075249E-001,
                -1.92361384078715E-001,
                6.49130530962263E-004,
                3.46330856601194E-002,
                -1.90543020428913E-001,
                5.07198479087319E-002,
                -6.49390817640162E-004,
                -3.46333940017778E-002,
                1.90542731558069E-001,
                -5.07200943495252E-002,
                -1.97853780742098E-008
            ],
        "d_CFy" : [
                -1.16420613490270E-016,
                -2.59506249153217E-001,
                -1.12165717987220E-001,
                -2.85089244184748E-005,
                1.12285910097727E-001,
                2.59506249877684E-001,
                1.12165718056680E-001,
                2.85104410039008E-005,
                -1.12285910041399E-001,
                -1.32105695119870E-001,
                -1.75634274120744E-001,
                -1.48070835040558E-004,
                1.74774258053410E-001,
                1.32105749602928E-001,
                1.75634245222967E-001,
                1.48071205637597E-004,
                -1.74774246763254E-001,
                5.26516216532216E-001,
                4.20544293976602E-001,
                1.39211143273001E-003,
                -4.07802979759149E-001,
                -5.26516180318391E-001,
                -4.20544144413192E-001,
                -1.39208157306229E-003,
                4.07802873539722E-001,
                -2.48045670669462E-008,
                2.00415885353163E-001,
                2.83900031909050E-001,
                5.02480829952897E-002,
                1.09962031892310E-001,
                5.03941555550217E-002,
                2.83900032670944E-001,
                5.02480828003442E-002,
                1.09962030875731E-001,
                5.03941540839523E-002,
                -6.27768080197193E-001,
                -3.37887294100697E-001,
                -1.34703616242171E-001,
                -3.37073476020147E-001,
                -6.27768012752873E-001,
                -3.37887266206570E-001,
                -1.34703617004607E-001,
                -3.37073485424760E-001,
                6.26815690685112E-001,
                2.77357960806083E-001,
                -2.30411023424773E-001,
                2.88223249868416E-001,
                6.26815790275093E-001,
                2.77358050308710E-001,
                -2.30410949877275E-001,
                2.88223266373108E-001,
                -2.38532003281437E-001,
                -5.30195639599684E-005,
                -1.69198654373254E-004,
                1.58450271777363E-002,
                5.70630346670830E-006,
                -1.59419641980601E-002,
                -1.69197932412932E-004,
                1.58450267927395E-002,
                5.70518549792807E-006,
                -1.59419655344846E-002,
                7.58320497668991E-003,
                2.15976772582402E-001,
                1.39877486774684E-004,
                -2.14524077428399E-001,
                7.58328251645097E-003,
                2.15976814276903E-001,
                1.39877088976205E-004,
                -2.14524084703880E-001,
                -1.46473210192012E-003,
                -4.89870855763721E-001,
                2.42714092033608E-003,
                4.81939851298427E-001,
                -1.46469103092742E-003,
                -4.89870807265798E-001,
                2.42722167055904E-003,
                4.81939867922270E-001,
                -3.84089516437451E-003
            ],