{
    "info" : {
        "generated_by" : "MachLine (c) 2023 USU Aerolab",
        "executed" : "Fri Jul 12 13:54:35 2024"
    },
    "mesh_info" : {
        "N_body_panels" : 48,
        "N_body_vertices" : 26,
        "N_wake_panels" : 0,
        "N_wake_filaments" : 0,
        "average_characteristic_length" : 4.76931360312427E-001,
        "max_flow_turning_angle" : 9.00000000000000E+001
    },
    "solver_results" : {
        "solver_status_code" : 0,
        "system_dimension" : 26,
        "timing" : {
            "system_sorting" : 2.10000000000000E-006,
            "preconditioner" : 6.40000000000000E-006,
            "matrix_solver" : 1.45000000000000E-005
        },
        "iterations" : 6,
        "residual" : {
            "max" : 2.51936061519004E-014,
            "norm" : 3.86259777528976E-014
        }
    },
    "pressure_calculations" : {
        "incompressible_rule" : {
            "max" : 6.44563286526804E-001,
            "min" : -6.48264122269079E-001
        }
    },
    "total_forces" : {
        "Cx" : 8.10079284721543E-006,
        "Cy" : -1.59594559789866E-016,
        "Cz" : -6.69603261727048E-016
    },
    "total_moments" : {
        "CMx" : -1.31922823359831E-011,
        "CMy" : 6.10622663543836E-016,
        "CMz" : -1.52655665885959E-016
    },
    "CF_sensitivities" : {
        "d_CFx" : [
                8.42881904473239E-001,
                -4.27894467348656E-002,
                -1.07862125411970E-001,
                -1.52917767340501E-001,
                -8.68960748743448E-002,
                -4.27896006136012E-002,
                -1.07862300943713E-001,
                -1.52917471239990E-001,
                -8.68962088975292E-002,
                1.66438460449829E-002,
                -1.88566061453299E-003,
                -1.57826830443879E-002,
                1.28271750650621E-003,
                1.66430757690996E-002,
                -1.88296607352356E-003,
                -1.57826664686846E-002,
                1.28285460177091E-003,
                -3.41552381694252E-001,
                -2.54012641460215E-001,
                -1.91043152180086E-001,
                -2.78145688784395E-001,
                -3.41567515593331E-001,
                -2.54018666315786E-001,
                -1.91062427319945E-001,
                -2.78142810437926E-001,
                2.06700274582314E+000,
                -2.51165166981142E-008,
                2.79185059394933E-001,
                3.27549516031018E-001,
                -6.34270479650762E-004,
                -3.13509629841095E-001,
                -2.79186358745395E-001,
                -3.27551509760182E-001,
                6.32506419150183E-004,
                3.13507606854436E-001,
                -1.31310445766288E-001,
                -2.96714738483448E-001,
                -1.44500320983660E-002,
                3.17859285415906E-001,
                1.31308859025312E-001,
                2.96715106356055E-001,
                1.44500886811801E-002,
                -3.17861885471856E-001,
                -1.70061112894854E-001,
                4.98521370956958E-002,
                -2.27771201688527E-002,
                -6.53002723946750E-002,
                1.70043943728166E-001,
                -4.98591615603053E-002,
                2.27640739810814E-002,
                6.52827448004694E-002,
                -6.12343272914265E-006,
                -2.68962056545575E-007,
                1.97057166993970E-002,
                -2.42987992065670E-001,
                -5.29610502185337E-001,
                -2.56021426890216E-001,
                -1.97064178462308E-002,
                2.42984718292952E-001,
                5.29608680673849E-001,
                2.56020065488227E-001,
                1.66945068475290E-002,
                1.74222936905059E-001,
                5.63939603200718E-001,
                1.92358085250081E-001,
                -1.66961973564635E-002,
                -1.74223691707468E-001,
                -5.63939692041859E-001,
                -1.92360642319465E-001,
                6.42642388847140E-004,
                3.46275318537301E-002,
                -1.90545127264896E-001,
                5.07052556001469E-002,
                -6.55191329176730E-004,
                -3.46428241277231E-002,
                1.90531164353709E-001,
                -5.07224358692751E-002,
                6.42393558533719E-007
            ],
        "d_CFy" : [
                -8.97187648199652E-017,
                -2.59506649668867E-001,
                -1.12165465456789E-001,
                -2.85027862587226E-005,
                1.12285567934300E-001,
                2.59506597807124E-001,
                1.12165474348940E-001,
                2.85603153350823E-005,
                -1.12285585840097E-001,
                -1.32107513404237E-001,
                -1.75636543972479E-001,
                -1.48024942724134E-004,
                1.74775452306332E-001,
                1.32109633675335E-001,
                1.75634804450239E-001,
                1.48019775266938E-004,
                -1.74774699092850E-001,
                5.26530285509911E-001,
                4.20540820993954E-001,
                1.38640873398355E-003,
                -4.07804593758576E-001,
                -5.26527177093128E-001,
                -4.20537168064226E-001,
                -1.38038778122614E-003,
                4.07801255446494E-001,
                -1.48060834560032E-006,
                2.00415826100020E-001,
                2.83899808984895E-001,
                5.02474133954550E-002,
                1.09962140271298E-001,
                5.03935735618355E-002,
                2.83899821157983E-001,
                5.02474181103090E-002,
                1.09962086489626E-001,
                5.03934992998661E-002,
                -6.27768350045344E-001,
                -3.37888701136007E-001,
                -1.34703780860663E-001,
                -3.37073939741114E-001,
                -6.27764620473208E-001,
                -3.37886900689372E-001,
                -1.34703807426931E-001,
                -3.37074236267988E-001,
                6.26817709562363E-001,
                2.77354508553152E-001,
                -2.30413082745067E-001,
                2.88223102855669E-001,
                6.26817426273063E-001,
                2.77358804659867E-001,
                -2.30409741071031E-001,
                2.88222541058930E-001,
                -2.38540485515844E-001,
                -5.29369902018059E-005,
                -1.69174179159341E-004,
                1.58461021104893E-002,
                5.76061338722147E-006,
                -1.59429527574582E-002,
                -1.69155763487978E-004,
                1.58460972498898E-002,
                5.69959765725516E-006,
                -1.59430254126092E-002,
                7.58116684066283E-003,
                2.15975287083707E-001,
                1.39857415433657E-004,
                -2.14524411991678E-001,
                7.58469615716942E-003,
                2.15977473734111E-001,
                1.39826367590337E-004,
                -2.14525368911869E-001,
                -1.46481953014985E-003,
                -4.89876864475984E-001,
                2.42451716134369E-003,
                4.81943107261107E-001,
                -1.46335774418056E-003,
                -4.89873070039946E-001,
                2.42875855669707E-003,
                4.81944162494198E-001,
                -3.84380886559701E-003
            ],