{
    "info" : {
        "generated_by" : "MachLine (c) 2023 USU Aerolab",
        "executed" : "Fri Jul 12 13:56:22 2024"
    },
    "mesh_info" : {
        "N_body_panels" : 48,
        "N_body_vertices" : 26,
        "N_wake_panels" : 0,
        "N_wake_filaments" : 0,
        "average_characteristic_length" : 4.76931360312427E-001,
        "max_flow_turning_angle" : 9.00000000000000E+001
    },
    "solver_results" : {
        "solver_status_code" : 0,
        "system_dimension" : 26,
        "timing" : {
            "system_sorting" : 2.00000000000000E-006,
            "preconditioner" : 5.40000000000000E-006,
            "matrix_solver" : 1.45000000000000E-005
        },
        "iterations" : 6,
        "residual" : {
            "max" : 4.99600361081320E-016,
            "norm" : 1.25982493512770E-015
        }
    },
    "pressure_calculations" : {
        "incompressible_rule" : {
            "max" : 6.20396841482532E-001,
            "min" : -7.21376516391454E-001
        }
    },
    "total_forces" : {
        "Cx" : -8.52362624925718E-012,
        "Cy" : 8.81239525796218E-016,
        "Cz" : -6.93889390390723E-018
    },
    "total_moments" : {
        "CMx" : 2.51534904016637E-017,
        "CMy" : 9.36750677027476E-017,
        "CMz" : 1.10328413072125E-015
    },
    "CF_sensitivities" : {
        "d_CFx" : [
                5.10026501339262E-001,
                -2.81956539551017E-002,
                -1.06940639963624E-001,
                -1.84571337908467E-001,
                -1.06940639963619E-001,
                -2.81956539551012E-002,
                -1.06940639963622E-001,
                -1.84571337908468E-001,
                -1.06940639963623E-001,
                8.55814592362907E-002,
                8.60535618830884E-002,
                8.55814592387296E-002,
                8.60535618830880E-002,
                8.55814592362918E-002,
                8.60535618830940E-002,
                8.55814592387283E-002,
                8.60535618830902E-002,
                -1.84571337907957E-001,
                -1.06940639964442E-001,
                -2.81956539573763E-002,
                -1.06940639964464E-001,
                -1.84571337907975E-001,
                -1.06940639964475E-001,
                -2.81956539573586E-002,
                -1.06940639964465E-001,
                5.10026501348077E-001,
                1.88918872274989E-014,
                8.14400044561316E-002,
                2.52156955446372E-001,
                8.37994015393486E-015,
                -2.52156955446367E-001,
                -8.14400044561340E-002,
                -2.52156955446368E-001,
                4.88299097353724E-015,
                2.52156955446371E-001,
                2.74663790304808E-001,
                -8.14037682064591E-002,
                -8.25656013205037E-015,
                8.14037682064383E-002,
                -2.74663790304829E-001,
                8.14037682064422E-002,
                -1.20182936555098E-014,
                -8.14037682064598E-002,
                -4.67679377747443E-001,
                -1.37673000167568E-001,
                -2.25454912081467E-014,
                1.37673000167563E-001,
                4.67679377747425E-001,
                1.37673000167570E-001,
                -5.78889315072177E-015,
                -1.37673000167591E-001,
                1.79409575551074E-015,
                1.80458998790258E-014,
                -4.38972089992307E-016,
                -1.37673000163953E-001,
                -4.67679377743513E-001,
                -1.37673000163951E-001,
                -2.29581588490093E-015,
                1.37673000163957E-001,
                4.67679377743523E-001,
                1.37673000163954E-001,
                -8.65736430521917E-015,
                -8.14037682091257E-002,
                2.74663790300935E-001,
                -8.14037682091288E-002,
                -1.13477010938553E-014,
                8.14037682091082E-002,
                -2.74663790300952E-001,
                8.14037682091077E-002,
                -3.44049359649033E-015,
                2.52156955449384E-001,
                8.14400044616648E-002,
                2.52156955449372E-001,
                -8.41326997083730E-015,
                -2.52156955449411E-001,
                -8.14400044616870E-002,
                -2.52156955449397E-001,
                9.39773082734154E-015
            ],
        "d_CFy" : [
                1.63299365157925E-016,
                -2.50390022413893E-001,
                -8.39091224263879E-002,
                -1.60838795399174E-016,
                8.39091224263885E-002,
                2.50390022413893E-001,
                8.39091224263883E-002,
                1.65366800194545E-017,
                -8.39091224263870E-002,
                1.19683622444115E-001,
                -3.25759001724194E-002,
                4.16394004536985E-016,
                3.25759001724177E-002,
                -1.19683622444112E-001,
                3.25759001724155E-002,
                4.89252390528011E-016,
                -3.25759001724158E-002,
                6.15408898446048E-002,
                1.41184842434213E-001,
                -1.43584257831871E-014,
                -1.41184842434209E-001,
                -6.15408898445964E-002,
                -1.41184842434201E-001,
                2.13560611402234E-014,
                1.41184842434201E-001,
                -4.21454861387769E-015,
                1.22580453426836E-001,
                3.19292581504469E-001,
                4.33427983160183E-002,
                9.68171394770617E-002,
                4.33427983160361E-002,
                3.19292581504494E-001,
                4.33427983160361E-002,
                9.68171394770618E-002,
                4.33427983160183E-002,
                -4.21338642918333E-001,
                -2.84122437196278E-001,
                -1.34152362514590E-001,
                -2.84122437196267E-001,
                -4.21338642918339E-001,
                -2.84122437196267E-001,
                -1.34152362514590E-001,
                -2.84122437196275E-001,
                -8.41566494064451E-002,
                2.11643025286461E-001,
                1.60612638289206E-001,
                2.11643025286450E-001,
                -8.41566494064636E-002,
                2.11643025286452E-001,
                1.60612638289213E-001,
                2.11643025286468E-001,
                1.19816592085531E-001,
                -3.04443970033929E-016,
                -1.33300488702748E-014,
                6.60971809418448E-003,
                -6.17526637532846E-017,
                -6.60971809418515E-003,
                1.16535470509604E-014,
                6.60971809420227E-003,
                9.47124097968448E-017,
                -6.60971809420233E-003,
                3.20229953665319E-015,
                1.48384917508815E-001,
                5.89654141460610E-016,
                -1.48384917508818E-001,
                -3.06601532357176E-015,
                1.48384917508829E-001,
                -4.82101285950047E-016,
                -1.48384917508827E-001,
                1.11299858218672E-014,
                -2.05419928166445E-003,
                -2.05142213606035E-016,
                2.05419928165584E-003,
                -6.36372803953546E-015,
                -2.05419928167422E-003,
                6.65224201207384E-015,
                2.05419928167708E-003,
                -9.55138745872830E-015
            ],