{
    "info" : {
        "generated_by" : "MachLine (c) 2023 USU Aerolab",
        "executed" : "Fri Jul 12 13:56:05 2024"
    },
    "mesh_info" : {
        "N_body_panels" : 48,
        "N_body_vertices" : 26,
        "N_wake_panels" : 0,
        "N_wake_filaments" : 0,
        "average_characteristic_length" : 4.76931360312427E-001,
        "max_flow_turning_angle" : 9.00000000000000E+001
    },
    "solver_results" : {
        "solver_status_code" : 0,
        "system_dimension" : 26,
        "timing" : {
            "system_sorting" : 2.20000000000000E-006,
            "preconditioner" : 5.60000000000000E-006,
            "matrix_solver" : 1.29000000000000E-005
        },
        "iterations" : 6,
        "residual" : {
            "max" : 1.55431223447522E-015,
            "norm" : 3.50843368913969E-015
        }
    },
    "pressure_calculations" : {
        "incompressible_rule" : {
            "max" : 6.42428699225623E-001,
            "min" : -6.55044585788607E-001
        }
    },
    "total_forces" : {
        "Cx" : -7.55573381638897E-012,
        "Cy" : -9.71445146547012E-017,
        "Cz" : -1.24900090270330E-016
    },
    "total_moments" : {
        "CMx" : 4.16333634234434E-017,
        "CMy" : 3.22658566531686E-016,
        "CMz" : -1.52655665885959E-016
    },
    "CF_sensitivities" : {
        "d_CFx" : [
                5.65901491158550E-001,
                -2.29128901933224E-002,
                -9.51496375150008E-002,
                -1.68234559930426E-001,
                -9.51496375150057E-002,
                -2.29128901933390E-002,
                -9.51496375149705E-002,
                -1.68234559930467E-001,
                -9.51496375150255E-002,
                4.97020914509450E-002,
                4.87938881227394E-002,
                4.97020914537651E-002,
                4.87938881226879E-002,
                4.97020914509230E-002,
                4.87938881228065E-002,
                4.97020914538346E-002,
                4.87938881227765E-002,
                -1.68234559930635E-001,
                -9.51496375158437E-002,
                -2.29128901957704E-002,
                -9.51496375160412E-002,
                -1.68234559931012E-001,
                -9.51496375164478E-002,
                -2.29128901954840E-002,
                -9.51496375160052E-002,
                5.65901491164109E-001,
                2.41056309516692E-016,
                1.39928155348950E-001,
                2.65447703073884E-001,
                -2.80197660485537E-014,
                -2.65447703073957E-001,
                -1.39928155348993E-001,
                -2.65447703073953E-001,
                -4.81090806037572E-014,
                2.65447703073923E-001,
                2.35290613071165E-001,
                -6.73947794360812E-002,
                -2.37288586708743E-014,
                6.73947794360171E-002,
                -2.35290613071245E-001,
                6.73947794360453E-002,
                -6.19830342457314E-015,
                -6.73947794361152E-002,
                -4.76808615745434E-001,
                -1.68944162616990E-001,
                -3.77072930406235E-013,
                1.68944162616431E-001,
                4.76808615744964E-001,
                1.68944162616654E-001,
                -1.63245016478128E-013,
                -1.68944162617126E-001,
                -2.36682474418762E-013,
                -2.37268687724622E-014,
                -3.26756001360723E-014,
                -1.68944162613535E-001,
                -4.76808615740777E-001,
                -1.68944162613480E-001,
                -2.07550753435700E-014,
                1.68944162613447E-001,
                4.76808615740697E-001,
                1.68944162613411E-001,
                2.43834446308344E-014,
                -6.73947794394012E-002,
                2.35290613065856E-001,
                -6.73947794394457E-002,
                -1.00288051798822E-013,
                6.73947794393432E-002,
                -2.35290613065866E-001,
                6.73947794393400E-002,
                -2.41543475914252E-013,
                2.65447703076677E-001,
                1.39928155354459E-001,
                2.65447703076430E-001,
                -2.69116549205106E-013,
                -2.65447703077375E-001,
                -1.39928155354852E-001,
                -2.65447703077030E-001,
                -4.89699909463748E-014
            ],
        "d_CFy" : [
                1.09226173382098E-017,
                -2.62518322758667E-001,
                -1.13329954333238E-001,
                1.12906236691700E-015,
                1.13329954333227E-001,
                2.62518322758666E-001,
                1.13329954333239E-001,
                1.29427963885364E-016,
                -1.13329954333227E-001,
                1.04735493563187E-001,
                -3.10798416524387E-002,
                1.98780193565470E-016,
                3.10798416524324E-002,
                -1.04735493563066E-001,
                3.10798416523765E-002,
                1.55533395177933E-015,
                -3.10798416523712E-002,
                1.18299066743255E-001,
                1.55131157325778E-001,
                -2.84528091257054E-013,
                -1.55131157325899E-001,
                -1.18299066743191E-001,
                -1.55131157325548E-001,
                3.14589886194104E-013,
                1.55131157325717E-001,
                -4.14281903933750E-014,
                1.89410221057496E-001,
                2.94917233563888E-001,
                5.10455857992612E-002,
                1.04325320339020E-001,
                5.10455857992784E-002,
                2.94917233563911E-001,
                5.10455857992749E-002,
                1.04325320339019E-001,
                5.10455857992603E-002,
                -4.61828034887169E-001,
                -2.97837233708905E-001,
                -1.35643615765786E-001,
                -2.97837233708849E-001,
                -4.61828034887016E-001,
                -2.97837233708835E-001,
                -1.35643615765788E-001,
                -2.97837233708875E-001,
                -6.26421546004596E-002,
                1.98984141398725E-001,
                1.66935964156473E-001,
                1.98984141398851E-001,
                -6.26421546004640E-002,
                1.98984141398920E-001,
                1.66935964156631E-001,
                1.98984141399000E-001,
                1.89690379372674E-001,
                1.60169186941284E-015,
                -1.17974206792493E-014,
                9.32804348454555E-003,
                1.54081568970487E-015,
                -9.32804348454322E-003,
                1.07042196287321E-014,
                9.32804348455965E-003,
                -1.79057761063078E-016,
                -9.32804348456112E-003,
                -5.92893789619353E-014,
                1.62724064474846E-001,
                -1.65799243000231E-015,
                -1.62724064474919E-001,
                8.67962385991961E-014,
                1.62724064474941E-001,
                -3.56872940311581E-015,
                -1.62724064474947E-001,
                -4.16611189990590E-014,
                1.10086973463546E-002,
                -6.37926639290226E-014,
                -1.10086973464678E-002,
                3.86277144439565E-014,
                1.10086973464738E-002,
                1.23728580158560E-014,
                -1.10086973463883E-002,
                -2.13195780474074E-013
            ],