{
    "info" : {
        "generated_by" : "MachLine (c) 2023 USU Aerolab",
        "executed" : "Fri Jul 12 13:56:19 2024"
    },
    "mesh_info" : {
        "N_body_panels" : 48,
        "N_body_vertices" : 26,
        "N_wake_panels" : 0,
        "N_wake_filaments" : 0,
        "average_characteristic_length" : 4.76931360312427E-001,
        "max_flow_turning_angle" : 9.00000000000000E+001
    },
    "solver_results" : {
        "solver_status_code" : 0,
        "system_dimension" : 26,
        "timing" : {
            "system_sorting" : 2.80000000000000E-006,
            "preconditioner" : 5.40000000000000E-006,
            "matrix_solver" : 1.47000000000000E-005
        },
        "iterations" : 6,
        "residual" : {
            "max" : 4.44089209850063E-016,
            "norm" : 1.05872719087380E-015
        }
    },
    "pressure_calculations" : {
        "incompressible_rule" : {
            "max" : 6.26554115491214E-001,
            "min" : -7.03658498214206E-001
        }
    },
    "total_forces" : {
        "Cx" : -8.22227008701049E-012,
        "Cy" : -5.96744875736022E-016,
        "Cz" : 1.28716481917479E-015
    },
    "total_moments" : {
        "CMx" : 1.59594559789866E-016,
        "CMy" : -1.58553725704280E-015,
        "CMz" : -7.56339435525888E-016
    },
    "CF_sensitivities" : {
        "d_CFx" : [
                5.22637423724167E-001,
                -2.58140821309210E-002,
                -1.02996212033232E-001,
                -1.79857090273080E-001,
                -1.02996212033232E-001,
                -2.58140821309225E-002,
                -1.02996212033233E-001,
                -1.79857090273082E-001,
                -1.02996212033235E-001,
                7.51784076908608E-002,
                7.51664769160847E-002,
                7.51784076939477E-002,
                7.51664769160763E-002,
                7.51784076908588E-002,
                7.51664769160909E-002,
                7.51784076939499E-002,
                7.51664769160787E-002,
                -1.79857090272725E-001,
                -1.02996212034100E-001,
                -2.58140821331569E-002,
                -1.02996212034129E-001,
                -1.79857090272755E-001,
                -1.02996212034130E-001,
                -2.58140821331767E-002,
                -1.02996212034124E-001,
                5.22637423732015E-001,
                1.69551106166320E-014,
                9.91263682753483E-002,
                2.56702877303560E-001,
                5.41519464714113E-015,
                -2.56702877303558E-001,
                -9.91263682753564E-002,
                -2.56702877303558E-001,
                3.31993743656201E-015,
                2.56702877303561E-001,
                2.63732839107875E-001,
                -7.73292440638192E-002,
                -8.39605299427860E-015,
                7.73292440638026E-002,
                -2.63732839107895E-001,
                7.73292440638028E-002,
                -7.79353980882379E-015,
                -7.73292440638205E-002,
                -4.71876383676634E-001,
                -1.47405640105822E-001,
                -3.20868941188916E-014,
                1.47405640105790E-001,
                4.71876383676603E-001,
                1.47405640105813E-001,
                -9.07781258727547E-015,
                -1.47405640105836E-001,
                9.64881889508975E-015,
                1.68040682994728E-014,
                -3.52754166583827E-015,
                -1.47405640102225E-001,
                -4.71876383672608E-001,
                -1.47405640102220E-001,
                -1.67543668018510E-015,
                1.47405640102226E-001,
                4.71876383672619E-001,
                1.47405640102223E-001,
                -7.99592560317691E-015,
                -7.73292440667008E-002,
                2.63732839103664E-001,
                -7.73292440667003E-002,
                -1.33196571561782E-014,
                7.73292440666818E-002,
                -2.63732839103681E-001,
                7.73292440666795E-002,
                -7.64391128452914E-015,
                2.56702877306598E-001,
                9.91263682808328E-002,
                2.56702877306581E-001,
                -1.36246102203968E-014,
                -2.56702877306634E-001,
                -9.91263682808627E-002,
                -2.56702877306620E-001,
                4.96551473031391E-015
            ],
        "d_CFy" : [
                -1.06343063360835E-016,
                -2.53457968152402E-001,
                -9.21834875956172E-002,
                2.22721362946801E-016,
                9.21834875956166E-002,
                2.53457968152405E-001,
                9.21834875956173E-002,
                1.57669232597670E-016,
                -9.21834875956166E-002,
                1.15534320693716E-001,
                -3.23466427220107E-002,
                -2.58110241935494E-016,
                3.23466427220096E-002,
                -1.15534320693707E-001,
                3.23466427220074E-002,
                1.08109628151860E-015,
                -3.23466427220073E-002,
                7.79385127948518E-002,
                1.44779722281034E-001,
                -6.14560955873956E-015,
                -1.44779722281048E-001,
                -7.79385127948513E-002,
                -1.44779722281018E-001,
                1.53025114982377E-014,
                1.44779722281029E-001,
                -3.91369992533525E-015,
                1.44085652166373E-001,
                3.12305511060209E-001,
                4.49105357367462E-002,
                9.94698604657247E-002,
                4.49105357367625E-002,
                3.12305511060233E-001,
                4.49105357367626E-002,
                9.94698604657245E-002,
                4.49105357367458E-002,
                -4.33509837403428E-001,
                -2.88005835256329E-001,
                -1.34835982191287E-001,
                -2.88005835256316E-001,
                -4.33509837403428E-001,
                -2.88005835256316E-001,
                -1.34835982191287E-001,
                -2.88005835256326E-001,
                -7.97191458812062E-002,
                2.07854487569451E-001,
                1.63404435193283E-001,
                2.07854487569451E-001,
                -7.97191458812232E-002,
                2.07854487569448E-001,
                1.63404435193295E-001,
                2.07854487569464E-001,
                1.42647913147460E-001,
                1.70978682600964E-016,
                -1.12969529564300E-014,
                8.19384138597459E-003,
                2.68421397437899E-016,
                -8.19384138597512E-003,
                1.22746864755774E-014,
                8.19384138599183E-003,
                4.00314502551160E-016,
                -8.19384138599186E-003,
                3.38964967205868E-015,
                1.52321082087999E-001,
                2.78983367308191E-016,
                -1.52321082088003E-001,
                5.12285526499401E-016,
                1.52321082088012E-001,
                -4.73272396617594E-016,
                -1.52321082088016E-001,
                8.12419792897701E-015,
                2.97570651603055E-003,
                -5.02694611213397E-015,
                -2.97570651603743E-003,
                -1.13722690085174E-014,
                2.97570651602749E-003,
                2.74578474122447E-015,
                -2.97570651601906E-003,
                -1.64451785522601E-014
            ],