{
    "info" : {
        "generated_by" : "MachLine (c) 2023 USU Aerolab",
        "executed" : "Fri Jul 12 13:54:34 2024"
    },
    "mesh_info" : {
        "N_body_panels" : 48,
        "N_body_vertices" : 26,
        "N_wake_panels" : 0,
        "N_wake_filaments" : 0,
        "average_characteristic_length" : 4.76931360312427E-001,
        "max_flow_turning_angle" : 9.00000000000000E+001
    },
    "solver_results" : {
        "solver_status_code" : 0,
        "system_dimension" : 26,
        "timing" : {
            "system_sorting" : 2.00000000000000E-006,
            "preconditioner" : 5.90000000000000E-006,
            "matrix_solver" : 1.40000000000000E-005
        },
        "iterations" : 6,
        "residual" : {
            "max" : 1.06601437139863E-014,
            "norm" : 2.43404121381833E-014
        }
    },
    "pressure_calculations" : {
        "incompressible_rule" : {
            "max" : 6.44564179371195E-001,
            "min" : -6.48260434109063E-001
        }
    },
    "total_forces" : {
        "Cx" : 4.27685481313445E-006,
        "Cy" : 5.41233724504764E-016,
        "Cz" : -6.76542155630955E-016
    },
    "total_moments" : {
        "CMx" : -3.22632528332312E-011,
        "CMy" : 6.07153216591882E-016,
        "CMz" : 3.88578058618805E-016
    },
    "CF_sensitivities" : {
        "d_CFx" : [
                8.42883314527214E-001,
                -4.27898898904467E-002,
                -1.07862974373073E-001,
                -1.52914657127545E-001,
                -8.68973248148703E-002,
                -4.27894968527245E-002,
                -1.07861047453537E-001,
                -1.52917873097850E-001,
                -8.68978052584045E-002,
                1.66427869960193E-002,
                -1.88615961166483E-003,
                -1.57833282560760E-002,
                1.28061692955961E-003,
                1.66420749416647E-002,
                -1.88428488942649E-003,
                -1.57822670894960E-002,
                1.28241335551560E-003,
                -3.41557281859054E-001,
                -2.54015288497100E-001,
                -1.91054736211866E-001,
                -2.78143250222350E-001,
                -3.41558560400808E-001,
                -2.54034616270127E-001,
                -1.91056094374468E-001,
                -2.78147519032984E-001,
                2.06700114980528E+000,
                -1.89169259295884E-007,
                2.79184535873684E-001,
                3.27550109059047E-001,
                -6.33902393799574E-004,
                -3.13509351634407E-001,
                -2.79185693078374E-001,
                -3.27552127738818E-001,
                6.32102053503712E-004,
                3.13508360591043E-001,
                -1.31310585298638E-001,
                -2.96716252048028E-001,
                -1.44497982597141E-002,
                3.17861281118427E-001,
                1.31308703501358E-001,
                2.96715913005859E-001,
                1.44493560421490E-002,
                -3.17864556335169E-001,
                -1.70058073092113E-001,
                4.98471691893634E-002,
                -2.27788378291329E-002,
                -6.53045832627034E-002,
                1.70039565391200E-001,
                -4.98594624457960E-002,
                2.27618244699418E-002,
                6.52814941405772E-002,
                -9.97845798221216E-006,
                -5.01548458911189E-007,
                1.97052917374583E-002,
                -2.42987064154716E-001,
                -5.29609511964161E-001,
                -2.56021173242054E-001,
                -1.97067064881297E-002,
                2.42983735508648E-001,
                5.29607346755226E-001,
                2.56020053281384E-001,
                1.66946049176856E-002,
                1.74224035806078E-001,
                5.63938897970477E-001,
                1.92360880827462E-001,
                -1.66967415001969E-002,
                -1.74224869163317E-001,
                -5.63939340144576E-001,
                -1.92362464422665E-001,
                6.42906526569643E-004,
                3.46253046260587E-002,
                -1.90541649384034E-001,
                5.07002119246737E-002,
                -6.58178476936099E-004,
                -3.46419667665370E-002,
                1.90527702169478E-001,
                -5.07224174604347E-002,
                -1.12943676662208E-005
            ],
        "d_CFy" : [
                -1.13758261124712E-016,
                -2.59506500095834E-001,
                -1.12164884700750E-001,
                -2.84879572017268E-005,
                1.12285255606298E-001,
                2.59506481852592E-001,
                1.12164886522945E-001,
                2.85984413013215E-005,
                -1.12285292222734E-001,
                -1.32109167170127E-001,
                -1.75636259158866E-001,
                -1.48017735741363E-004,
                1.74774453173748E-001,
                1.32112025658903E-001,
                1.75633932991712E-001,
                1.48011539977488E-004,
                -1.74773972738113E-001,
                5.26527859545986E-001,
                4.20539519818937E-001,
                1.38280965949115E-003,
                -4.07798640171998E-001,
                -5.26531005043778E-001,
                -4.20530490899817E-001,
                -1.38119808655456E-003,
                4.07796990531559E-001,
                -1.54554946591521E-006,
                2.00416254551963E-001,
                2.83900103958975E-001,
                5.02481839862358E-002,
                1.09962026750307E-001,
                5.03941140552280E-002,
                2.83900178748413E-001,
                5.02481605490040E-002,
                1.09961963441753E-001,
                5.03940158395454E-002,
                -6.27765805212210E-001,
                -3.37889056077407E-001,
                -1.34703580079239E-001,
                -3.37073688566562E-001,
                -6.27760927135541E-001,
                -3.37887419407758E-001,
                -1.34703621100626E-001,
                -3.37074226360962E-001,
                6.26817004212094E-001,
                2.77350817772781E-001,
                -2.30412870100185E-001,
                2.88221108091761E-001,
                6.26821473522044E-001,
                2.77357337520067E-001,
                -2.30408256949053E-001,
                2.88220315140703E-001,
                -2.38542365384631E-001,
                -5.29199209439452E-005,
                -1.69142520440359E-004,
                1.58450067952038E-002,
                5.75714930724720E-006,
                -1.59420951731641E-002,
                -1.69119309094279E-004,
                1.58449837069572E-002,
                5.69741208301362E-006,
                -1.59421972526253E-002,
                7.58114093347934E-003,
                2.15975874389339E-001,
                1.39779353250037E-004,
                -2.14525463517285E-001,
                7.58517448528476E-003,
                2.15978390423193E-001,
                1.39734851708156E-004,
                -2.14525107196635E-001,
                -1.46396513924317E-003,
                -4.89878940074058E-001,
                2.42477015166962E-003,
                4.81946272134435E-001,
                -1.46152350864086E-003,
                -4.89875382103147E-001,
                2.42827409741120E-003,
                4.81946746958830E-001,
                -3.84917135851421E-003
            ],