{
    "info" : {
        "generated_by" : "MachLine (c) 2023 USU Aerolab",
        "executed" : "Fri Jul 12 13:56:07 2024"
    },
    "mesh_info" : {
        "N_body_panels" : 48,
        "N_body_vertices" : 26,
        "N_wake_panels" : 0,
        "N_wake_filaments" : 0,
        "average_characteristic_length" : 4.76931360312427E-001,
        "max_flow_turning_angle" : 9.00000000000000E+001
    },
    "solver_results" : {
        "solver_status_code" : 0,
        "system_dimension" : 26,
        "timing" : {
            "system_sorting" : 2.00000000000000E-006,
            "preconditioner" : 5.40000000000000E-006,
            "matrix_solver" : 1.43000000000000E-005
        },
        "iterations" : 6,
        "residual" : {
            "max" : 1.11022302462516E-015,
            "norm" : 2.36100453577011E-015
        }
    },
    "pressure_calculations" : {
        "incompressible_rule" : {
            "max" : 6.41356335990287E-001,
            "min" : -6.58440632343861E-001
        }
    },
    "total_forces" : {
        "Cx" : -7.59237117620160E-012,
        "Cy" : 2.56739074444567E-016,
        "Cz" : -7.94503351997378E-016
    },
    "total_moments" : {
        "CMx" : 1.00613961606655E-016,
        "CMy" : 6.10622663543836E-016,
        "CMz" : 3.26128013483640E-016
    },
    "CF_sensitivities" : {
        "d_CFx" : [
                5.62346240286865E-001,
                -2.29442936227211E-002,
                -9.55601828307893E-002,
                -1.68977872856082E-001,
                -9.55601828307695E-002,
                -2.29442936227369E-002,
                -9.55601828307990E-002,
                -1.68977872856051E-001,
                -9.55601828307817E-002,
                5.13664469808350E-002,
                5.05029650152742E-002,
                5.13664469836401E-002,
                5.05029650152662E-002,
                5.13664469808142E-002,
                5.05029650153308E-002,
                5.13664469836543E-002,
                5.05029650152888E-002,
                -1.68977872855981E-001,
                -9.55601828316851E-002,
                -2.29442936248888E-002,
                -9.55601828314950E-002,
                -1.68977872856349E-001,
                -9.55601828317553E-002,
                -2.29442936251095E-002,
                -9.55601828318494E-002,
                5.62346240292662E-001,
                8.78823572360399E-015,
                1.37381122637711E-001,
                2.64993289040511E-001,
                4.54897399745631E-015,
                -2.64993289040543E-001,
                -1.37381122637739E-001,
                -2.64993289040545E-001,
                -2.83203927245280E-014,
                2.64993289040493E-001,
                2.37222306354664E-001,
                -6.80409887515058E-002,
                8.04695474342960E-015,
                6.80409887514415E-002,
                -2.37222306354717E-001,
                6.80409887514864E-002,
                -2.06121181718423E-014,
                -6.80409887515191E-002,
                -4.76742564946090E-001,
                -1.67646685652293E-001,
                -2.50644138992283E-013,
                1.67646685651969E-001,
                4.76742564945760E-001,
                1.67646685652081E-001,
                -9.26599520559837E-014,
                -1.67646685652365E-001,
                -1.24000855062321E-013,
                1.32972000440085E-014,
                -1.88280937358294E-014,
                -1.67646685648784E-001,
                -4.76742564941683E-001,
                -1.67646685648752E-001,
                -9.29561430420495E-015,
                1.67646685648738E-001,
                4.76742564941657E-001,
                1.67646685648715E-001,
                1.15620093756751E-014,
                -6.80409887548264E-002,
                2.37222306349623E-001,
                -6.80409887548319E-002,
                -5.83614541313446E-014,
                6.80409887547848E-002,
                -2.37222306349658E-001,
                6.80409887547610E-002,
                -1.34730226227281E-013,
                2.64993289043446E-001,
                1.37381122642917E-001,
                2.64993289043287E-001,
                -1.51380289706644E-013,
                -2.64993289043848E-001,
                -1.37381122643210E-001,
                -2.64993289043736E-001,
                -9.22132761448138E-015
            ],
        "d_CFy" : [
                4.74490871641084E-017,
                -2.61823866515880E-001,
                -1.11888567893630E-001,
                8.14501836248967E-017,
                1.11888567893629E-001,
                2.61823866515881E-001,
                1.11888567893632E-001,
                4.00639303204629E-016,
                -1.11888567893629E-001,
                1.05483794605830E-001,
                -3.11991772937141E-002,
                1.81393256382183E-015,
                3.11991772936927E-002,
                -1.05483794605779E-001,
                3.11991772936785E-002,
                -9.40808316029341E-016,
                -3.11991772936631E-002,
                1.15623667949599E-001,
                1.54362708484778E-001,
                -1.30699522286847E-013,
                -1.54362708484861E-001,
                -1.15623667949516E-001,
                -1.54362708484579E-001,
                1.98256090462635E-013,
                1.54362708484645E-001,
                -1.70388857297354E-014,
                1.86836071471346E-001,
                2.96022854899682E-001,
                5.05203615438385E-002,
                1.04091095459752E-001,
                5.05203615438568E-002,
                2.96022854899705E-001,
                5.05203615438529E-002,
                1.04091095459750E-001,
                5.05203615438398E-002,
                -4.60008423747181E-001,
                -2.97160677676285E-001,
                -1.35626785150590E-001,
                -2.97160677676247E-001,
                -4.60008423747091E-001,
                -2.97160677676229E-001,
                -1.35626785150591E-001,
                -2.97160677676264E-001,
                -6.40903299193260E-002,
                1.99534579594819E-001,
                1.66875522322329E-001,
                1.99534579594878E-001,
                -6.40903299192978E-002,
                1.99534579594942E-001,
                1.66875522322423E-001,
                1.99534579594927E-001,
                1.87059006948791E-001,
                1.44860252265788E-015,
                -1.00340742659188E-014,
                9.40629454371622E-003,
                8.85753474531181E-016,
                -9.40629454371128E-003,
                1.15504936344657E-014,
                9.40629454373121E-003,
                -1.18138336411444E-016,
                -9.40629454372724E-003,
                -2.83661982791727E-014,
                1.61993516787743E-001,
                1.06921769468236E-015,
                -1.61993516787801E-001,
                5.42315758272904E-014,
                1.61993516787809E-001,
                -8.19417514141697E-016,
                -1.61993516787819E-001,
                -1.88959091429464E-014,
                1.07102597311231E-002,
                -6.53928641580015E-014,
                -1.07102597312266E-002,
                1.14103909968580E-014,
                1.07102597312293E-002,
                2.20230425351054E-014,
                -1.07102597311744E-002,
                -1.04732195138624E-013
            ],