{
    "info" : {
        "generated_by" : "MachLine (c) 2023 USU Aerolab",
        "executed" : "Fri Jul 12 13:56:26 2024"
    },
    "mesh_info" : {
        "N_body_panels" : 48,
        "N_body_vertices" : 26,
        "N_wake_panels" : 0,
        "N_wake_filaments" : 0,
        "average_characteristic_length" : 4.76931360312427E-001,
        "max_flow_turning_angle" : 9.00000000000000E+001
    },
    "solver_results" : {
        "solver_status_code" : 0,
        "system_dimension" : 26,
        "timing" : {
            "system_sorting" : 3.10000000000000E-006,
            "preconditioner" : 5.80000000000000E-006,
            "matrix_solver" : 1.50000000000000E-005
        },
        "iterations" : 6,
        "residual" : {
            "max" : 8.88178419700125E-016,
            "norm" : 1.64859708161796E-015
        }
    },
    "pressure_calculations" : {
        "incompressible_rule" : {
            "max" : 6.04057235990837E-001,
            "min" : -7.64615113703123E-001
        }
    },
    "total_forces" : {
        "Cx" : -9.50632628171633E-012,
        "Cy" : -1.52655665885959E-016,
        "Cz" : -5.20417042793042E-017
    },
    "total_moments" : {
        "CMx" : -1.56125112837913E-017,
        "CMy" : 1.07552855510562E-016,
        "CMz" : 2.84494650060196E-016
    },
    "CF_sensitivities" : {
        "d_CFx" : [
                4.87518714619122E-001,
                -3.82330109253819E-002,
                -1.20050314602842E-001,
                -1.97213458817188E-001,
                -1.20050314602837E-001,
                -3.82330109253813E-002,
                -1.20050314602841E-001,
                -1.97213458817189E-001,
                -1.20050314602841E-001,
                1.14796531481786E-001,
                1.16991210154511E-001,
                1.14796531484063E-001,
                1.16991210154512E-001,
                1.14796531481785E-001,
                1.16991210154513E-001,
                1.14796531484065E-001,
                1.16991210154512E-001,
                -1.97213458816369E-001,
                -1.20050314603638E-001,
                -3.82330109278326E-002,
                -1.20050314603650E-001,
                -1.97213458816384E-001,
                -1.20050314603656E-001,
                -3.82330109278330E-002,
                -1.20050314603644E-001,
                4.87518714630776E-001,
                2.09841950669195E-014,
                2.86972714213282E-002,
                2.36649538343262E-001,
                9.56212685294897E-015,
                -2.36649538343253E-001,
                -2.86972714213315E-002,
                -2.36649538343254E-001,
                7.98123293906740E-015,
                2.36649538343259E-001,
                3.03032182910463E-001,
                -9.29100963935194E-002,
                -1.05273441391985E-014,
                9.29100963934975E-002,
                -3.03032182910480E-001,
                9.29100963935007E-002,
                -9.18267073481322E-015,
                -9.29100963935162E-002,
                -4.49380148096181E-001,
                -1.07534739727895E-001,
                -1.18357039165719E-014,
                1.07534739727889E-001,
                4.49380148096180E-001,
                1.07534739727891E-001,
                -5.35200162375909E-015,
                -1.07534739727901E-001,
                1.01227557209225E-014,
                2.11428977387352E-014,
                -2.01799417276515E-015,
                -1.07534739724213E-001,
                -4.49380148092484E-001,
                -1.07534739724209E-001,
                -1.23904966780892E-015,
                1.07534739724219E-001,
                4.49380148092503E-001,
                1.07534739724215E-001,
                -1.03305159504893E-014,
                -9.29100963955204E-002,
                3.03032182907650E-001,
                -9.29100963955240E-002,
                -1.20754072705953E-014,
                9.29100963954982E-002,
                -3.03032182907672E-001,
                9.29100963955039E-002,
                2.05984886133710E-015,
                2.36649538346235E-001,
                2.86972714270814E-002,
                2.36649538346227E-001,
                3.39867324169801E-016,
                -2.36649538346247E-001,
                -2.86972714270924E-002,
                -2.36649538346240E-001,
                9.84593060101976E-015
            ],
        "d_CFy" : [
                -1.74531315629139E-017,
                -2.43127233412807E-001,
                -6.14992502763376E-002,
                -3.56765502773174E-016,
                6.14992502763385E-002,
                2.43127233412807E-001,
                6.14992502763364E-002,
                3.44146410595957E-017,
                -6.14992502763383E-002,
                1.30816012585964E-001,
                -3.24077178176391E-002,
                -4.72472027395334E-016,
                3.24077178176400E-002,
                -1.30816012585963E-001,
                3.24077178176377E-002,
                1.23449587296584E-015,
                -3.24077178176376E-002,
                1.52763320183544E-002,
                1.32745868615052E-001,
                -5.95265606095236E-015,
                -1.32745868615054E-001,
                -1.52763320183555E-002,
                -1.32745868615046E-001,
                1.09713061706774E-014,
                1.32745868615057E-001,
                -9.42889296924727E-016,
                5.43194414993814E-002,
                3.36914137097304E-001,
                4.15855005058766E-002,
                8.75149065123600E-002,
                4.15855005058959E-002,
                3.36914137097335E-001,
                4.15855005058963E-002,
                8.75149065123603E-002,
                4.15855005058759E-002,
                -3.84352413083431E-001,
                -2.73222497304893E-001,
                -1.31026216550498E-001,
                -2.73222497304879E-001,
                -3.84352413083444E-001,
                -2.73222497304880E-001,
                -1.31026216550499E-001,
                -2.73222497304891E-001,
                -8.95044519152718E-002,
                2.22440486048853E-001,
                1.49112304088437E-001,
                2.22440486048837E-001,
                -8.95044519152910E-002,
                2.22440486048840E-001,
                1.49112304088440E-001,
                2.22440486048859E-001,
                4.51500692034193E-002,
                -8.45677694538710E-017,
                -1.31492039479042E-014,
                -6.35619273561927E-004,
                -1.43319198611479E-016,
                6.35619273562177E-004,
                1.53742036462789E-014,
                -6.35619273541721E-004,
                -4.27404824984894E-016,
                6.35619273541138E-004,
                7.90340015655033E-015,
                1.37986740024493E-001,
                -8.11605761037301E-016,
                -1.37986740024491E-001,
                -3.79936967304095E-015,
                1.37986740024505E-001,
                -3.41418062644220E-015,
                -1.37986740024503E-001,
                1.09530440273176E-014,
                -2.08847230600249E-002,
                -2.89479380852387E-015,
                2.08847230600195E-002,
                -1.25785680157343E-014,
                -2.08847230600375E-002,
                3.46161470429929E-015,
                2.08847230600424E-002,
                -6.93542445695528E-015
            ],