{
    "info" : {
        "generated_by" : "MachLine (c) 2023 USU Aerolab",
        "executed" : "Fri Jul 12 13:56:35 2024"
    },
    "mesh_info" : {
        "N_body_panels" : 48,
        "N_body_vertices" : 26,
        "N_wake_panels" : 0,
        "N_wake_filaments" : 0,
        "average_characteristic_length" : 4.76931360312427E-001,
        "max_flow_turning_angle" : 9.00000000000000E+001
    },
    "solver_results" : {
        "solver_status_code" : 0,
        "system_dimension" : 26,
        "timing" : {
            "system_sorting" : 2.90000000000000E-006,
            "preconditioner" : 8.10000000000000E-006,
            "matrix_solver" : 1.41000000000000E-005
        },
        "iterations" : 7,
        "residual" : {
            "max" : 5.04041253179821E-014,
            "norm" : 1.33258227123426E-013
        }
    },
    "pressure_calculations" : {
        "incompressible_rule" : {
            "max" : 5.66421319740930E-001,
            "min" : -8.53498617795678E-001
        }
    },
    "total_forces" : {
        "Cx" : -1.52719226154119E-011,
        "Cy" : -1.45716771982052E-015,
        "Cz" : 4.65946725647370E-015
    },
    "total_moments" : {
        "CMx" : -2.60208521396521E-018,
        "CMy" : -1.00197627972420E-014,
        "CMz" : -2.03309591384482E-015
    },
    "CF_sensitivities" : {
        "d_CFx" : [
                5.51894789778832E-001,
                -1.20340883842419E-001,
                -2.08396315593548E-001,
                -2.21844041858782E-001,
                -2.08396315593452E-001,
                -1.20340883842165E-001,
                -2.08396315593880E-001,
                -2.21844041859199E-001,
                -2.08396315593986E-001,
                2.35396248392127E-001,
                2.47633913600515E-001,
                2.35396248394844E-001,
                2.47633913600396E-001,
                2.35396248392046E-001,
                2.47633913600119E-001,
                2.35396248394486E-001,
                2.47633913600219E-001,
                -2.21844041856501E-001,
                -2.08396315593550E-001,
                -1.20340883844888E-001,
                -2.08396315593852E-001,
                -2.21844041856824E-001,
                -2.08396315593776E-001,
                -1.20340883844693E-001,
                -2.08396315593461E-001,
                5.51894789801447E-001,
                8.77434288039504E-013,
                -2.13995503499350E-001,
                1.48866961217903E-001,
                -8.08835491881359E-014,
                -1.48866961217596E-001,
                2.13995503499739E-001,
                -1.48866961217650E-001,
                -7.91295433393791E-014,
                1.48866961217963E-001,
                3.63413628587296E-001,
                -1.40384192495859E-001,
                -2.25021356040550E-013,
                1.40384192495086E-001,
                -3.63413628588309E-001,
                1.40384192495314E-001,
                -2.26088345509042E-013,
                -1.40384192496121E-001,
                -2.91285856499331E-001,
                4.79984159279384E-002,
                2.09159296115343E-014,
                -4.79984159276690E-002,
                2.91285856499279E-001,
                -4.79984159276584E-002,
                2.06386651614085E-014,
                4.79984159279396E-002,
                8.84208143538242E-013,
                1.06235083997781E-012,
                2.08746493751558E-014,
                4.79984159308874E-002,
                -2.91285856496789E-001,
                4.79984159308637E-002,
                2.50183843492175E-014,
                -4.79984159305700E-002,
                2.91285856496676E-001,
                -4.79984159305898E-002,
                -2.57711420950808E-013,
                -1.40384192493825E-001,
                3.63413628592340E-001,
                -1.40384192494022E-001,
                -2.58523909432303E-013,
                1.40384192493106E-001,
                -3.63413628593637E-001,
                1.40384192492884E-001,
                -1.14177295663220E-013,
                1.48866961220788E-001,
                -2.13995503497675E-001,
                1.48866961220840E-001,
                -1.12110769540232E-013,
                -1.48866961220474E-001,
                2.13995503498273E-001,
                -1.48866961220391E-001,
                1.04732235054250E-012
            ],
        "d_CFy" : [
                -2.21332232484991E-013,
                -2.65531050054340E-001,
                6.96067918999377E-003,
                -3.04914788797184E-013,
                -6.96067918981025E-003,
                2.65531050054699E-001,
                -6.96067919006849E-003,
                -3.00297822265873E-013,
                6.96067919024501E-003,
                1.76873681584747E-001,
                -2.51005522833883E-002,
                -9.63746570133921E-014,
                2.51005522833971E-002,
                -1.76873681584521E-001,
                2.51005522832308E-002,
                -1.03892948558276E-013,
                -2.51005522832338E-002,
                -1.64477913303658E-001,
                1.54963449696478E-001,
                5.01807520253859E-014,
                -1.54963449696531E-001,
                1.64477913304122E-001,
                -1.54963449697204E-001,
                3.90126022870748E-014,
                1.54963449697170E-001,
                -2.74350796884545E-013,
                -2.46884282911530E-001,
                2.92501451385001E-001,
                7.36418911608570E-002,
                2.97204141956073E-002,
                7.36418911619676E-002,
                2.92501451385693E-001,
                7.36418911617883E-002,
                2.97204141954568E-002,
                7.36418911606951E-002,
                -1.68532109593869E-001,
                -2.22380917570938E-001,
                -9.86277034289669E-002,
                -2.22380917571087E-001,
                -1.68532109593667E-001,
                -2.22380917571264E-001,
                -9.86277034290434E-002,
                -2.22380917571121E-001,
                -2.53078263766567E-002,
                2.44519557548265E-001,
                8.00078191255945E-002,
                2.44519557548085E-001,
                -2.53078263786156E-002,
                2.44519557548892E-001,
                8.00078191256164E-002,
                2.44519557549078E-001,
                -3.55761932255822E-001,
                -2.29243707350278E-015,
                1.64805669111701E-013,
                -4.47661254475956E-002,
                -2.29719183086344E-013,
                4.47661254477577E-002,
                -1.61948471126549E-013,
                -4.47661254461987E-002,
                2.24975581741289E-013,
                4.47661254460734E-002,
                -2.90796466767552E-013,
                1.00809427731771E-001,
                5.67668203265552E-014,
                -1.00809427731780E-001,
                2.89431591757663E-013,
                1.00809427731403E-001,
                -5.26867507110541E-014,
                -1.00809427731429E-001,
                9.16371145631701E-013,
                -1.32376960151953E-001,
                -6.83158812288950E-014,
                1.32376960151888E-001,
                -8.99912333237120E-013,
                -1.32376960152183E-001,
                3.81603156842637E-014,
                1.32376960152249E-001,
                -3.34628158511841E-015
            ],