{
    "info" : {
        "generated_by" : "MachLine (c) 2023 USU Aerolab",
        "executed" : "Fri Jul 12 13:56:04 2024"
    },
    "mesh_info" : {
        "N_body_panels" : 48,
        "N_body_vertices" : 26,
        "N_wake_panels" : 0,
        "N_wake_filaments" : 0,
        "average_characteristic_length" : 4.76931360312427E-001,
        "max_flow_turning_angle" : 9.00000000000000E+001
    },
    "solver_results" : {
        "solver_status_code" : 0,
        "system_dimension" : 26,
        "timing" : {
            "system_sorting" : 2.00000000000000E-006,
            "preconditioner" : 5.40000000000000E-006,
            "matrix_solver" : 1.44000000000000E-005
        },
        "iterations" : 6,
        "residual" : {
            "max" : 8.88178419700125E-016,
            "norm" : 2.86197414071528E-015
        }
    },
    "pressure_calculations" : {
        "incompressible_rule" : {
            "max" : 6.42659163149275E-001,
            "min" : -6.54313128329616E-001
        }
    },
    "total_forces" : {
        "Cx" : -7.51380901942156E-012,
        "Cy" : -4.02455846426619E-016,
        "Cz" : 1.06858966120171E-015
    },
    "total_moments" : {
        "CMx" : 1.42247325030098E-016,
        "CMy" : -1.06512021424976E-015,
        "CMz" : -2.84494650060196E-016
    },
    "CF_sensitivities" : {
        "d_CFx" : [
                5.66685941537228E-001,
                -2.29106017358759E-002,
                -9.50646999618107E-002,
                -1.68076344920212E-001,
                -9.50646999617464E-002,
                -2.29106017358968E-002,
                -9.50646999617402E-002,
                -1.68076344920189E-001,
                -9.50646999617476E-002,
                4.93454171111094E-002,
                4.84279586990666E-002,
                4.93454171138885E-002,
                4.84279586989544E-002,
                4.93454171111094E-002,
                4.84279586991168E-002,
                4.93454171139178E-002,
                4.84279586990497E-002,
                -1.68076344920912E-001,
                -9.50646999624133E-002,
                -2.29106017383480E-002,
                -9.50646999626832E-002,
                -1.68076344921530E-001,
                -9.50646999625376E-002,
                -2.29106017385310E-002,
                -9.50646999626283E-002,
                5.66685941542977E-001,
                1.29036723477140E-014,
                1.40471312280165E-001,
                2.65542350004960E-001,
                -2.24625477182311E-014,
                -2.65542350004994E-001,
                -1.40471312280244E-001,
                -2.65542350005022E-001,
                -6.32794002430007E-014,
                2.65542350004933E-001,
                2.34875095542444E-001,
                -6.72564008267606E-002,
                1.16275099767519E-014,
                6.72564008266792E-002,
                -2.34875095542532E-001,
                6.72564008267759E-002,
                -1.36775427289585E-015,
                -6.72564008267972E-002,
                -4.76816819116380E-001,
                -1.69219685469155E-001,
                -5.00866860050904E-013,
                1.69219685468761E-001,
                4.76816819115806E-001,
                1.69219685468957E-001,
                -1.06639117621865E-013,
                -1.69219685469555E-001,
                1.66093052542381E-014,
                5.69867197842190E-015,
                7.45330712873872E-015,
                -1.69219685465937E-001,
                -4.76816819111689E-001,
                -1.69219685465837E-001,
                -4.06106938769186E-014,
                1.69219685465833E-001,
                4.76816819111641E-001,
                1.69219685465769E-001,
                2.15014955919854E-014,
                -6.72564008301434E-002,
                2.34875095537171E-001,
                -6.72564008300995E-002,
                -1.04508368246572E-013,
                6.72564008300937E-002,
                -2.34875095537198E-001,
                6.72564008300063E-002,
                -2.91068967881193E-013,
                2.65542350007672E-001,
                1.40471312285478E-001,
                2.65542350007360E-001,
                -3.18599971192136E-013,
                -2.65542350008359E-001,
                -1.40471312286000E-001,
                -2.65542350007970E-001,
                2.47299849790513E-014
            ],
        "d_CFy" : [
                2.07129447374051E-017,
                -2.62670592922414E-001,
                -1.13640978032829E-001,
                -6.34916873092072E-017,
                1.13640978032817E-001,
                2.62670592922414E-001,
                1.13640978032833E-001,
                2.36859062601028E-015,
                -1.13640978032819E-001,
                1.04573661425278E-001,
                -3.10532977450386E-002,
                1.71888920122470E-015,
                3.10532977449883E-002,
                -1.04573661425120E-001,
                3.10532977449704E-002,
                -1.10871006461750E-015,
                -3.10532977449414E-002,
                1.18874495876127E-001,
                1.55298726382669E-001,
                -1.95306147128709E-013,
                -1.55298726382484E-001,
                -1.18874495876245E-001,
                -1.55298726382337E-001,
                4.70945628842752E-013,
                1.55298726382209E-001,
                -8.76353042536012E-014,
                1.89951726429053E-001,
                2.94682165949745E-001,
                5.11616818587866E-002,
                1.04373456371496E-001,
                5.11616818588102E-002,
                2.94682165949767E-001,
                5.11616818588001E-002,
                1.04373456371493E-001,
                5.11616818587922E-002,
                -4.62218729633751E-001,
                -2.97983738137812E-001,
                -1.35646571886833E-001,
                -2.97983738137765E-001,
                -4.62218729633584E-001,
                -2.97983738137728E-001,
                -1.35646571886835E-001,
                -2.97983738137788E-001,
                -6.23225313930652E-002,
                1.98867134581334E-001,
                1.66944555510018E-001,
                1.98867134581517E-001,
                -6.23225313929786E-002,
                1.98867134581534E-001,
                1.66944555510210E-001,
                1.98867134581502E-001,
                1.90243270524433E-001,
                2.40237517379338E-015,
                -1.11026639271206E-014,
                9.30700625198599E-003,
                2.50257161202984E-015,
                -9.30700625197489E-003,
                9.93481555702780E-015,
                9.30700625200043E-003,
                -1.00846959539949E-016,
                -9.30700625199404E-003,
                -1.87384829875015E-014,
                1.62882367423284E-001,
                2.18215897817857E-015,
                -1.62882367423346E-001,
                1.29244379955262E-013,
                1.62882367423394E-001,
                -2.23656173800755E-016,
                -1.62882367423365E-001,
                -3.71395622589255E-014,
                1.10666192350945E-002,
                -1.19210568287385E-013,
                -1.10666192351482E-002,
                4.83209358756367E-014,
                1.10666192352150E-002,
                6.41378684146800E-014,
                -1.10666192350891E-002,
                -2.53875045985730E-013
            ],