{
    "info" : {
        "generated_by" : "MachLine (c) 2023 USU Aerolab",
        "executed" : "Fri Jul 12 13:54:39 2024"
    },
    "mesh_info" : {
        "N_body_panels" : 48,
        "N_body_vertices" : 26,
        "N_wake_panels" : 0,
        "N_wake_filaments" : 0,
        "average_characteristic_length" : 4.76931360312427E-001,
        "max_flow_turning_angle" : 9.00000000000000E+001
    },
    "solver_results" : {
        "solver_status_code" : 0,
        "system_dimension" : 26,
        "timing" : {
            "system_sorting" : 2.30000000000000E-006,
            "preconditioner" : 6.70000000000000E-006,
            "matrix_solver" : 1.52000000000000E-005
        },
        "iterations" : 6,
        "residual" : {
            "max" : 1.33385993606831E-014,
            "norm" : 2.09430683085615E-014
        }
    },
    "pressure_calculations" : {
        "incompressible_rule" : {
            "max" : 6.44562147031536E-001,
            "min" : -6.48259127378943E-001
        }
    },
    "total_forces" : {
        "Cx" : 2.37591763080358E-006,
        "Cy" : -9.15933995315754E-016,
        "Cz" : 1.19348975147204E-015
    },
    "total_moments" : {
        "CMx" : -1.89878390788323E-011,
        "CMy" : -9.40220123979429E-016,
        "CMz" : -1.09634523681734E-015
    },
    "CF_sensitivities" : {
        "d_CFx" : [
                8.42882535757074E-001,
                -4.27882917452040E-002,
                -1.07861349753046E-001,
                -1.52917640716250E-001,
                -8.68973781652435E-002,
                -4.27884269127916E-002,
                -1.07861083502837E-001,
                -1.52917016803292E-001,
                -8.68967497862929E-002,
                1.66429433015318E-002,
                -1.88619846776894E-003,
                -1.57830951415876E-002,
                1.28113257908025E-003,
                1.66422549556307E-002,
                -1.88571991991338E-003,
                -1.57829043774955E-002,
                1.28180459345129E-003,
                -3.41544120948498E-001,
                -2.54019619401336E-001,
                -1.91040732616647E-001,
                -2.78143908903969E-001,
                -3.41551334712073E-001,
                -2.54020483726792E-001,
                -1.91040377793573E-001,
                -2.78145934812955E-001,
                2.06700316454828E+000,
                -1.46594054450727E-007,
                2.79184932399124E-001,
                3.27550650044243E-001,
                -6.33677509261071E-004,
                -3.13508280916666E-001,
                -2.79185447792877E-001,
                -3.27551468660062E-001,
                6.32919717488294E-004,
                3.13508028857207E-001,
                -1.31315372464384E-001,
                -2.96716346772071E-001,
                -1.44497059761198E-002,
                3.17863226488608E-001,
                1.31314441658912E-001,
                2.96715841941769E-001,
                1.44495999764002E-002,
                -3.17863895247046E-001,
                -1.70049842927898E-001,
                4.98512694717769E-002,
                -2.27709799980510E-002,
                -6.52953893233447E-002,
                1.70047095093463E-001,
                -4.98566363298079E-002,
                2.27644856559856E-002,
                6.52866294343153E-002,
                -4.76899456625628E-006,
                -3.59577679709585E-007,
                1.97060179232305E-002,
                -2.42986387251897E-001,
                -5.29610025774966E-001,
                -2.56021618205681E-001,
                -1.97063900412538E-002,
                2.42985269913670E-001,
                5.29609377026735E-001,
                2.56020881835952E-001,
                1.66943932643103E-002,
                1.74225937497417E-001,
                5.63940737280900E-001,
                1.92361509531498E-001,
                -1.66952002099445E-002,
                -1.74226326374894E-001,
                -5.63940596137364E-001,
                -1.92362439674751E-001,
                6.46760022600890E-004,
                3.46294789471961E-002,
                -1.90542811625689E-001,
                5.07131315910155E-002,
                -6.51966931196071E-004,
                -3.46365902611253E-002,
                1.90538477343856E-001,
                -5.07207876144060E-002,
                -6.14178818713060E-007
            ],
        "d_CFy" : [
                -1.48881778086625E-016,
                -2.59506468722301E-001,
                -1.12165521582628E-001,
                -2.84741289748129E-005,
                1.12285689563620E-001,
                2.59506454468905E-001,
                1.12165544363715E-001,
                2.85096615016882E-005,
                -1.12285694964353E-001,
                -1.32107451071013E-001,
                -1.75634687681850E-001,
                -1.48119563853885E-004,
                1.74774346581795E-001,
                1.32108482682214E-001,
                1.75633866262145E-001,
                1.48113811072628E-004,
                -1.74773825852311E-001,
                5.26524835396019E-001,
                4.20542419431786E-001,
                1.38930375220681E-003,
                -4.07800067120475E-001,
                -5.26522298662817E-001,
                -4.20538175478827E-001,
                -1.38806049358858E-003,
                4.07797676273296E-001,
                -6.56166965704967E-007,
                2.00415885344464E-001,
                2.83899629064868E-001,
                5.02484789596854E-002,
                1.09962028124239E-001,
                5.03943935526310E-002,
                2.83899647605532E-001,
                5.02484742640394E-002,
                1.09962003137874E-001,
                5.03943599948237E-002,
                -6.27767591912759E-001,
                -3.37887837281345E-001,
                -1.34703747037432E-001,
                -3.37073612634972E-001,
                -6.27766038826355E-001,
                -3.37887222808906E-001,
                -1.34703758909400E-001,
                -3.37073767980782E-001,
                6.26816138409799E-001,
                2.77354858693353E-001,
                -2.30411701906173E-001,
                2.88221080603307E-001,
                6.26816974635692E-001,
                2.77357023179699E-001,
                -2.30410218713491E-001,
                2.88221273529827E-001,
                -2.38534243512857E-001,
                -5.29783327850031E-005,
                -1.69213008318674E-004,
                1.58444917585146E-002,
                5.71368387342694E-006,
                -1.59416519647056E-002,
                -1.69205964573130E-004,
                1.58444821687785E-002,
                5.68428268482643E-006,
                -1.59416878923202E-002,
                7.58321091366736E-003,
                2.15977362372154E-001,
                1.39736476149162E-004,
                -2.14525841012197E-001,
                7.58448420928373E-003,
                2.15978328991360E-001,
                1.39721996257324E-004,
                -2.14525664067622E-001,
                -1.46451687694472E-003,
                -4.89873785821418E-001,
                2.42627907999600E-003,
                4.81941499038998E-001,
                -1.46441814407183E-003,
                -4.89872326304864E-001,
                2.42791407099375E-003,
                4.81942288705247E-001,
                -3.84252717923916E-003
            ],