{
    "info" : {
        "generated_by" : "MachLine (c) 2023 USU Aerolab",
        "executed" : "Fri Jul 12 13:55:10 2024"
    },
    "mesh_info" : {
        "N_body_panels" : 48,
        "N_body_vertices" : 26,
        "N_wake_panels" : 0,
        "N_wake_filaments" : 0,
        "average_characteristic_length" : 4.76931360312427E-001,
        "max_flow_turning_angle" : 9.00000000000000E+001
    },
    "solver_results" : {
        "solver_status_code" : 0,
        "system_dimension" : 26,
        "timing" : {
            "system_sorting" : 2.00000000000000E-006,
            "preconditioner" : 5.80000000000000E-006,
            "matrix_solver" : 1.45000000000000E-005
        },
        "iterations" : 6,
        "residual" : {
            "max" : 4.44089209850063E-016,
            "norm" : 1.10890746251178E-015
        }
    },
    "pressure_calculations" : {
        "incompressible_rule" : {
            "max" : 6.44561921397334E-001,
            "min" : -6.48258556644435E-001
        }
    },
    "total_forces" : {
        "Cx" : 1.57894644581269E-009,
        "Cy" : -2.08166817117217E-017,
        "Cz" : -7.70217223333702E-016
    },
    "total_moments" : {
        "CMx" : -2.70738292895700E-014,
        "CMy" : 6.52256026967279E-016,
        "CMz" : -1.66533453693773E-016
    },
    "CF_sensitivities" : {
        "d_CFx" : [
                8.03955082795839E-001,
                -4.08002312998811E-002,
                -9.74849582055871E-002,
                -1.37045027183455E-001,
                -7.77618562452044E-002,
                -4.08002317525135E-002,
                -9.74849564320339E-002,
                -1.37045027134112E-001,
                -7.77618557624313E-002,
                2.22472997310654E-002,
                -2.24951325285017E-003,
                -2.12456636334182E-002,
                1.57752934634048E-003,
                2.22472980773634E-002,
                -2.24951056655875E-003,
                -2.12456632305267E-002,
                1.57753121328263E-003,
                -3.18410201474335E-001,
                -2.29784532669871E-001,
                -1.63417278095096E-001,
                -2.54357821648568E-001,
                -3.18410215131353E-001,
                -2.29784542571101E-001,
                -1.63417289493535E-001,
                -2.54357802484922E-001,
                1.81862638469645E+000,
                -3.45569121979078E-010,
                2.86653165540925E-001,
                3.11178422229406E-001,
                -2.55630733030597E-003,
                -3.00862315490142E-001,
                -2.86653166984552E-001,
                -3.11178424676663E-001,
                2.55630464987439E-003,
                3.00862311993949E-001,
                -1.21988398301837E-001,
                -2.72670388545825E-001,
                -1.58584048728865E-002,
                3.10541980573476E-001,
                1.21988396169210E-001,
                2.72670388024008E-001,
                1.58584050105901E-002,
                -3.10541983209813E-001,
                -1.74597941831100E-001,
                4.73406435906798E-002,
                -2.42033429149515E-002,
                -6.52174611252249E-002,
                1.74597929490763E-001,
                -4.73406545822915E-002,
                2.42033264764278E-002,
                6.52174399317177E-002,
                -1.14881315762642E-008,
                -4.53675882540828E-010,
                2.10613940912611E-002,
                -2.39127768661969E-001,
                -4.98842346206381E-001,
                -2.56981446136854E-001,
                -2.10613956609421E-002,
                2.39127766744672E-001,
                4.98842344167980E-001,
                2.56981444204743E-001,
                1.87962472940667E-002,
                1.55158470265625E-001,
                5.36338337499760E-001,
                1.89275111855965E-001,
                -1.87962492021852E-002,
                -1.55158471051658E-001,
                -5.36338338421941E-001,
                -1.89275114628014E-001,
                3.27966133979006E-003,
                4.44227874140043E-002,
                -2.00916042326296E-001,
                5.69959182217110E-002,
                -3.27967708498778E-003,
                -4.44228083629321E-002,
                2.00916031374088E-001,
                -5.69959408518672E-002,
                -6.41880255223333E-009
            ],
        "d_CFy" : [
                -1.59840729690805E-016,
                -2.60117820855429E-001,
                -1.12195902511849E-001,
                -7.22031248532960E-005,
                1.12361979107302E-001,
                2.60117820809731E-001,
                1.12195902505867E-001,
                7.22031620208145E-005,
                -1.12361979104635E-001,
                -1.45074912875800E-001,
                -1.68130824128145E-001,
                -1.62665861000479E-004,
                1.65651161412977E-001,
                1.45074915758023E-001,
                1.68130822574586E-001,
                1.62665849234005E-004,
                -1.65651160054076E-001,
                5.31215414554251E-001,
                4.04869288253829E-001,
                8.36057862443812E-004,
                -3.84915858789702E-001,
                -5.31215415578190E-001,
                -4.04869280748392E-001,
                -8.36055340684643E-004,
                3.84915856875949E-001,
                2.67812962135611E-010,
                2.00724470644724E-001,
                2.85143453997204E-001,
                4.99003553523344E-002,
                1.09605707838641E-001,
                5.01392366568820E-002,
                2.85143454067683E-001,
                4.99003553276081E-002,
                1.09605707779480E-001,
                5.01392365638599E-002,
                -6.55775007339661E-001,
                -3.18804724880844E-001,
                -1.34507579275827E-001,
                -3.17632134308219E-001,
                -6.55775001896991E-001,
                -3.18804723552549E-001,
                -1.34507579301494E-001,
                -3.17632134992750E-001,
                6.52863082632346E-001,
                2.55612387922334E-001,
                -2.25861162318272E-001,
                2.61177361843966E-001,
                6.52863082295730E-001,
                2.55612394367596E-001,
                -2.25861157513557E-001,
                2.61177365357309E-001,
                -2.60191374154410E-001,
                -2.31526759930559E-004,
                -1.68666422033092E-004,
                1.56591368326769E-002,
                -1.32923582383380E-005,
                -1.56546056027873E-002,
                -1.68666358044892E-004,
                1.56591368108186E-002,
                -1.32924193401268E-005,
                -1.56546056943760E-002,
                1.04730049507670E-002,
                2.06498069765721E-001,
                1.44105346465721E-004,
                -2.01729010804212E-001,
                1.04730097199699E-002,
                2.06498072493992E-001,
                1.44105310046806E-004,
                -2.01729012060330E-001,
                -1.23827890301706E-003,
                -4.69197074692947E-001,
                5.80597853952147E-003,
                4.58857571490223E-001,
                -1.23827587306512E-003,
                -4.69197071103908E-001,
                5.80598171239053E-003,
                4.58857572671400E-001,
                -1.52612140213573E-002
            ],