{
    "info" : {
        "generated_by" : "MachLine (c) 2023 USU Aerolab",
        "executed" : "Fri Jul 12 13:56:21 2024"
    },
    "mesh_info" : {
        "N_body_panels" : 48,
        "N_body_vertices" : 26,
        "N_wake_panels" : 0,
        "N_wake_filaments" : 0,
        "average_characteristic_length" : 4.76931360312427E-001,
        "max_flow_turning_angle" : 9.00000000000000E+001
    },
    "solver_results" : {
        "solver_status_code" : 0,
        "system_dimension" : 26,
        "timing" : {
            "system_sorting" : 2.00000000000000E-006,
            "preconditioner" : 5.80000000000000E-006,
            "matrix_solver" : 1.52000000000000E-005
        },
        "iterations" : 6,
        "residual" : {
            "max" : 8.88178419700125E-016,
            "norm" : 2.30371277609720E-015
        }
    },
    "pressure_calculations" : {
        "incompressible_rule" : {
            "max" : 6.20858275869959E-001,
            "min" : -7.20073707377757E-001
        }
    },
    "total_forces" : {
        "Cx" : -8.50346182357242E-012,
        "Cy" : 2.35228503342455E-015,
        "Cz" : 1.56125112837913E-016
    },
    "total_moments" : {
        "CMx" : 5.98479599211998E-017,
        "CMy" : -1.49186218934005E-016,
        "CMz" : 2.59514632006130E-015
    },
    "CF_sensitivities" : {
        "d_CFx" : [
                5.10896814112507E-001,
                -2.79925356701297E-002,
                -1.06627503250700E-001,
                -1.84215859532859E-001,
                -1.06627503250699E-001,
                -2.79925356701315E-002,
                -1.06627503250698E-001,
                -1.84215859532858E-001,
                -1.06627503250698E-001,
                8.47910098819455E-002,
                8.52239847644187E-002,
                8.47910098851390E-002,
                8.52239847644121E-002,
                8.47910098819440E-002,
                8.52239847644194E-002,
                8.47910098851385E-002,
                8.52239847644163E-002,
                -1.84215859532355E-001,
                -1.06627503251542E-001,
                -2.79925356724159E-002,
                -1.06627503251558E-001,
                -1.84215859532371E-001,
                -1.06627503251559E-001,
                -2.79925356724220E-002,
                -1.06627503251554E-001,
                5.10896814121253E-001,
                1.82942694171125E-014,
                8.28040951478772E-002,
                2.52520951723199E-001,
                6.22613754114392E-015,
                -2.52520951723196E-001,
                -8.28040951478819E-002,
                -2.52520951723196E-001,
                5.06086247803241E-015,
                2.52520951723198E-001,
                2.73847638671724E-001,
                -8.10938297404418E-002,
                -8.77139411100069E-015,
                8.10938297404257E-002,
                -2.73847638671744E-001,
                8.10938297404249E-002,
                -1.17203762607390E-014,
                -8.10938297404444E-002,
                -4.68041090171677E-001,
                -1.38430932618923E-001,
                -2.16254616153509E-014,
                1.38430932618895E-001,
                4.68041090171659E-001,
                1.38430932618905E-001,
                -7.73099549062746E-015,
                -1.38430932618926E-001,
                3.52386499736823E-015,
                1.78871040974055E-014,
                -2.01963690879807E-016,
                -1.38430932615294E-001,
                -4.68041090167747E-001,
                -1.38430932615289E-001,
                -3.76812972276281E-015,
                1.38430932615296E-001,
                4.68041090167758E-001,
                1.38430932615294E-001,
                -9.84166016413175E-015,
                -8.10938297431222E-002,
                2.73847638667820E-001,
                -8.10938297431222E-002,
                -1.03073565277745E-014,
                8.10938297431036E-002,
                -2.73847638667837E-001,
                8.10938297431006E-002,
                -5.48338980087765E-015,
                2.52520951726216E-001,
                8.28040951534071E-002,
                2.52520951726193E-001,
                -8.46611948906669E-015,
                -2.52520951726241E-001,
                -8.28040951534382E-002,
                -2.52520951726225E-001,
                1.06525912586434E-014
            ],
        "d_CFy" : [
                -3.95191573465506E-017,
                -2.50613393029997E-001,
                -8.45321486191434E-002,
                -4.26502845720352E-017,
                8.45321486191434E-002,
                2.50613393029998E-001,
                8.45321486191435E-002,
                2.80008281959651E-016,
                -8.45321486191429E-002,
                1.19372277199705E-001,
                -3.25639032719437E-002,
                6.90040721727873E-016,
                3.25639032719424E-002,
                -1.19372277199700E-001,
                3.25639032719403E-002,
                2.42482064925856E-016,
                -3.25639032719406E-002,
                6.27876197099482E-002,
                1.41446995572130E-001,
                -2.87682444892969E-015,
                -1.41446995572139E-001,
                -6.27876197099475E-002,
                -1.41446995572121E-001,
                1.08691243747105E-014,
                1.41446995572136E-001,
                -3.69747970238305E-015,
                1.24269091059062E-001,
                3.18770017150757E-001,
                4.34445180639325E-002,
                9.70312829413855E-002,
                4.34445180639505E-002,
                3.18770017150779E-001,
                4.34445180639509E-002,
                9.70312829413856E-002,
                4.34445180639325E-002,
                -4.22279645419182E-001,
                -2.84416709717318E-001,
                -1.34211877980361E-001,
                -2.84416709717308E-001,
                -4.22279645419186E-001,
                -2.84416709717306E-001,
                -1.34211877980361E-001,
                -2.84416709717317E-001,
                -8.38666428321840E-002,
                2.11353139783572E-001,
                1.60849851275834E-001,
                2.11353139783560E-001,
                -8.38666428322002E-002,
                2.11353139783565E-001,
                1.60849851275842E-001,
                2.11353139783581E-001,
                1.21621146147609E-001,
                -1.12540185503996E-016,
                -1.16438976516253E-014,
                6.74980790583901E-003,
                2.12053752661392E-016,
                -6.74980790583890E-003,
                1.26792023061317E-014,
                6.74980790585661E-003,
                2.21339165954753E-017,
                -6.74980790585622E-003,
                4.60742555219440E-015,
                1.48679178104213E-001,
                3.83951706204733E-016,
                -1.48679178104217E-001,
                -1.99807618367354E-015,
                1.48679178104227E-001,
                -5.20994860806903E-016,
                -1.48679178104226E-001,
                1.39007728938711E-014,
                -1.63984743901183E-003,
                -8.08380695226304E-015,
                1.63984743900789E-003,
                -7.72083575729682E-015,
                -1.63984743901641E-003,
                3.51497899740912E-015,
                1.63984743902551E-003,
                -7.48359707536395E-015
            ],