{
    "info" : {
        "generated_by" : "MachLine (c) 2023 USU Aerolab",
        "executed" : "Fri Jul 12 13:54:56 2024"
    },
    "mesh_info" : {
        "N_body_panels" : 48,
        "N_body_vertices" : 26,
        "N_wake_panels" : 0,
        "N_wake_filaments" : 0,
        "average_characteristic_length" : 4.76931360312427E-001,
        "max_flow_turning_angle" : 9.00000000000000E+001
    },
    "solver_results" : {
        "solver_status_code" : 0,
        "system_dimension" : 26,
        "timing" : {
            "system_sorting" : 2.00000000000000E-006,
            "preconditioner" : 6.60000000000000E-006,
            "matrix_solver" : 1.36000000000000E-005
        },
        "iterations" : 6,
        "residual" : {
            "max" : 4.44089209850063E-016,
            "norm" : 1.09007387080405E-015
        }
    },
    "pressure_calculations" : {
        "incompressible_rule" : {
            "max" : 6.44562109154103E-001,
            "min" : -6.48258119461694E-001
        }
    },
    "total_forces" : {
        "Cx" : 5.72796174796997E-008,
        "Cy" : 1.43635103810880E-015,
        "Cz" : -5.72458747072346E-016
    },
    "total_moments" : {
        "CMx" : -4.69126473778836E-013,
        "CMy" : 7.38992200766120E-016,
        "CMz" : 1.64451785522601E-015
    },
    "CF_sensitivities" : {
        "d_CFx" : [
                8.42882948919220E-001,
                -4.27876750005890E-002,
                -1.07859517284126E-001,
                -1.52918339003371E-001,
                -8.68956258556143E-002,
                -4.27876896379021E-002,
                -1.07859529826565E-001,
                -1.52918322708891E-001,
                -8.68956229735935E-002,
                1.66424063720150E-002,
                -1.88595130340818E-003,
                -1.57833179862099E-002,
                1.28236633946033E-003,
                1.66424000994714E-002,
                -1.88594728640967E-003,
                -1.57833128058471E-002,
                1.28239371796202E-003,
                -3.41540552547288E-001,
                -2.54018614864079E-001,
                -1.91035780909307E-001,
                -2.78141976749002E-001,
                -3.41540740015570E-001,
                -2.54018932164442E-001,
                -1.91036040113253E-001,
                -2.78142046045202E-001,
                2.06700163969214E+000,
                5.04720426093939E-010,
                2.79185227872581E-001,
                3.27550481040343E-001,
                -6.33720584791454E-004,
                -3.13507807693025E-001,
                -2.79185251516593E-001,
                -3.27550511714343E-001,
                6.33684322184403E-004,
                3.13507779343391E-001,
                -1.31317151075159E-001,
                -2.96715771481748E-001,
                -1.44500763244647E-002,
                3.17863044725433E-001,
                1.31317123557327E-001,
                2.96715764014435E-001,
                1.44500777449032E-002,
                -3.17863083150958E-001,
                -1.70047385183085E-001,
                4.98526587328100E-002,
                -2.27654976410703E-002,
                -6.52904584719414E-002,
                1.70047099507593E-001,
                -4.98528013699434E-002,
                2.27652723306271E-002,
                6.52901740576377E-002,
                -4.97424227305291E-008,
                -2.33194246731595E-009,
                1.97057964891223E-002,
                -2.42984880514800E-001,
                -5.29610508944754E-001,
                -2.56021018027246E-001,
                -1.97058221774814E-002,
                2.42984852549211E-001,
                5.29610479516030E-001,
                2.56020983780923E-001,
                1.66943082620435E-002,
                1.74226393170859E-001,
                5.63942528912192E-001,
                1.92361313335008E-001,
                -1.66943349745577E-002,
                -1.74226408780245E-001,
                -5.63942542241363E-001,
                -1.92361349298536E-001,
                6.49144182888219E-004,
                3.46330550670401E-002,
                -1.90542956125299E-001,
                5.07198391510288E-002,
                -6.49365610630143E-004,
                -3.46333468376575E-002,
                1.90542780868524E-001,
                -5.07200600198743E-002,
                -9.85993131064055E-008
            ],
        "d_CFy" : [
                -6.21759895376481E-017,
                -2.59506252185042E-001,
                -1.12165713316717E-001,
                -2.85097699594801E-005,
                1.12285907058428E-001,
                2.59506251887626E-001,
                1.12165714167135E-001,
                2.85103083959515E-005,
                -1.12285906940455E-001,
                -1.32105655938357E-001,
                -1.75634289748682E-001,
                -1.48070431843286E-004,
                1.74774283098733E-001,
                1.32105708062436E-001,
                1.75634266827372E-001,
                1.48070414563860E-004,
                -1.74774266238052E-001,
                5.26516407187070E-001,
                4.20544246072227E-001,
                1.39217804912709E-003,
                -4.07803041642337E-001,
                -5.26516192914928E-001,
                -4.20544151988756E-001,
                -1.39210364255904E-003,
                4.07802941620934E-001,
                -1.30523979978495E-008,
                2.00415881476378E-001,
                2.83900062873006E-001,
                5.02480793978720E-002,
                1.09962030459465E-001,
                5.03941510203799E-002,
                2.83900063706413E-001,
                5.02480791234254E-002,
                1.09962029558229E-001,
                5.03941497759401E-002,
                -6.27768105883719E-001,
                -3.37887302847259E-001,
                -1.34703606537153E-001,
                -3.37073483639624E-001,
                -6.27768031744823E-001,
                -3.37887276536739E-001,
                -1.34703607038281E-001,
                -3.37073489476638E-001,
                6.26815671933789E-001,
                2.77358035871785E-001,
                -2.30411059155893E-001,
                2.88223364945885E-001,
                6.26815719541562E-001,
                2.77358107399914E-001,
                -2.30410996967678E-001,
                2.88223337485949E-001,
                -2.38532011559891E-001,
                -5.30192818202022E-005,
                -1.69197198348109E-004,
                1.58450309548220E-002,
                5.70610699855352E-006,
                -1.59419687376755E-002,
                -1.69196753688882E-004,
                1.58450307426149E-002,
                5.70489923257605E-006,
                -1.59419697685150E-002,
                7.58319686346053E-003,
                2.15976731771148E-001,
                1.39876938440299E-004,
                -2.14524039011494E-001,
                7.58326307826258E-003,
                2.15976771863157E-001,
                1.39876386547826E-004,
                -2.14524046840883E-001,
                -1.46472583391449E-003,
                -4.89870807062829E-001,
                2.42713903144962E-003,
                4.81939831944269E-001,
                -1.46468416024114E-003,
                -4.89870734981286E-001,
                2.42719836239810E-003,
                4.81939856515333E-001,
                -3.84086649507002E-003
            ],