{
    "info" : {
        "generated_by" : "MachLine (c) 2023 USU Aerolab",
        "executed" : "Fri Jul 12 13:55:54 2024"
    },
    "mesh_info" : {
        "N_body_panels" : 48,
        "N_body_vertices" : 26,
        "N_wake_panels" : 0,
        "N_wake_filaments" : 0,
        "average_characteristic_length" : 4.76931360312427E-001,
        "max_flow_turning_angle" : 9.00000000000000E+001
    },
    "solver_results" : {
        "solver_status_code" : 0,
        "system_dimension" : 26,
        "timing" : {
            "system_sorting" : 1.18000000000000E-005,
            "preconditioner" : 5.10000000000000E-006,
            "matrix_solver" : 1.48000000000000E-005
        },
        "iterations" : 6,
        "residual" : {
            "max" : 6.66133814775094E-016,
            "norm" : 1.21827183668867E-015
        }
    },
    "pressure_calculations" : {
        "incompressible_rule" : {
            "max" : 6.44176949501503E-001,
            "min" : -6.49484489427374E-001
        }
    },
    "total_forces" : {
        "Cx" : -6.82187639711174E-012,
        "Cy" : 1.59594559789866E-016,
        "Cz" : 4.61436444609831E-016
    },
    "total_moments" : {
        "CMx" : 1.89084858881472E-016,
        "CMy" : -5.27355936696949E-016,
        "CMz" : 2.08166817117217E-016
    },
    "CF_sensitivities" : {
        "d_CFx" : [
                5.72108095096693E-001,
                -2.29477237564827E-002,
                -9.45442070076037E-002,
                -1.67054095708195E-001,
                -9.45442070072408E-002,
                -2.29477237563808E-002,
                -9.45442070073191E-002,
                -1.67054095708074E-001,
                -9.45442070073184E-002,
                4.70049124737812E-002,
                4.60302780759405E-002,
                4.70077755696725E-002,
                4.60302780759005E-002,
                4.70049124737617E-002,
                4.60302780762347E-002,
                4.70077755696892E-002,
                4.60302780762694E-002,
                -1.67052836386453E-001,
                -9.45442228888544E-002,
                -2.29484591342599E-002,
                -9.45442228888257E-002,
                -1.67052836389177E-001,
                -9.45442228916409E-002,
                -2.29484591354550E-002,
                -9.45442228910163E-002,
                5.72108362764372E-001,
                -7.01438676013208E-014,
                1.44005326689293E-001,
                2.66133025153063E-001,
                -2.17839876820442E-013,
                -2.66133025153524E-001,
                -1.44005326689644E-001,
                -2.66133025153519E-001,
                -3.76591776548587E-013,
                2.66133025153045E-001,
                2.32134500955612E-001,
                -6.63503315328044E-002,
                2.22613995296617E-013,
                6.63503315322770E-002,
                -2.32134500956187E-001,
                6.63503315327617E-002,
                -2.39816007553843E-013,
                -6.63503315330444E-002,
                -4.76805154833620E-001,
                -1.70994174371600E-001,
                -3.34061727839514E-012,
                1.70994174366687E-001,
                4.76805154828084E-001,
                1.70994174368405E-001,
                -1.03778623436897E-012,
                -1.70994174372002E-001,
                -9.20261066862945E-013,
                -8.52033512543028E-014,
                -1.91009229504855E-013,
                -1.70999081076927E-001,
                -4.76806335500765E-001,
                -1.70999081076198E-001,
                -1.63134512166597E-013,
                1.70999081075943E-001,
                4.76806335500440E-001,
                1.70999081075727E-001,
                -9.87093498973085E-014,
                -6.63504059417814E-002,
                2.32134049322703E-001,
                -6.63504059419328E-002,
                -3.24767525363649E-013,
                6.63504059414333E-002,
                -2.32134049322903E-001,
                6.63504059411523E-002,
                -1.81294671920716E-012,
                2.66129807887035E-001,
                1.44002126252198E-001,
                2.66129807884942E-001,
                -2.30419058473739E-012,
                -2.66129807891759E-001,
                -1.44002126255654E-001,
                -2.66129807889422E-001,
                -4.04402924694086E-013
            ],
        "d_CFy" : [
                -8.68165943069883E-017,
                -2.63712481658123E-001,
                -1.15708643262410E-001,
                9.98357621181817E-015,
                1.15708643262343E-001,
                2.63712481658123E-001,
                1.15708643262434E-001,
                9.86734973892773E-015,
                -1.15708643262359E-001,
                1.03491195377092E-001,
                -3.08694571611648E-002,
                -3.39530296789102E-014,
                3.08694571610390E-002,
                -1.03491195376470E-001,
                3.08694571608194E-002,
                3.42632362904017E-014,
                -3.08694571608006E-002,
                1.22683287984157E-001,
                1.56431607557823E-001,
                -1.17748985072222E-012,
                -1.56431607558451E-001,
                -1.22683287983151E-001,
                -1.56431607556564E-001,
                2.46342410849084E-012,
                1.56431607557245E-001,
                -3.99359643042682E-013,
                1.93389420509374E-001,
                2.93165503931877E-001,
                5.19652770412326E-002,
                1.04666485472232E-001,
                5.19652770412134E-002,
                2.93165503931914E-001,
                5.19652770412447E-002,
                1.04666485472217E-001,
                5.19652770411731E-002,
                -4.64791775083115E-001,
                -2.98963258379700E-001,
                -1.35659964464954E-001,
                -2.98963258379397E-001,
                -4.64791775081889E-001,
                -2.98963258379252E-001,
                -1.35659964464964E-001,
                -2.98963258379516E-001,
                -6.01188101516225E-002,
                1.98115382271945E-001,
                1.66950706162473E-001,
                1.98115382273128E-001,
                -6.01188101504651E-002,
                1.98115382273015E-001,
                1.66950706163425E-001,
                1.98115382273135E-001,
                1.93728124665416E-001,
                2.18197855617053E-014,
                -1.23542669150378E-014,
                9.11921614842592E-003,
                9.93264659522840E-015,
                -9.11921614850325E-003,
                1.35089422287349E-014,
                9.11921614843758E-003,
                -5.43277389854456E-015,
                -9.11921614853842E-003,
                -4.97036439783827E-013,
                1.63942435253407E-001,
                -6.89868788050493E-014,
                -1.63942435253489E-001,
                5.28409781208605E-013,
                1.63942435254141E-001,
                -7.94828993333777E-014,
                -1.63942435254024E-001,
                1.29152764871687E-013,
                1.13783853300426E-002,
                -7.50680732957077E-013,
                -1.13783853305572E-002,
                4.37642752102569E-013,
                1.13783853314557E-002,
                2.87026444383210E-013,
                -1.13783853303303E-002,
                -1.26528822141925E-012
            ],