{
    "info" : {
        "generated_by" : "MachLine (c) 2023 USU Aerolab",
        "executed" : "Fri Jul 12 13:55:53 2024"
    },
    "mesh_info" : {
        "N_body_panels" : 48,
        "N_body_vertices" : 26,
        "N_wake_panels" : 0,
        "N_wake_filaments" : 0,
        "average_characteristic_length" : 4.76931360312427E-001,
        "max_flow_turning_angle" : 9.00000000000000E+001
    },
    "solver_results" : {
        "solver_status_code" : 0,
        "system_dimension" : 26,
        "timing" : {
            "system_sorting" : 3.00000000000000E-006,
            "preconditioner" : 6.30000000000000E-006,
            "matrix_solver" : 1.42000000000000E-005
        },
        "iterations" : 6,
        "residual" : {
            "max" : 6.66133814775094E-016,
            "norm" : 1.39714707438558E-015
        }
    },
    "pressure_calculations" : {
        "incompressible_rule" : {
            "max" : 6.44251913901410E-001,
            "min" : -6.49245670405074E-001
        }
    },
    "total_forces" : {
        "Cx" : -7.21142590087709E-012,
        "Cy" : 4.51028103753970E-016,
        "Cz" : 2.04697370165263E-016
    },
    "total_moments" : {
        "CMx" : -3.98986399474666E-017,
        "CMy" : -1.76941794549634E-016,
        "CMz" : 2.84494650060196E-016
    },
    "CF_sensitivities" : {
        "d_CFx" : [
                5.72393503072218E-001,
                -2.29525435562080E-002,
                -9.45158058227850E-002,
                -1.67002683558403E-001,
                -9.45158058220753E-002,
                -2.29525435562791E-002,
                -9.45158058222746E-002,
                -1.67002683558023E-001,
                -9.45158058221355E-002,
                4.68941582398312E-002,
                4.59159217188145E-002,
                4.68921456088209E-002,
                4.59159217181342E-002,
                4.68941582400035E-002,
                4.59159217195584E-002,
                4.68921456086329E-002,
                4.59159217184559E-002,
                -1.67006188325544E-001,
                -9.45112038468174E-002,
                -2.29486711674672E-002,
                -9.45112038475682E-002,
                -1.67006188328838E-001,
                -9.45112038520373E-002,
                -2.29486711670460E-002,
                -9.45112038461731E-002,
                5.72364306681366E-001,
                4.67345026725608E-014,
                1.44177943547534E-001,
                2.66160674032664E-001,
                -4.73126128097492E-013,
                -2.66160674033479E-001,
                -1.44177943548077E-001,
                -2.66160674033461E-001,
                -3.32262325047098E-013,
                2.66160674032768E-001,
                2.31993539264206E-001,
                -6.63057341789285E-002,
                2.66728796562470E-013,
                6.63057341781360E-002,
                -2.31993539264969E-001,
                6.63057341784092E-002,
                -1.85880930530426E-013,
                -6.63057341791148E-002,
                -4.76800459900216E-001,
                -1.71080725914921E-001,
                -3.89651326361454E-012,
                1.71080725909058E-001,
                4.76800459896495E-001,
                1.71080725909931E-001,
                -1.61346836995404E-012,
                -1.71080725915290E-001,
                -4.60865982667262E-012,
                -1.72164501552716E-013,
                2.81716035806335E-013,
                -1.71085358616048E-001,
                -4.76802456840963E-001,
                -1.71085358615370E-001,
                -5.76796966889418E-013,
                1.71085358614978E-001,
                4.76802456840400E-001,
                1.71085358614762E-001,
                6.17422188891074E-014,
                -6.62998943058327E-002,
                2.31994371563642E-001,
                -6.62998943058660E-002,
                -6.78917075576286E-013,
                6.62998943055662E-002,
                -2.31994371563980E-001,
                6.62998943050456E-002,
                -2.27789389058609E-012,
                2.66157267851033E-001,
                1.44178430683194E-001,
                2.66157267848434E-001,
                -2.60036608922895E-012,
                -2.66157267856664E-001,
                -1.44178430685951E-001,
                -2.66157267854332E-001,
                -1.62784302206526E-012
            ],
        "d_CFy" : [
                6.30826259835988E-017,
                -2.63766521801790E-001,
                -1.15812345723633E-001,
                2.64198008326391E-014,
                1.15812345723709E-001,
                2.63766521801804E-001,
                1.15812345723655E-001,
                7.07286358593880E-015,
                -1.15812345723706E-001,
                1.03454625065998E-001,
                -3.08501179721319E-002,
                1.61916378586772E-014,
                3.08501179719087E-002,
                -1.03454625065245E-001,
                3.08501179715647E-002,
                -1.32709056573129E-014,
                -3.08501179713460E-002,
                1.22860696494122E-001,
                1.56494773994891E-001,
                -1.47406483561730E-012,
                -1.56494773997525E-001,
                -1.22860696492938E-001,
                -1.56494773994500E-001,
                2.65259251355099E-012,
                1.56494773996355E-001,
                -5.82511416242865E-013,
                1.93551325511609E-001,
                2.93092793431076E-001,
                5.20074485727043E-002,
                1.04679360181679E-001,
                5.20074485727327E-002,
                2.93092793431119E-001,
                5.20074485727064E-002,
                1.04679360181660E-001,
                5.20074485726826E-002,
                -4.64938090707780E-001,
                -2.99002995627586E-001,
                -1.35660384754348E-001,
                -2.99002995627123E-001,
                -4.64938090706148E-001,
                -2.99002995627049E-001,
                -1.35660384754360E-001,
                -2.99002995627276E-001,
                -5.99967992090834E-002,
                1.98073053151311E-001,
                1.66948339564838E-001,
                1.98073053153038E-001,
                -5.99967992091511E-002,
                1.98073053153136E-001,
                1.66948339566258E-001,
                1.98073053153877E-001,
                1.93902388026901E-001,
                2.36964311020604E-014,
                -8.14018991102117E-015,
                9.10694650736965E-003,
                2.59229220270791E-014,
                -9.10694650733568E-003,
                2.18787661598885E-014,
                9.10694650737345E-003,
                6.81391204981725E-015,
                -9.10694650738725E-003,
                -5.80698683583236E-013,
                1.63996523143352E-001,
                8.80921604301466E-015,
                -1.63996523143650E-001,
                8.54633312903641E-013,
                1.63996523144198E-001,
                -2.29706411419773E-015,
                -1.63996523144415E-001,
                2.10205117201490E-014,
                1.13891902243254E-002,
                -1.19037544940178E-012,
                -1.13891902252821E-002,
                7.09670552710576E-013,
                1.13891902257622E-002,
                1.90583186533831E-013,
                -1.13891902249985E-002,
                -2.42197061017801E-012
            ],