{
    "info" : {
        "generated_by" : "MachLine (c) 2023 USU Aerolab",
        "executed" : "Fri Jul 12 13:54:14 2024"
    },
    "mesh_info" : {
        "N_body_panels" : 48,
        "N_body_vertices" : 26,
        "N_wake_panels" : 0,
        "N_wake_filaments" : 0,
        "average_characteristic_length" : 4.76931360312427E-001,
        "max_flow_turning_angle" : 9.00000000000000E+001
    },
    "solver_results" : {
        "solver_status_code" : 0,
        "system_dimension" : 26,
        "timing" : {
            "system_sorting" : 2.60000000000000E-006,
            "preconditioner" : 7.20000000000000E-006,
            "matrix_solver" : 1.75000000000000E-005
        },
        "iterations" : 6,
        "residual" : {
            "max" : 6.66133814775094E-015,
            "norm" : 1.81693608646478E-014
        }
    },
    "pressure_calculations" : {
        "incompressible_rule" : {
            "max" : 6.44544754277728E-001,
            "min" : -6.48391245652036E-001
        }
    },
    "total_forces" : {
        "Cx" : 2.34529563831534E-004,
        "Cy" : 3.88578058618805E-016,
        "Cz" : -4.51028103753970E-017
    },
    "total_moments" : {
        "CMx" : 2.78703587985873E-010,
        "CMy" : 1.80411241501588E-016,
        "CMz" : 4.09394740330526E-016
    },
    "CF_sensitivities" : {
        "d_CFx" : [
                8.42864286711485E-001,
                -4.28049977154950E-002,
                -1.07980365938019E-001,
                -1.52840652088046E-001,
                -8.70092204470052E-002,
                -4.27558552706842E-002,
                -1.07957556917817E-001,
                -1.52835050154286E-001,
                -8.69999674052867E-002,
                1.66193592132036E-002,
                -1.89888175837538E-003,
                -1.57793485197897E-002,
                1.19303939063453E-003,
                1.65790306077400E-002,
                -1.86756754044914E-003,
                -1.57656213445203E-002,
                1.26866566591821E-003,
                -3.42015783243991E-001,
                -2.54034080910762E-001,
                -1.91086457810574E-001,
                -2.78208825817480E-001,
                -3.42207665041695E-001,
                -2.53868894607913E-001,
                -1.91645486904569E-001,
                -2.78357150256431E-001,
                2.06757574904340E+000,
                -1.76828429135317E-005,
                2.79143131917526E-001,
                3.27522995915417E-001,
                -6.46281348137645E-004,
                -3.13629331667732E-001,
                -2.79220599935299E-001,
                -3.27608630299939E-001,
                5.39962603267325E-004,
                3.13534910696915E-001,
                -1.31175253668953E-001,
                -2.96762453945840E-001,
                -1.44728015334208E-002,
                3.17891639022691E-001,
                1.31089077201082E-001,
                2.96790116469715E-001,
                1.44489689587540E-002,
                -3.17984037489824E-001,
                -1.70257521649416E-001,
                4.97917617055645E-002,
                -2.32166878951600E-002,
                -6.57725177394547E-002,
                1.69631852430684E-001,
                -5.02603685605126E-002,
                2.27121682664874E-002,
                6.50575211694987E-002,
                -1.01769391503751E-004,
                -2.00074674902647E-005,
                1.96781398812414E-002,
                -2.43131176308168E-001,
                -5.29613294216073E-001,
                -2.56075435645325E-001,
                -1.97216297167068E-002,
                2.42984902241862E-001,
                5.29542436121478E-001,
                2.56003199256621E-001,
                1.67148823518098E-002,
                1.74255204314534E-001,
                5.63845547150785E-001,
                1.92387344229720E-001,
                -1.67808220907866E-002,
                -1.74294534745194E-001,
                -5.63861440744275E-001,
                -1.92461547914877E-001,
                3.89576878458372E-004,
                3.43233214580704E-002,
                -1.90666518136409E-001,
                5.01901628415610E-002,
                -9.67561417856888E-004,
                -3.49805933259587E-002,
                1.90266458109362E-001,
                -5.08632849271776E-002,
                -1.12096539182009E-004
            ],
        "d_CFy" : [
                -9.57560967864015E-017,
                -2.59531202087518E-001,
                -1.12154733985571E-001,
                -2.70347002287832E-005,
                1.12270267905369E-001,
                2.59532191336181E-001,
                1.12161210057515E-001,
                2.95238880218325E-005,
                -1.12273138714357E-001,
                -1.32249485954722E-001,
                -1.75673708621351E-001,
                -1.38463579547803E-004,
                1.74763082898472E-001,
                1.32339916564714E-001,
                1.75620044809721E-001,
                1.37971338634633E-004,
                -1.74719033857096E-001,
                5.27039261808062E-001,
                4.20194563594148E-001,
                1.08975195213590E-003,
                -4.07673272196919E-001,
                -5.26795886022816E-001,
                -4.19939160493118E-001,
                -8.78567378875358E-004,
                4.07580154964865E-001,
                -2.99284598419934E-005,
                2.00429179033734E-001,
                2.83865632317288E-001,
                5.02530127042815E-002,
                1.09963351741873E-001,
                5.04165454141424E-002,
                2.83867253187399E-001,
                5.02526477750811E-002,
                1.09960885851733E-001,
                5.04130032029484E-002,
                -6.27732026384369E-001,
                -3.37915276864275E-001,
                -1.34713538262406E-001,
                -3.37032648008122E-001,
                -6.27538120330424E-001,
                -3.37853198849163E-001,
                -1.34715050413703E-001,
                -3.37051352965438E-001,
                6.26804242901330E-001,
                2.77023577376371E-001,
                -2.30474851729660E-001,
                2.88126661454361E-001,
                6.26864582468072E-001,
                2.77247357929726E-001,
                -2.30309206930505E-001,
                2.88113757449101E-001,
                -2.38838633215733E-001,
                -5.11758485973127E-005,
                -1.72224413273477E-004,
                1.58388056336992E-002,
                8.32960572564162E-006,
                -1.59118489627308E-002,
                -1.70495268575449E-004,
                1.58373879531719E-002,
                6.20188346834310E-006,
                -1.59148490417217E-002,
                7.52574201830617E-003,
                2.15986116605845E-001,
                1.45678241373036E-004,
                -2.14599353049284E-001,
                7.69156278277133E-003,
                2.16094050324334E-001,
                1.44403753009831E-004,
                -2.14621101955000E-001,
                -1.46749606785593E-003,
                -4.90244010183121E-001,
                2.34141563831645E-003,
                4.82117220907241E-001,
                -1.39934542152235E-003,
                -4.90054548692732E-001,
                2.46778011819137E-003,
                4.82217222088298E-001,
                -4.11408193510378E-003
            ],