{
    "info" : {
        "generated_by" : "MachLine (c) 2023 USU Aerolab",
        "executed" : "Fri Jul 12 13:54:26 2024"
    },
    "mesh_info" : {
        "N_body_panels" : 48,
        "N_body_vertices" : 26,
        "N_wake_panels" : 0,
        "N_wake_filaments" : 0,
        "average_characteristic_length" : 4.76931360312427E-001,
        "max_flow_turning_angle" : 9.00000000000000E+001
    },
    "solver_results" : {
        "solver_status_code" : 0,
        "system_dimension" : 26,
        "timing" : {
            "system_sorting" : 2.10000000000000E-006,
            "preconditioner" : 5.90000000000000E-006,
            "matrix_solver" : 1.37000000000000E-005
        },
        "iterations" : 6,
        "residual" : {
            "max" : 1.36557432028894E-013,
            "norm" : 2.06662808996798E-013
        }
    },
    "pressure_calculations" : {
        "incompressible_rule" : {
            "max" : 6.44564312769954E-001,
            "min" : -6.48272476530417E-001
        }
    },
    "total_forces" : {
        "Cx" : 3.26313063589573E-005,
        "Cy" : 7.84095011141517E-016,
        "Cz" : 1.06858966120171E-015
    },
    "total_moments" : {
        "CMx" : -1.46013869398165E-010,
        "CMy" : -1.33226762955019E-015,
        "CMz" : 1.01307850997046E-015
    },
    "CF_sensitivities" : {
        "d_CFx" : [
                8.42877257316904E-001,
                -4.27880951581503E-002,
                -1.07862457123599E-001,
                -1.52915640073647E-001,
                -8.68986734741503E-002,
                -4.27880975487138E-002,
                -1.07864543391256E-001,
                -1.52910988175179E-001,
                -8.69030732473062E-002,
                1.66417470254672E-002,
                -1.88988575763838E-003,
                -1.57796026312642E-002,
                1.28018706288890E-003,
                1.66348082351431E-002,
                -1.87200229759354E-003,
                -1.57824424391189E-002,
                1.28412303646286E-003,
                -3.41577172645889E-001,
                -2.53963475328904E-001,
                -1.91109335710564E-001,
                -2.78160493374680E-001,
                -3.41624502452912E-001,
                -2.54062949303149E-001,
                -1.91140339603762E-001,
                -2.78180729457590E-001,
                2.06701938126747E+000,
                8.13389313045518E-007,
                2.79189073588067E-001,
                3.27550707880699E-001,
                -6.36063865175316E-004,
                -3.13515353235008E-001,
                -2.79194137729889E-001,
                -3.27560521768315E-001,
                6.25036728683163E-004,
                3.13509434073802E-001,
                -1.31292715876551E-001,
                -2.96712104404954E-001,
                -1.44513952039145E-002,
                3.17852996457152E-001,
                1.31286389081810E-001,
                2.96716199275850E-001,
                1.44525164631901E-002,
                -3.17867595106220E-001,
                -1.70081024098411E-001,
                4.98395739362490E-002,
                -2.28231521983616E-002,
                -6.53395243503300E-002,
                1.69998856707945E-001,
                -4.98953668745865E-002,
                2.27523941020972E-002,
                6.52663077669619E-002,
                -4.73017289007973E-005,
                -7.55295067683827E-007,
                1.97032739382372E-002,
                -2.42997959801525E-001,
                -5.29613645249584E-001,
                -2.56027839483216E-001,
                -1.97124691342329E-002,
                2.42985062618796E-001,
                5.29605133246232E-001,
                2.56016153837909E-001,
                1.66982211945619E-002,
                1.74226941447717E-001,
                5.63921286251434E-001,
                1.92361251005646E-001,
                -1.67041960732020E-002,
                -1.74227441538553E-001,
                -5.63925689788017E-001,
                -1.92370455243441E-001,
                6.22650385255283E-004,
                3.46060523090714E-002,
                -1.90563766736755E-001,
                5.06429270600262E-002,
                -6.77048230384582E-004,
                -3.46712390733631E-002,
                1.90510101749092E-001,
                -5.07280227964206E-002,
                -1.46426029434958E-005
            ],
        "d_CFy" : [
                -5.35989466443379E-017,
                -2.59510538337298E-001,
                -1.12163703430765E-001,
                -2.82639241328313E-005,
                1.12285171761673E-001,
                2.59510136838599E-001,
                1.12163959462762E-001,
                2.87396667670012E-005,
                -1.12285253081757E-001,
                -1.32121743419462E-001,
                -1.75645122573101E-001,
                -1.47828697281427E-004,
                1.74780533484275E-001,
                1.32132282197476E-001,
                1.75638399926625E-001,
                1.47818545880210E-004,
                -1.74776376222439E-001,
                5.26579735442738E-001,
                4.20552343938481E-001,
                1.36331123291221E-003,
                -4.07796759178082E-001,
                -5.26554423296133E-001,
                -4.20514103680084E-001,
                -1.33117331764382E-003,
                4.07770515995265E-001,
                -5.71670566381289E-006,
                2.00415587378772E-001,
                2.83900696474131E-001,
                5.02492539159223E-002,
                1.09961793386934E-001,
                5.03948165912394E-002,
                2.83901113207313E-001,
                5.02491938376358E-002,
                1.09961556709897E-001,
                5.03944142186987E-002,
                -6.27760505757460E-001,
                -3.37896655905586E-001,
                -1.34703104395395E-001,
                -3.37076056841939E-001,
                -6.27740941612025E-001,
                -3.37889578995701E-001,
                -1.34703252328916E-001,
                -3.37078294979157E-001,
                6.26813583494700E-001,
                2.77331325580205E-001,
                -2.30420040792508E-001,
                2.88208589481587E-001,
                6.26831436342585E-001,
                2.77346484609482E-001,
                -2.30400116019666E-001,
                2.88222171042576E-001,
                -2.38568119767981E-001,
                -5.28175637061511E-005,
                -1.68948974941451E-004,
                1.58433564757405E-002,
                5.91079823120239E-006,
                -1.59408644604957E-002,
                -1.68816436024748E-004,
                1.58432231781030E-002,
                5.62747821950733E-006,
                -1.59410645409021E-002,
                7.57737981603678E-003,
                2.15974864488507E-001,
                1.39477861882102E-004,
                -2.14534613080552E-001,
                7.59498677418633E-003,
                2.15984748930143E-001,
                1.39338235398241E-004,
                -2.14537371870754E-001,
                -1.46669002764585E-003,
                -4.89905101319941E-001,
                2.41968634228338E-003,
                4.81955786982607E-001,
                -1.45856336911018E-003,
                -4.89879904496131E-001,
                2.43507200507488E-003,
                4.81959632662273E-001,
                -3.87992343452449E-003
            ],