{
    "info" : {
        "generated_by" : "MachLine (c) 2023 USU Aerolab",
        "executed" : "Fri Jul 12 13:55:02 2024"
    },
    "mesh_info" : {
        "N_body_panels" : 48,
        "N_body_vertices" : 26,
        "N_wake_panels" : 0,
        "N_wake_filaments" : 0,
        "average_characteristic_length" : 4.76931360312427E-001,
        "max_flow_turning_angle" : 9.00000000000000E+001
    },
    "solver_results" : {
        "solver_status_code" : 0,
        "system_dimension" : 26,
        "timing" : {
            "system_sorting" : 2.00000000000000E-006,
            "preconditioner" : 7.70000000000000E-006,
            "matrix_solver" : 1.56000000000000E-005
        },
        "iterations" : 6,
        "residual" : {
            "max" : 6.66133814775094E-016,
            "norm" : 1.17896556386965E-015
        }
    },
    "pressure_calculations" : {
        "incompressible_rule" : {
            "max" : 6.44562051694023E-001,
            "min" : -6.48258149843469E-001
        }
    },
    "total_forces" : {
        "Cx" : 3.00020710636284E-008,
        "Cy" : 9.78384040450919E-016,
        "Cz" : 3.12250225675825E-016
    },
    "total_moments" : {
        "CMx" : -1.53960177939894E-013,
        "CMy" : -5.13478148889135E-016,
        "CMz" : 1.06165076729781E-015
    },
    "CF_sensitivities" : {
        "d_CFx" : [
                8.42882878587657E-001,
                -4.27876614627742E-002,
                -1.07859514604522E-001,
                -1.52918363383630E-001,
                -8.68955982146481E-002,
                -4.27876680888355E-002,
                -1.07859521951027E-001,
                -1.52918358733088E-001,
                -8.68956071068973E-002,
                1.66424269252061E-002,
                -1.88592619812278E-003,
                -1.57833006019670E-002,
                1.28244001833955E-003,
                1.66424251447339E-002,
                -1.88591806022331E-003,
                -1.57832986904796E-002,
                1.28244256678678E-003,
                -3.41540392734821E-001,
                -2.54018850592684E-001,
                -1.91035698467732E-001,
                -2.78142015179918E-001,
                -3.41540464423805E-001,
                -2.54018981419823E-001,
                -1.91035674717525E-001,
                -2.78142029360643E-001,
                2.06700180537486E+000,
                -1.61298799071933E-009,
                3.05421995509441E-001,
                3.01946513674451E-001,
                -6.33713564011249E-004,
                -3.13665173442175E-001,
                -3.05422005134342E-001,
                -3.01946521313115E-001,
                6.33701568990852E-004,
                3.13665166892520E-001,
                -1.31317171072580E-001,
                -2.96715801149741E-001,
                -1.44500831330093E-002,
                3.17863115879999E-001,
                1.31317161555508E-001,
                2.96715802015795E-001,
                1.44500856508512E-002,
                -3.17863126447059E-001,
                -2.12278165612707E-001,
                7.61269081391638E-002,
                -2.27653723542637E-002,
                -6.52903916523468E-002,
                2.12278091819101E-001,
                -7.61269547326618E-002,
                2.27653053048638E-002,
                6.52902832866486E-002,
                -3.38950009309646E-008,
                -3.74428981564250E-009,
                1.97058048953420E-002,
                -2.69258992258121E-001,
                -4.95160914703448E-001,
                -2.56020985553998E-001,
                -1.97058099898347E-002,
                2.69258976664081E-001,
                4.95160906918731E-001,
                2.56020976804660E-001,
                1.66943053682025E-002,
                1.74226455075727E-001,
                5.63942658466029E-001,
                1.92361358540159E-001,
                -1.66943123126864E-002,
                -1.74226459406688E-001,
                -5.63942662546373E-001,
                -1.92361369141133E-001,
                6.49231981578564E-004,
                6.02370793014086E-002,
                -2.16779862166731E-001,
                3.96797186878109E-002,
                -6.49291920691727E-004,
                -6.02371714694674E-002,
                2.16779787854572E-001,
                -3.96797869309718E-002,
                -1.54472256288530E-008
            ],
        "d_CFy" : [
                -1.19652398670745E-016,
                -2.59506236749930E-001,
                -1.12165683870497E-001,
                -2.85097790095997E-005,
                1.12285878365710E-001,
                2.59506236561934E-001,
                1.12165684340440E-001,
                2.85099441132251E-005,
                -1.12285878605147E-001,
                -1.32105671032625E-001,
                -1.75634289365427E-001,
                -1.48071094362652E-004,
                1.74774293295193E-001,
                1.32105685643990E-001,
                1.75634282106147E-001,
                1.48071205940841E-004,
                -1.74774289032817E-001,
                5.26516093504498E-001,
                4.20544345914354E-001,
                1.39219451515098E-003,
                -4.07803016443538E-001,
                -5.26516067316904E-001,
                -4.20544301177070E-001,
                -1.39216910247872E-003,
                4.07803015680111E-001,
                -5.71762697404751E-009,
                2.00415813993954E-001,
                2.83997103222343E-001,
                5.01534028160279E-002,
                1.09962022503960E-001,
                4.98827576939965E-002,
                2.83997103538129E-001,
                5.01534025859031E-002,
                1.09962022219351E-001,
                4.98827572749520E-002,
                -6.27768083681371E-001,
                -3.37887252239396E-001,
                -1.34703609822873E-001,
                -3.37073451406311E-001,
                -6.27768063529799E-001,
                -3.37887244565253E-001,
                -1.34703609983595E-001,
                -3.37073453558445E-001,
                5.92543040634213E-001,
                2.77021533898805E-001,
                -2.30411057649453E-001,
                2.88223348677496E-001,
                5.92543055356583E-001,
                2.77021557134698E-001,
                -2.30411039344807E-001,
                2.88223350110417E-001,
                -2.38532014387226E-001,
                -5.30203926295852E-005,
                -1.69197246435079E-004,
                1.58450363960699E-002,
                5.70582146711469E-006,
                -1.59419751580251E-002,
                -1.69197015030737E-004,
                1.58450362961831E-002,
                5.70557407873856E-006,
                -1.59419755225804E-002,
                7.58323486858920E-003,
                2.15976741517241E-001,
                1.39877723878784E-004,
                -2.14524029971062E-001,
                7.58325227251541E-003,
                2.15976753872507E-001,
                1.39877552661605E-004,
                -2.14524036757247E-001,
                -1.46472894575561E-003,
                -4.89776170959472E-001,
                2.33018314029899E-003,
                5.18053981896364E-001,
                -1.46472293452024E-003,
                -4.89776157648039E-001,
                2.33018622531962E-003,
                5.18053990617984E-001,
                -3.84083364518758E-003
            ],