{
    "info" : {
        "generated_by" : "MachLine (c) 2023 USU Aerolab",
        "executed" : "Fri Jul 12 13:56:03 2024"
    },
    "mesh_info" : {
        "N_body_panels" : 48,
        "N_body_vertices" : 26,
        "N_wake_panels" : 0,
        "N_wake_filaments" : 0,
        "average_characteristic_length" : 4.76931360312427E-001,
        "max_flow_turning_angle" : 9.00000000000000E+001
    },
    "solver_results" : {
        "solver_status_code" : 0,
        "system_dimension" : 26,
        "timing" : {
            "system_sorting" : 1.16000000000000E-005,
            "preconditioner" : 6.40000000000000E-006,
            "matrix_solver" : 1.55000000000000E-005
        },
        "iterations" : 6,
        "residual" : {
            "max" : 6.66133814775094E-016,
            "norm" : 1.45951598109491E-015
        }
    },
    "pressure_calculations" : {
        "incompressible_rule" : {
            "max" : 6.42865562913716E-001,
            "min" : -6.53657600719669E-001
        }
    },
    "total_forces" : {
        "Cx" : -7.35876637403265E-012,
        "Cy" : 6.38378239159465E-016,
        "Cz" : -1.03736463863413E-015
    },
    "total_moments" : {
        "CMx" : 7.80625564189563E-017,
        "CMy" : 6.62664367823140E-016,
        "CMz" : 7.49400541621981E-016
    },
    "CF_sensitivities" : {
        "d_CFx" : [
                5.67395508346024E-001,
                -2.29100453883675E-002,
                -9.49897377570772E-002,
                -1.67935185069283E-001,
                -9.49897377571002E-002,
                -2.29100453883874E-002,
                -9.49897377570862E-002,
                -1.67935185069269E-001,
                -9.49897377570912E-002,
                4.90262921125142E-002,
                4.81006596853759E-002,
                4.90262921153817E-002,
                4.81006596852867E-002,
                4.90262921125455E-002,
                4.81006596854743E-002,
                4.90262921154512E-002,
                4.81006596853482E-002,
                -1.67935185070104E-001,
                -9.49897377579338E-002,
                -2.29100453912089E-002,
                -9.49897377580888E-002,
                -1.67935185070436E-001,
                -9.49897377576236E-002,
                -2.29100453912751E-002,
                -9.49897377579915E-002,
                5.67395508351795E-001,
                2.50531159461596E-014,
                1.40956430756178E-001,
                2.65626151872909E-001,
                1.00746342051058E-014,
                -2.65626151873036E-001,
                -1.40956430756257E-001,
                -2.65626151873031E-001,
                -6.63195940649838E-014,
                2.65626151872937E-001,
                2.34502830304597E-001,
                -6.71326272459379E-002,
                -4.90600272363024E-014,
                6.71326272458550E-002,
                -2.34502830304706E-001,
                6.71326272459391E-002,
                6.86321011385008E-014,
                -6.71326272459769E-002,
                -4.76822240189913E-001,
                -1.69465388568974E-001,
                -5.88495115803267E-013,
                1.69465388568116E-001,
                4.76822240189272E-001,
                1.69465388568310E-001,
                -1.99193874296546E-013,
                -1.69465388568980E-001,
                -2.42470062414236E-013,
                -2.17648142679220E-014,
                -2.90550932071354E-014,
                -1.69465388565525E-001,
                -4.76822240184897E-001,
                -1.69465388565465E-001,
                -3.02354825924072E-014,
                1.69465388565377E-001,
                4.76822240184849E-001,
                1.69465388565392E-001,
                2.46687803563792E-014,
                -6.71326272493423E-002,
                2.34502830299288E-001,
                -6.71326272492676E-002,
                -1.17415088657928E-013,
                6.71326272492786E-002,
                -2.34502830299324E-001,
                6.71326272491681E-002,
                -3.13604536056058E-013,
                2.65626151875649E-001,
                1.40956430761685E-001,
                2.65626151875226E-001,
                -3.02096765016673E-013,
                -2.65626151876498E-001,
                -1.40956430762265E-001,
                -2.65626151875847E-001,
                -1.27921855209324E-013
            ],
        "d_CFy" : [
                -1.20413915052358E-017,
                -2.62808020122798E-001,
                -1.13920002332015E-001,
                1.51677374111373E-015,
                1.13920002332015E-001,
                2.62808020122800E-001,
                1.13920002332016E-001,
                -1.01288676772945E-015,
                -1.13920002332016E-001,
                1.04428356532643E-001,
                -3.10292260287354E-002,
                5.16079782293409E-015,
                3.10292260286743E-002,
                -1.04428356532515E-001,
                3.10292260286494E-002,
                -3.88751982776093E-015,
                -3.10292260286289E-002,
                1.19390109458595E-001,
                1.55449641672075E-001,
                -2.74317677056711E-013,
                -1.55449641672358E-001,
                -1.19390109458394E-001,
                -1.55449641671847E-001,
                3.92055529558068E-013,
                1.55449641672015E-001,
                -1.01180837764722E-013,
                1.90432876271370E-001,
                2.94472517434947E-001,
                5.12667475880931E-002,
                1.04415852500151E-001,
                5.12667475881176E-002,
                2.94472517434972E-001,
                5.12667475881086E-002,
                1.04415852500148E-001,
                5.12667475880981E-002,
                -4.62568638406412E-001,
                -2.98115360707405E-001,
                -1.35649019488336E-001,
                -2.98115360707360E-001,
                -4.62568638406211E-001,
                -2.98115360707314E-001,
                -1.35649019488338E-001,
                -2.98115360707390E-001,
                -6.20334445159166E-002,
                1.98762770255005E-001,
                1.66950807457846E-001,
                1.98762770255204E-001,
                -6.20334445158123E-002,
                1.98762770255236E-001,
                1.66950807458054E-001,
                1.98762770255292E-001,
                1.90734345219292E-001,
                2.24668374182446E-015,
                -9.76519212714244E-015,
                9.28675614794791E-003,
                2.45342327319713E-015,
                -9.28675614793348E-003,
                1.11066754751588E-014,
                9.28675614796173E-003,
                -1.08472645065142E-015,
                -9.28675614795305E-003,
                -5.76413916597573E-014,
                1.63024608944844E-001,
                5.32399164559005E-015,
                -1.63024608944953E-001,
                1.21584816867304E-013,
                1.63024608944970E-001,
                3.69657042948935E-015,
                -1.63024608945015E-001,
                -8.53050269311594E-015,
                1.11164420511984E-002,
                -1.81313756875355E-013,
                -1.11164420513665E-002,
                8.22188657759702E-014,
                1.11164420513954E-002,
                5.38705619892426E-014,
                -1.11164420512717E-002,
                -2.67459665526104E-013
            ],