{
    "info" : {
        "generated_by" : "MachLine (c) 2023 USU Aerolab",
        "executed" : "Fri Jul 12 13:55:12 2024"
    },
    "mesh_info" : {
        "N_body_panels" : 48,
        "N_body_vertices" : 26,
        "N_wake_panels" : 0,
        "N_wake_filaments" : 0,
        "average_characteristic_length" : 4.76931360312427E-001,
        "max_flow_turning_angle" : 9.00000000000000E+001
    },
    "solver_results" : {
        "solver_status_code" : 0,
        "system_dimension" : 26,
        "timing" : {
            "system_sorting" : 2.40000000000000E-006,
            "preconditioner" : 5.50000000000000E-006,
            "matrix_solver" : 1.54000000000000E-005
        },
        "iterations" : 6,
        "residual" : {
            "max" : 1.11022302462516E-015,
            "norm" : 1.75023376283318E-015
        }
    },
    "pressure_calculations" : {
        "incompressible_rule" : {
            "max" : 6.44561806580226E-001,
            "min" : -6.48258913876144E-001
        }
    },
    "total_forces" : {
        "Cx" : 1.06117462039812E-010,
        "Cy" : 1.31838984174237E-016,
        "Cz" : -1.80411241501588E-016
    },
    "total_moments" : {
        "CMx" : -1.42420797377696E-015,
        "CMy" : 2.04697370165263E-016,
        "CMz" : 1.04083408558608E-016
    },
    "CF_sensitivities" : {
        "d_CFx" : [
                8.03893334292683E-001,
                -4.20049128225922E-002,
                -9.73214446541790E-002,
                -1.36281868960961E-001,
                -7.98658308849867E-002,
                -4.20049129518332E-002,
                -9.73214448952245E-002,
                -1.36281870201757E-001,
                -7.98658302416505E-002,
                2.43559528039936E-002,
                -1.62776791336250E-003,
                -2.29570874623053E-002,
                1.92301604645873E-003,
                2.43559517728373E-002,
                -1.62776601299908E-003,
                -2.29570880138361E-002,
                1.92301730255551E-003,
                -3.19231048792563E-001,
                -2.29563309326576E-001,
                -1.62173802295799E-001,
                -2.52254631826322E-001,
                -3.19231054244409E-001,
                -2.29563326850370E-001,
                -1.62173806698881E-001,
                -2.52254625293280E-001,
                1.82293352399315E+000,
                -2.11814779358209E-010,
                2.86927594221373E-001,
                3.11734134910591E-001,
                -2.55342842230208E-003,
                -3.01671358120752E-001,
                -2.86927594455911E-001,
                -3.11734136198331E-001,
                2.55342731971440E-003,
                3.01671357045580E-001,
                -1.19492421234452E-001,
                -2.71655052743044E-001,
                -1.48193777383782E-002,
                3.09900663028609E-001,
                1.19492420279727E-001,
                2.71655053123383E-001,
                1.48193773227001E-002,
                -3.09900664668517E-001,
                -1.76342827653172E-001,
                5.02870190146614E-002,
                -2.38635697341841E-002,
                -6.85772237744845E-002,
                1.76342819560498E-001,
                -5.02870208198454E-002,
                2.38635597429907E-002,
                6.85772127985450E-002,
                -1.64758228072884E-009,
                -8.02073307910005E-010,
                2.12551782657631E-002,
                -2.38296971905048E-001,
                -4.98651061686255E-001,
                -2.55962320303256E-001,
                -2.12551785574005E-002,
                2.38296970387785E-001,
                4.98651060213727E-001,
                2.55962319178528E-001,
                1.76118084092217E-002,
                1.53796721242862E-001,
                5.35401635387256E-001,
                1.89066461956545E-001,
                -1.76118097234254E-002,
                -1.53796721621821E-001,
                -5.35401636112593E-001,
                -1.89066463351864E-001,
                3.07767567190275E-003,
                3.88521671755557E-002,
                -1.99672121921291E-001,
                5.18503975914765E-002,
                -3.07768522111037E-003,
                -3.88521790915997E-002,
                1.99672114258705E-001,
                -5.18504099428377E-002,
                6.18349832560827E-010
            ],
        "d_CFy" : [
                -1.59443959889825E-016,
                -2.60130142455792E-001,
                -1.12173968387685E-001,
                -7.17723430873307E-005,
                1.12367124166796E-001,
                2.60130142394889E-001,
                1.12173968394148E-001,
                7.17724020206709E-005,
                -1.12367124166437E-001,
                -1.42733389686716E-001,
                -1.68021892536326E-001,
                -1.54276315084999E-004,
                1.66146865421896E-001,
                1.42733392077635E-001,
                1.68021891762589E-001,
                1.54276313880232E-004,
                -1.66146864588177E-001,
                5.31034547326307E-001,
                4.06205183132722E-001,
                8.36411119392400E-004,
                -3.85011026817852E-001,
                -5.31034548257308E-001,
                -4.06205178734347E-001,
                -8.36407629286898E-004,
                3.85011024958796E-001,
                -4.09522581509461E-010,
                2.00524206313076E-001,
                2.85117593441007E-001,
                4.98920878835390E-002,
                1.09619531541228E-001,
                5.01255327244904E-002,
                2.85117593466380E-001,
                4.98920878597758E-002,
                1.09619531503108E-001,
                5.01255326686246E-002,
                -6.50598536665769E-001,
                -3.20036363395746E-001,
                -1.34561423204176E-001,
                -3.17810557975482E-001,
                -6.50598533616645E-001,
                -3.20036362351459E-001,
                -1.34561423224517E-001,
                -3.17810558197895E-001,
                6.53983811014546E-001,
                2.55616087578890E-001,
                -2.22526881248197E-001,
                2.62678630067023E-001,
                6.53983810279065E-001,
                2.55616091167747E-001,
                -2.22526878393169E-001,
                2.62678632641239E-001,
                -2.46118572540613E-001,
                -1.59660747300695E-004,
                -1.44893821677916E-004,
                1.56559901522556E-002,
                -1.76683780410454E-005,
                -1.56619264852735E-002,
                -1.44893792211249E-004,
                1.56559901264897E-002,
                -1.76684095113455E-005,
                -1.56619265305204E-002,
                8.82251904240600E-003,
                2.07386538992188E-001,
                1.52083833981658E-004,
                -2.03597127241947E-001,
                8.82252164524100E-003,
                2.07386540493387E-001,
                1.52083808460829E-004,
                -2.03597127865078E-001,
                -1.89901637819076E-003,
                -4.72465791193273E-001,
                6.05228182656034E-003,
                4.60217095370572E-001,
                -1.89901650131669E-003,
                -4.72465788015876E-001,
                6.05228280201919E-003,
                4.60217096343719E-001,
                -1.00706639307174E-002
            ],