{
    "info" : {
        "generated_by" : "MachLine (c) 2023 USU Aerolab",
        "executed" : "Fri Jul 12 13:54:47 2024"
    },
    "mesh_info" : {
        "N_body_panels" : 48,
        "N_body_vertices" : 26,
        "N_wake_panels" : 0,
        "N_wake_filaments" : 0,
        "average_characteristic_length" : 4.76931360312427E-001,
        "max_flow_turning_angle" : 9.00000000000000E+001
    },
    "solver_results" : {
        "solver_status_code" : 0,
        "system_dimension" : 26,
        "timing" : {
            "system_sorting" : 2.90000000000000E-006,
            "preconditioner" : 5.70000000000000E-006,
            "matrix_solver" : 1.59000000000000E-005
        },
        "iterations" : 6,
        "residual" : {
            "max" : 1.77635683940025E-015,
            "norm" : 3.98383785305130E-015
        }
    },
    "pressure_calculations" : {
        "incompressible_rule" : {
            "max" : 6.44562102806494E-001,
            "min" : -6.48258085988391E-001
        }
    },
    "total_forces" : {
        "Cx" : 6.15440732792960E-007,
        "Cy" : 2.98372437868011E-016,
        "Cz" : 8.67361737988404E-017
    },
    "total_moments" : {
        "CMx" : -2.70143976632831E-012,
        "CMy" : 2.42861286636753E-017,
        "CMz" : 3.46944695195361E-016
    },
    "CF_sensitivities" : {
        "d_CFx" : [
                8.42883013952277E-001,
                -4.27878003234520E-002,
                -1.07859797051276E-001,
                -1.52918032728862E-001,
                -8.68957499170028E-002,
                -4.27878541385671E-002,
                -1.07859756605151E-001,
                -1.52918228158007E-001,
                -8.68957299145262E-002,
                1.66423370781175E-002,
                -1.88595635440159E-003,
                -1.57832796230366E-002,
                1.28237160553790E-003,
                1.66423705019652E-002,
                -1.88577642945043E-003,
                -1.57833233875615E-002,
                1.28250336472013E-003,
                -3.41540977997560E-001,
                -2.54018715075699E-001,
                -1.91037577518554E-001,
                -2.78142446931940E-001,
                -3.41540805619065E-001,
                -2.54019317595719E-001,
                -1.91036822221044E-001,
                -2.78142233582836E-001,
                2.06700209694559E+000,
                1.25557425327569E-008,
                2.79185177657203E-001,
                3.27550444443310E-001,
                -6.33749754961262E-004,
                -3.13507865483193E-001,
                -2.79185343196417E-001,
                -3.27550613686583E-001,
                6.33583381203797E-004,
                3.13507685561419E-001,
                -1.31316672673269E-001,
                -2.96715775693534E-001,
                -1.44500134175784E-002,
                3.17862895104001E-001,
                1.31316535269905E-001,
                2.96715765236525E-001,
                1.44500445587903E-002,
                -3.17863090664241E-001,
                -1.70047832052687E-001,
                4.98525513783330E-002,
                -2.27662559136178E-002,
                -6.52910035390031E-002,
                1.70046216504560E-001,
                -4.98531785236714E-002,
                2.27652412877076E-002,
                6.52896898272256E-002,
                -9.73348090322188E-007,
                -2.50460778625936E-008,
                1.97058068893692E-002,
                -2.42985146779844E-001,
                -5.29610515884463E-001,
                -2.56021107770749E-001,
                -1.97059002485909E-002,
                2.42984937512466E-001,
                5.29610326830892E-001,
                2.56020908063295E-001,
                1.66942781703387E-002,
                1.74226339301280E-001,
                5.63942152513382E-001,
                1.92361298546481E-001,
                -1.66944194797464E-002,
                -1.74226391701930E-001,
                -5.63942170734112E-001,
                -1.92361473430986E-001,
                6.48817226180598E-004,
                3.46327321349853E-002,
                -1.90542871232425E-001,
                5.07191526231314E-002,
                -6.49883689890463E-004,
                -3.46340775114790E-002,
                1.90542179415182E-001,
                -5.07204011685378E-002,
                -5.99547077860610E-007
            ],
        "d_CFy" : [
                8.70965382026177E-017,
                -2.59506271820397E-001,
                -1.12165681088163E-001,
                -2.85054967991769E-005,
                1.12285877788753E-001,
                2.59506263843905E-001,
                1.12165688102597E-001,
                2.85085814286152E-005,
                -1.12285881890741E-001,
                -1.32105891986361E-001,
                -1.75634339028810E-001,
                -1.48074100004934E-004,
                1.74774287032328E-001,
                1.32106146725212E-001,
                1.75634232744498E-001,
                1.48075157355434E-004,
                -1.74774224522673E-001,
                5.26517938660803E-001,
                4.20543886608772E-001,
                1.39167174069034E-003,
                -4.07802722430527E-001,
                -5.26517370967787E-001,
                -4.20543392627605E-001,
                -1.39153573877175E-003,
                4.07802261593817E-001,
                -1.56395320292661E-007,
                2.00415914882148E-001,
                2.83900006337784E-001,
                5.02480985623511E-002,
                1.09962030127979E-001,
                5.03941510493686E-002,
                2.83900014043965E-001,
                5.02480984492770E-002,
                1.09962026005600E-001,
                5.03941454260800E-002,
                -6.27768041420943E-001,
                -3.37887416225049E-001,
                -1.34703625772687E-001,
                -3.37073507225492E-001,
                -6.27767744860072E-001,
                -3.37887304589345E-001,
                -1.34703628022018E-001,
                -3.37073529400179E-001,
                6.26815872638210E-001,
                2.77357484984636E-001,
                -2.30411079313412E-001,
                2.88222884472931E-001,
                6.26816121424886E-001,
                2.77357935476871E-001,
                -2.30410745278866E-001,
                2.88223130909161E-001,
                -2.38532385926329E-001,
                -5.30136384499650E-005,
                -1.69191882776247E-004,
                1.58450200218380E-002,
                5.70855031295611E-006,
                -1.59419816227727E-002,
                -1.69190086963938E-004,
                1.58450192690996E-002,
                5.70419227021477E-006,
                -1.59419869096525E-002,
                7.58308136969422E-003,
                2.15976779733303E-001,
                1.39862986538346E-004,
                -2.14524173680529E-001,
                7.58342025729055E-003,
                2.15976980678139E-001,
                1.39860764031901E-004,
                -2.14524219254267E-001,
                -1.46472574536541E-003,
                -4.89871329972976E-001,
                2.42696585859063E-003,
                4.81939982785268E-001,
                -1.46450907975671E-003,
                -4.89871095350261E-001,
                2.42734841848928E-003,
                4.81940053914279E-001,
                -3.84121776655854E-003
            ],