{
    "info" : {
        "generated_by" : "MachLine (c) 2023 USU Aerolab",
        "executed" : "Fri Jul 12 13:56:07 2024"
    },
    "mesh_info" : {
        "N_body_panels" : 48,
        "N_body_vertices" : 26,
        "N_wake_panels" : 0,
        "N_wake_filaments" : 0,
        "average_characteristic_length" : 4.76931360312427E-001,
        "max_flow_turning_angle" : 9.00000000000000E+001
    },
    "solver_results" : {
        "solver_status_code" : 0,
        "system_dimension" : 26,
        "timing" : {
            "system_sorting" : 1.09000000000000E-005,
            "preconditioner" : 5.50000000000000E-006,
            "matrix_solver" : 1.41000000000000E-005
        },
        "iterations" : 6,
        "residual" : {
            "max" : 6.66133814775094E-016,
            "norm" : 1.33111516627917E-015
        }
    },
    "pressure_calculations" : {
        "incompressible_rule" : {
            "max" : 6.41761077652681E-001,
            "min" : -6.57160363511751E-001
        }
    },
    "total_forces" : {
        "Cx" : -7.59191320920394E-012,
        "Cy" : 1.38777878078145E-017,
        "Cz" : -1.38777878078145E-016
    },
    "total_moments" : {
        "CMx" : 7.80625564189563E-017,
        "CMy" : 6.93889390390723E-017,
        "CMz" : 2.77555756156289E-017
    },
    "CF_sensitivities" : {
        "d_CFx" : [
                5.63671059080483E-001,
                -2.29286474533902E-002,
                -9.54024353429868E-002,
                -1.68696054258690E-001,
                -9.54024353429800E-002,
                -2.29286474533925E-002,
                -9.54024353429639E-002,
                -1.68696054258665E-001,
                -9.54024353429624E-002,
                5.07373567268805E-002,
                4.98566861301932E-002,
                5.07373567296845E-002,
                4.98566861301744E-002,
                5.07373567268425E-002,
                4.98566861302487E-002,
                5.07373567296932E-002,
                4.98566861302128E-002,
                -1.68696054259055E-001,
                -9.54024353436836E-002,
                -2.29286474557749E-002,
                -9.54024353440057E-002,
                -1.68696054259130E-001,
                -9.54024353440472E-002,
                -2.29286474555929E-002,
                -9.54024353437053E-002,
                5.63671059086213E-001,
                -2.12695001479909E-015,
                1.38346182850228E-001,
                2.65167427348837E-001,
                -1.02651666904052E-014,
                -2.65167427348875E-001,
                -1.38346182850270E-001,
                -2.65167427348891E-001,
                -3.56577315895587E-014,
                2.65167427348832E-001,
                2.36493531531616E-001,
                -6.77966487849087E-002,
                9.22440615443364E-015,
                6.77966487848922E-002,
                -2.36493531531667E-001,
                6.77966487849124E-002,
                -1.34232272588717E-014,
                -6.77966487849638E-002,
                -4.76772707660506E-001,
                -1.68139305643650E-001,
                -2.97800254584860E-013,
                1.68139305643282E-001,
                4.76772707660188E-001,
                1.68139305643418E-001,
                -1.40014327700477E-013,
                -1.68139305643791E-001,
                -1.66602818022069E-013,
                1.41101864998383E-014,
                -7.31035932276995E-016,
                -1.68139305640211E-001,
                -4.76772707656050E-001,
                -1.68139305640177E-001,
                -3.03412084909627E-014,
                1.68139305640150E-001,
                4.76772707656006E-001,
                1.68139305640141E-001,
                2.38563729059917E-015,
                -6.77966487882707E-002,
                2.36493531526496E-001,
                -6.77966487882631E-002,
                -5.83241054016028E-014,
                6.77966487882275E-002,
                -2.36493531526559E-001,
                6.77966487881982E-002,
                -1.48442449291213E-013,
                2.65167427351677E-001,
                1.38346182855452E-001,
                2.65167427351496E-001,
                -1.81794681264872E-013,
                -2.65167427352202E-001,
                -1.38346182855719E-001,
                -2.65167427351874E-001,
                -1.51956338659605E-013
            ],
        "d_CFy" : [
                -5.43785354588630E-017,
                -2.62083470255482E-001,
                -1.12431609251922E-001,
                1.38012182802796E-016,
                1.12431609251931E-001,
                2.62083470255484E-001,
                1.12431609251924E-001,
                -2.74852004479684E-016,
                -1.12431609251932E-001,
                1.05202178995331E-001,
                -3.11549009485133E-002,
                2.79016621275098E-015,
                3.11549009485076E-002,
                -1.05202178995245E-001,
                3.11549009484735E-002,
                -2.22318463282199E-015,
                -3.11549009484588E-002,
                1.16633228866881E-001,
                1.54650734625733E-001,
                -1.35420456996838E-013,
                -1.54650734625826E-001,
                -1.16633228866858E-001,
                -1.54650734625585E-001,
                2.95731185169389E-013,
                1.54650734625873E-001,
                -3.45976733052516E-014,
                1.87817746896774E-001,
                2.95603432944063E-001,
                5.07158802764808E-002,
                1.04181405440399E-001,
                5.07158802764971E-002,
                2.95603432944086E-001,
                5.07158802764949E-002,
                1.04181405440397E-001,
                5.07158802764805E-002,
                -4.60695698801592E-001,
                -2.97415158780145E-001,
                -1.35633731325201E-001,
                -2.97415158780098E-001,
                -4.60695698801485E-001,
                -2.97415158780098E-001,
                -1.35633731325201E-001,
                -2.97415158780117E-001,
                -6.35508424167414E-002,
                1.99325722778157E-001,
                1.66902119288348E-001,
                1.99325722778248E-001,
                -6.35508424166807E-002,
                1.99325722778268E-001,
                1.66902119288458E-001,
                1.99325722778269E-001,
                1.88063105745600E-001,
                1.26396289268360E-015,
                -9.76909525496339E-015,
                9.38035346242005E-003,
                1.49511147057751E-015,
                -9.38035346241564E-003,
                1.16981077602496E-014,
                9.38035346243427E-003,
                1.68488342884250E-016,
                -9.38035346243199E-003,
                -2.52783904919340E-014,
                1.62268190918308E-001,
                3.26223413540359E-015,
                -1.62268190918313E-001,
                6.67584477281880E-014,
                1.62268190918378E-001,
                1.74244309278950E-015,
                -1.62268190918360E-001,
                3.25477492180148E-015,
                1.08282285318926E-002,
                -8.05717876812440E-014,
                -1.08282285320083E-002,
                2.46824858728817E-014,
                1.08282285320037E-002,
                2.04709918134206E-014,
                -1.08282285319888E-002,
                -1.37195810268054E-013
            ],