{
    "info" : {
        "generated_by" : "MachLine (c) 2023 USU Aerolab",
        "executed" : "Fri Jul 12 13:55:29 2024"
    },
    "mesh_info" : {
        "N_body_panels" : 48,
        "N_body_vertices" : 26,
        "N_wake_panels" : 0,
        "N_wake_filaments" : 0,
        "average_characteristic_length" : 4.76931360312427E-001,
        "max_flow_turning_angle" : 9.00000000000000E+001
    },
    "solver_results" : {
        "solver_status_code" : 0,
        "system_dimension" : 26,
        "timing" : {
            "system_sorting" : 3.00000000000000E-006,
            "preconditioner" : 5.60000000000000E-006,
            "matrix_solver" : 1.46000000000000E-005
        },
        "iterations" : 6,
        "residual" : {
            "max" : 6.66133814775094E-016,
            "norm" : 1.57730463024347E-015
        }
    },
    "pressure_calculations" : {
        "incompressible_rule" : {
            "max" : 6.44556957984599E-001,
            "min" : -6.48274314857770E-001
        }
    },
    "total_forces" : {
        "Cx" : 1.70279540467888E-010,
        "Cy" : 6.24500451351651E-017,
        "Cz" : 4.92661467177413E-016
    },
    "total_moments" : {
        "CMx" : 2.46330733588707E-016,
        "CMy" : -7.28583859910259E-016,
        "CMz" : 1.52655665885959E-016
    },
    "CF_sensitivities" : {
        "d_CFx" : [
                8.03881789361338E-001,
                -4.19493758189836E-002,
                -9.71281284310659E-002,
                -1.36032169403248E-001,
                -7.99492584525781E-002,
                -4.19493758294635E-002,
                -9.71281284569516E-002,
                -1.36032169414046E-001,
                -7.99492583734361E-002,
                2.51358479772006E-002,
                -1.27574329565272E-003,
                -2.30695599485555E-002,
                2.15041360458823E-003,
                2.51358479828026E-002,
                -1.27574325781965E-003,
                -2.30695599723703E-002,
                2.15041366489532E-003,
                -3.19073966496269E-001,
                -2.29157806332299E-001,
                -1.61530627329523E-001,
                -2.51534291282431E-001,
                -3.19073967017736E-001,
                -2.29157806477689E-001,
                -1.61530627432301E-001,
                -2.51534291041584E-001,
                1.82294753939653E+000,
                -7.80008530952432E-012,
                2.86896287686101E-001,
                3.11391780673484E-001,
                -2.43694082914174E-003,
                -3.01917680051494E-001,
                -2.86896287732785E-001,
                -3.11391780721253E-001,
                2.43694078564141E-003,
                3.01917680012219E-001,
                -1.18968958394593E-001,
                -2.70785162754966E-001,
                -1.48824347989834E-002,
                3.09295366156759E-001,
                1.18968958330785E-001,
                2.70785162770723E-001,
                1.48824347656327E-002,
                -3.09295366240051E-001,
                -1.76124490240664E-001,
                5.12630411541997E-002,
                -2.48178280370036E-002,
                -7.01289090265212E-002,
                1.76124489890840E-001,
                -5.12630413321384E-002,
                2.48178276278472E-002,
                7.01289085215550E-002,
                -4.48058995928455E-011,
                -8.72967850176883E-012,
                2.15532991026958E-002,
                -2.38106029740032E-001,
                -4.98627747318845E-001,
                -2.55805026649688E-001,
                -2.15532991239031E-002,
                2.38106029676583E-001,
                4.98627747275629E-001,
                2.55805026622328E-001,
                1.72244593293846E-002,
                1.53265533966989E-001,
                5.34961787314669E-001,
                1.88636326580698E-001,
                -1.72244593990630E-002,
                -1.53265533996021E-001,
                -5.34961787343845E-001,
                -1.88636326634239E-001,
                2.51179559278367E-003,
                3.76156543084006E-002,
                -2.00011383187847E-001,
                5.05376744955861E-002,
                -2.51179599750721E-003,
                -3.76156547903165E-002,
                2.00011382592498E-001,
                -5.05376749460232E-002,
                -1.19655546096561E-010
            ],
        "d_CFy" : [
                -2.93564285725973E-017,
                -2.60112867305634E-001,
                -1.12167351935593E-001,
                -7.17691563421835E-005,
                1.12354588718793E-001,
                2.60112867307374E-001,
                1.12167351935629E-001,
                7.17691591800303E-005,
                -1.12354588721059E-001,
                -1.40556285961026E-001,
                -1.68052919133400E-001,
                -1.49943517390517E-004,
                1.66133723201680E-001,
                1.40556286082067E-001,
                1.68052919094991E-001,
                1.49943517888009E-004,
                -1.66133723158800E-001,
                5.31035917129523E-001,
                4.07034792528107E-001,
                1.02901449262696E-003,
                -3.85883199386880E-001,
                -5.31035916926308E-001,
                -4.07034792273821E-001,
                -1.02901434908993E-003,
                3.85883199031380E-001,
                -2.61873254623119E-011,
                2.00523800153742E-001,
                2.85115614082798E-001,
                4.98818329719458E-002,
                1.09610429341367E-001,
                5.01232140273173E-002,
                2.85115614085777E-001,
                4.98818329716180E-002,
                1.09610429339848E-001,
                5.01232140243038E-002,
                -6.50182349176966E-001,
                -3.20034799883730E-001,
                -1.34587893764640E-001,
                -3.18021024877949E-001,
                -6.50182349038110E-001,
                -3.20034799817487E-001,
                -1.34587893765309E-001,
                -3.18021024893061E-001,
                6.54207676955731E-001,
                2.55939842261498E-001,
                -2.22306492211535E-001,
                2.63420662389676E-001,
                6.54207677084628E-001,
                2.55939842398723E-001,
                -2.22306492091528E-001,
                2.63420662498693E-001,
                -2.46857225410144E-001,
                -1.55551778678386E-004,
                -1.54572576685491E-004,
                1.56654988098206E-002,
                -1.66638260753415E-005,
                -1.56686287117333E-002,
                -1.54572575681125E-004,
                1.56654988089775E-002,
                -1.66638273295456E-005,
                -1.56686287143098E-002,
                8.43453171042148E-003,
                2.07414169135674E-001,
                1.52936859383046E-004,
                -2.03631040713885E-001,
                8.43453185081510E-003,
                2.07414169217962E-001,
                1.52936858536566E-004,
                -2.03631040742207E-001,
                -1.43509574616504E-003,
                -4.72754809879187E-001,
                6.57037333049962E-003,
                4.60513861341380E-001,
                -1.43509570456733E-003,
                -4.72754809799279E-001,
                6.57037344064878E-003,
                4.60513861403544E-001,
                -1.00255683328476E-002
            ],