{
    "info" : {
        "generated_by" : "MachLine (c) 2023 USU Aerolab",
        "executed" : "Fri Jul 12 13:54:53 2024"
    },
    "mesh_info" : {
        "N_body_panels" : 48,
        "N_body_vertices" : 26,
        "N_wake_panels" : 0,
        "N_wake_filaments" : 0,
        "average_characteristic_length" : 4.76931360312427E-001,
        "max_flow_turning_angle" : 9.00000000000000E+001
    },
    "solver_results" : {
        "solver_status_code" : 0,
        "system_dimension" : 26,
        "timing" : {
            "system_sorting" : 1.80000000000000E-006,
            "preconditioner" : 5.60000000000000E-006,
            "matrix_solver" : 1.38000000000000E-005
        },
        "iterations" : 6,
        "residual" : {
            "max" : 4.44089209850063E-016,
            "norm" : 1.44805091322844E-015
        }
    },
    "pressure_calculations" : {
        "incompressible_rule" : {
            "max" : 6.44562145049052E-001,
            "min" : -6.48258051139076E-001
        }
    },
    "total_forces" : {
        "Cx" : 5.13128197293655E-008,
        "Cy" : 1.45716771982052E-015,
        "Cz" : 5.34294830600857E-016
    },
    "total_moments" : {
        "CMx" : -8.40478728281191E-013,
        "CMy" : -6.62664367823140E-016,
        "CMz" : 1.47104550762833E-015
    },
    "CF_sensitivities" : {
        "d_CFx" : [
                8.42882953521647E-001,
                -4.27876865554355E-002,
                -1.07859568980537E-001,
                -1.52918283818955E-001,
                -8.68956269021772E-002,
                -4.27877245412224E-002,
                -1.07859545923969E-001,
                -1.52918285262783E-001,
                -8.68955916388034E-002,
                1.66423548587669E-002,
                -1.88598851798538E-003,
                -1.57833323820149E-002,
                1.28233358828855E-003,
                1.66423176783683E-002,
                -1.88593899446499E-003,
                -1.57833347577458E-002,
                1.28239186501511E-003,
                -3.41540393775367E-001,
                -2.54018885947414E-001,
                -1.91035582731241E-001,
                -2.78141961606839E-001,
                -3.41540838709538E-001,
                -2.54018821241513E-001,
                -1.91035833279998E-001,
                -2.78141956577762E-001,
                2.06700161083953E+000,
                -6.62846740224973E-010,
                2.79185255465419E-001,
                3.27550473716916E-001,
                -6.33712292501234E-004,
                -3.13507861882680E-001,
                -2.79185305601683E-001,
                -3.27550527872517E-001,
                6.33668645075370E-004,
                3.13507794986459E-001,
                -1.31317102832264E-001,
                -2.96715759699862E-001,
                -1.44501123814074E-002,
                3.17863033662029E-001,
                1.31317064106168E-001,
                2.96715731090951E-001,
                1.44501170576243E-002,
                -3.17863105572190E-001,
                -1.70047491982268E-001,
                4.98526351426057E-002,
                -2.27656191829864E-002,
                -6.52905457701015E-002,
                1.70047067080988E-001,
                -4.98527985223594E-002,
                2.27652438113777E-002,
                6.52900603005176E-002,
                -9.95206120412127E-008,
                -2.63296262785668E-008,
                1.97058123352117E-002,
                -2.42984960211796E-001,
                -5.29610476017432E-001,
                -2.56021029586361E-001,
                -1.97058425605006E-002,
                2.42984867212101E-001,
                5.29610433830408E-001,
                2.56020991509314E-001,
                1.66943337508876E-002,
                1.74226436747508E-001,
                5.63942427591763E-001,
                1.92361342340000E-001,
                -1.66943776915926E-002,
                -1.74226461677484E-001,
                -5.63942435810486E-001,
                -1.92361413442864E-001,
                6.49125850051814E-004,
                3.46330284029533E-002,
                -1.90542960748317E-001,
                5.07196232546148E-002,
                -6.49476436967701E-004,
                -3.46334837992662E-002,
                1.90542726517605E-001,
                -5.07201271561149E-002,
                -1.97890197046750E-007
            ],
        "d_CFy" : [
                -1.11537534401979E-016,
                -2.59506270591489E-001,
                -1.12165722057843E-001,
                -2.85098760602635E-005,
                1.12285913221145E-001,
                2.59506270977406E-001,
                1.12165722256883E-001,
                2.85112934065399E-005,
                -1.12285914769261E-001,
                -1.32105682118426E-001,
                -1.75634317687513E-001,
                -1.48067696969037E-004,
                1.74774285234195E-001,
                1.32105751073497E-001,
                1.75634264850550E-001,
                1.48067867397786E-004,
                -1.74774256201901E-001,
                5.26516274748910E-001,
                4.20544322219531E-001,
                1.39205665366475E-003,
                -4.07803031783454E-001,
                -5.26516091837542E-001,
                -4.20544120587637E-001,
                -1.39199734159672E-003,
                4.07802938207834E-001,
                -4.15954511027483E-008,
                2.00415894647828E-001,
                2.83900059983050E-001,
                5.02480906272271E-002,
                1.09962030775908E-001,
                5.03941669497263E-002,
                2.83900061368131E-001,
                5.02480904321390E-002,
                1.09962029262528E-001,
                5.03941644459704E-002,
                -6.27768067076334E-001,
                -3.37887301507351E-001,
                -1.34703607036851E-001,
                -3.37073488184523E-001,
                -6.27767966088310E-001,
                -3.37887267201184E-001,
                -1.34703608019296E-001,
                -3.37073499343764E-001,
                6.26815638360236E-001,
                2.77357961645966E-001,
                -2.30411071018895E-001,
                2.88223301147752E-001,
                6.26815793944392E-001,
                2.77358106873489E-001,
                -2.30410955765979E-001,
                2.88223332097537E-001,
                -2.38532112410897E-001,
                -5.30188348648169E-005,
                -1.69198093972834E-004,
                1.58450182809498E-002,
                5.70725460459808E-006,
                -1.59419508084435E-002,
                -1.69197572920146E-004,
                1.58450175422432E-002,
                5.70561264182648E-006,
                -1.59419527781695E-002,
                7.58320170704025E-003,
                2.15976767744092E-001,
                1.39877451202807E-004,
                -2.14524077711281E-001,
                7.58330729361000E-003,
                2.15976832591063E-001,
                1.39876595674148E-004,
                -2.14524105408519E-001,
                -1.46469272255803E-003,
                -4.89870924807881E-001,
                2.42712472247790E-003,
                4.81939862421042E-001,
                -1.46463846990087E-003,
                -4.89870811715914E-001,
                2.42722231802706E-003,
                4.81939893178048E-001,
                -3.84095839434786E-003
            ],