{
    "info" : {
        "generated_by" : "MachLine (c) 2023 USU Aerolab",
        "executed" : "Fri Jul 12 13:56:01 2024"
    },
    "mesh_info" : {
        "N_body_panels" : 48,
        "N_body_vertices" : 26,
        "N_wake_panels" : 0,
        "N_wake_filaments" : 0,
        "average_characteristic_length" : 4.76931360312427E-001,
        "max_flow_turning_angle" : 9.00000000000000E+001
    },
    "solver_results" : {
        "solver_status_code" : 0,
        "system_dimension" : 26,
        "timing" : {
            "system_sorting" : 1.80000000000000E-006,
            "preconditioner" : 6.80000000000000E-006,
            "matrix_solver" : 1.63000000000000E-005
        },
        "iterations" : 6,
        "residual" : {
            "max" : 3.33066907387547E-016,
            "norm" : 1.00149975401908E-015
        }
    },
    "pressure_calculations" : {
        "incompressible_rule" : {
            "max" : 6.43469991236705E-001,
            "min" : -6.51735702137926E-001
        }
    },
    "total_forces" : {
        "Cx" : -7.36895267028359E-012,
        "Cy" : -3.05311331771918E-016,
        "Cz" : -7.73686670285656E-016
    },
    "total_moments" : {
        "CMx" : 1.14491749414469E-016,
        "CMy" : 9.08995101411847E-016,
        "CMz" : -4.64905891561784E-016
    },
    "CF_sensitivities" : {
        "d_CFx" : [
                5.69516994986498E-001,
                -2.29174539855945E-002,
                -9.47769348158879E-002,
                -1.67525159197081E-001,
                -9.47769348157582E-002,
                -2.29174539855405E-002,
                -9.47769348158528E-002,
                -1.67525159197095E-001,
                -9.47769348157912E-002,
                4.80934419767101E-002,
                4.71445433434934E-002,
                4.80934419792995E-002,
                4.71445433433186E-002,
                4.80934419767063E-002,
                4.71445433435456E-002,
                4.80934419793877E-002,
                4.71445433434496E-002,
                -1.67525159198619E-001,
                -9.47769348157168E-002,
                -2.29174539889760E-002,
                -9.47769348163349E-002,
                -1.67525159199917E-001,
                -9.47769348168814E-002,
                -2.29174539883835E-002,
                -9.47769348169920E-002,
                5.69516994992260E-001,
                -5.72897729783302E-015,
                1.42369529368442E-001,
                2.65865973818195E-001,
                -2.53348431543365E-014,
                -2.65865973818286E-001,
                -1.42369529368543E-001,
                -2.65865973818374E-001,
                -8.73902751002484E-014,
                2.65865973818152E-001,
                2.33411812002902E-001,
                -6.67710516502032E-002,
                6.08066832496757E-014,
                6.67710516499742E-002,
                -2.33411812003062E-001,
                6.67710516501952E-002,
                2.26969699574330E-014,
                -6.67710516502238E-002,
                -4.76826873718093E-001,
                -1.70178868200433E-001,
                -9.43317238831145E-013,
                1.70178868199403E-001,
                4.76826873716699E-001,
                1.70178868199684E-001,
                -2.19018883398443E-013,
                -1.70178868200835E-001,
                -4.48270751770251E-013,
                -4.60482067437308E-014,
                3.91752835133430E-015,
                -1.70178868197227E-001,
                -4.76826873712110E-001,
                -1.70178868197129E-001,
                -7.98415536404965E-014,
                1.70178868197075E-001,
                4.76826873711922E-001,
                1.70178868196973E-001,
                -1.82341830962551E-014,
                -6.67710516534957E-002,
                2.33411811997294E-001,
                -6.67710516536801E-002,
                -1.61119540311171E-013,
                6.67710516534570E-002,
                -2.33411811997360E-001,
                6.67710516534947E-002,
                -6.04428624715594E-013,
                2.65865973820495E-001,
                1.42369529373898E-001,
                2.65865973819598E-001,
                -5.26673113325276E-013,
                -2.65865973821809E-001,
                -1.42369529374953E-001,
                -2.65865973821131E-001,
                -4.68039972519271E-013
            ],
        "d_CFy" : [
                -1.12879766891053E-016,
                -2.63217084308414E-001,
                -1.14740285568812E-001,
                1.75012196912727E-015,
                1.14740285568791E-001,
                2.63217084308413E-001,
                1.14740285568816E-001,
                1.91578806108306E-015,
                -1.14740285568793E-001,
                1.04000434395877E-001,
                -3.09569257575663E-002,
                -1.61108843504735E-014,
                3.09569257574973E-002,
                -1.04000434395648E-001,
                3.09569257574337E-002,
                1.72929509029359E-014,
                -3.09569257574044E-002,
                1.20902277513717E-001,
                1.55896857989006E-001,
                -5.08653710515355E-013,
                -1.55896857988800E-001,
                -1.20902277513183E-001,
                -1.55896857988520E-001,
                7.23062407473313E-013,
                1.55896857988666E-001,
                -1.64044053482373E-013,
                1.91819366235711E-001,
                2.93863967780152E-001,
                5.15811094475256E-002,
                1.04535808438603E-001,
                5.15811094475160E-002,
                2.93863967780180E-001,
                5.15811094475391E-002,
                1.04535808438599E-001,
                5.15811094474948E-002,
                -4.63594040078413E-001,
                -2.98503557134582E-001,
                -1.35655086674010E-001,
                -2.98503557134531E-001,
                -4.63594040078049E-001,
                -2.98503557134456E-001,
                -1.35655086674012E-001,
                -2.98503557134557E-001,
                -6.11695519199008E-002,
                1.98459681708306E-001,
                1.66960542933452E-001,
                1.98459681708653E-001,
                -6.11695519196480E-002,
                1.98459681708737E-001,
                1.66960542933813E-001,
                1.98459681708925E-001,
                1.92148416715973E-001,
                6.19285438901995E-015,
                -1.25815156903908E-014,
                9.21894423469224E-003,
                2.79148855981796E-015,
                -9.21894423473019E-003,
                1.10437917491546E-014,
                9.21894423470640E-003,
                -2.28841875178468E-015,
                -9.21894423475073E-003,
                -1.85261528340419E-013,
                1.63444153967042E-001,
                -2.60154695053805E-014,
                -1.63444153967089E-001,
                1.17969869983803E-013,
                1.63444153967262E-001,
                -2.98252791863130E-014,
                -1.63444153967186E-001,
                -1.28235529833765E-013,
                1.12500876133143E-002,
                -8.12808249981235E-014,
                -1.12500876135460E-002,
                8.88449351658634E-014,
                1.12500876136518E-002,
                1.66735905509955E-013,
                -1.12500876134076E-002,
                -3.58298460345630E-013
            ],