{
    "info" : {
        "generated_by" : "MachLine (c) 2023 USU Aerolab",
        "executed" : "Fri Jul 12 13:54:23 2024"
    },
    "mesh_info" : {
        "N_body_panels" : 48,
        "N_body_vertices" : 26,
        "N_wake_panels" : 0,
        "N_wake_filaments" : 0,
        "average_characteristic_length" : 4.76931360312427E-001,
        "max_flow_turning_angle" : 9.00000000000000E+001
    },
    "solver_results" : {
        "solver_status_code" : 0,
        "system_dimension" : 26,
        "timing" : {
            "system_sorting" : 1.09000000000000E-005,
            "preconditioner" : 4.70000000000000E-006,
            "matrix_solver" : 1.35000000000000E-005
        },
        "iterations" : 6,
        "residual" : {
            "max" : 6.26429012995168E-014,
            "norm" : 1.80706600815216E-013
        }
    },
    "pressure_calculations" : {
        "incompressible_rule" : {
            "max" : 6.44558859730344E-001,
            "min" : -6.48275849862298E-001
        }
    },
    "total_forces" : {
        "Cx" : 2.43363185379458E-005,
        "Cy" : -3.40005801291454E-016,
        "Cz" : 2.67147415300428E-016
    },
    "total_moments" : {
        "CMx" : -3.52656790922334E-010,
        "CMy" : -5.20417042793042E-016,
        "CMz" : -2.77555756156289E-016
    },
    "CF_sensitivities" : {
        "d_CFx" : [
                8.42881076260763E-001,
                -4.27970827821882E-002,
                -1.07883402461385E-001,
                -1.52905896315111E-001,
                -8.69110523752370E-002,
                -4.27923688441576E-002,
                -1.07885913165391E-001,
                -1.52892995720621E-001,
                -8.69125680361520E-002,
                1.66523626222337E-002,
                -1.89327329957401E-003,
                -1.57786457220082E-002,
                1.26192824069493E-003,
                1.66296169630167E-002,
                -1.88804068784920E-003,
                -1.57840784468741E-002,
                1.26578783055264E-003,
                -3.41550877749123E-001,
                -2.53974448021910E-001,
                -1.91183022720489E-001,
                -2.78227514989658E-001,
                -3.41684610237777E-001,
                -2.54224166762929E-001,
                -1.91125026933099E-001,
                -2.78208797533177E-001,
                2.06706797832176E+000,
                -3.09467367531983E-006,
                2.79174691146205E-001,
                3.27545152565466E-001,
                -6.42580103061237E-004,
                -3.13508944270523E-001,
                -2.79189776468228E-001,
                -3.27563950303725E-001,
                6.18300169380356E-004,
                3.13495083517947E-001,
                -1.31278444419124E-001,
                -2.96728230804789E-001,
                -1.44459030425976E-002,
                3.17864373446289E-001,
                1.31263585255513E-001,
                2.96722148234400E-001,
                1.44413458656103E-002,
                -3.17885283009946E-001,
                -1.70092572024544E-001,
                4.98628195502305E-002,
                -2.28846184479116E-002,
                -6.53849873699165E-002,
                1.69917507029208E-001,
                -4.99191537997825E-002,
                2.27613364957049E-002,
                6.52165041439334E-002,
                -3.08362631665846E-005,
                -3.56966445296334E-006,
                1.97035401363970E-002,
                -2.43012858592034E-001,
                -5.29614231435839E-001,
                -2.56025888141934E-001,
                -1.97121890768312E-002,
                2.42992302584472E-001,
                5.29595868979625E-001,
                2.56012771986825E-001,
                1.66931257910119E-002,
                1.74223381555792E-001,
                5.63932329285702E-001,
                1.92367200168713E-001,
                -1.67076182468685E-002,
                -1.74230034141525E-001,
                -5.63935000932957E-001,
                -1.92388235928231E-001,
                5.98370787209236E-004,
                3.45544448747420E-002,
                -1.90615361994969E-001,
                5.05477285018958E-002,
                -7.26913033917014E-004,
                -3.47075407453084E-002,
                1.90503338118924E-001,
                -5.06979021090651E-002,
                -3.77136764952255E-005
            ],
        "d_CFy" : [
                -7.72587501107872E-017,
                -2.59501282557938E-001,
                -1.12157161407522E-001,
                -2.81664970411913E-005,
                1.12277860073952E-001,
                2.59500562893070E-001,
                1.12158264427607E-001,
                2.86924350736847E-005,
                -1.12278001577954E-001,
                -1.32123412564560E-001,
                -1.75639659503261E-001,
                -1.47690864422849E-004,
                1.74770924282870E-001,
                1.32156402743136E-001,
                1.75626229146777E-001,
                1.47709030640218E-004,
                -1.74759370108185E-001,
                5.26610085527624E-001,
                4.20443727865368E-001,
                1.35839450667090E-003,
                -4.07765944921304E-001,
                -5.26639884489934E-001,
                -4.20376244108579E-001,
                -1.31694776915502E-003,
                4.07688667213935E-001,
                -1.14740344750537E-005,
                2.00419145682363E-001,
                2.83896667853389E-001,
                5.02532985343824E-002,
                1.09962611312468E-001,
                5.03978803442818E-002,
                2.83897025374422E-001,
                5.02532788536780E-002,
                1.09962150377407E-001,
                5.03973384030132E-002,
                -6.27754871597371E-001,
                -3.37902575866189E-001,
                -1.34704506682067E-001,
                -3.37068568653745E-001,
                -6.27723216745885E-001,
                -3.37889478022745E-001,
                -1.34704804722176E-001,
                -3.37071824196015E-001,
                6.26810147011404E-001,
                2.77302072024431E-001,
                -2.30435790295981E-001,
                2.88144802248235E-001,
                6.26830727675298E-001,
                2.77358526897914E-001,
                -2.30397487651107E-001,
                2.88173536500386E-001,
                -2.38612964363963E-001,
                -5.22116651710028E-005,
                -1.69401912982045E-004,
                1.58391487967986E-002,
                6.00173070715148E-006,
                -1.59380123682058E-002,
                -1.68979473407533E-004,
                1.58391590515400E-002,
                5.49301109319875E-006,
                -1.59388810643552E-002,
                7.55182510391882E-003,
                2.15964807161133E-001,
                1.37912613354221E-004,
                -2.14524250107400E-001,
                7.59104707750025E-003,
                2.15983369782284E-001,
                1.37690905191198E-004,
                -2.14538364969150E-001,
                -1.45253431739652E-003,
                -4.89930490007144E-001,
                2.40773475024035E-003,
                4.81978580964920E-001,
                -1.44704653805847E-003,
                -4.89879948535771E-001,
                2.43468644187074E-003,
                4.81994741576397E-001,
                -3.88705089679638E-003
            ],