{
    "info" : {
        "generated_by" : "MachLine (c) 2023 USU Aerolab",
        "executed" : "Fri Jul 12 13:54:17 2024"
    },
    "mesh_info" : {
        "N_body_panels" : 48,
        "N_body_vertices" : 26,
        "N_wake_panels" : 0,
        "N_wake_filaments" : 0,
        "average_characteristic_length" : 4.76931360312427E-001,
        "max_flow_turning_angle" : 9.00000000000000E+001
    },
    "solver_results" : {
        "solver_status_code" : 0,
        "system_dimension" : 26,
        "timing" : {
            "system_sorting" : 2.00000000000000E-006,
            "preconditioner" : 6.00000000000000E-006,
            "matrix_solver" : 1.55000000000000E-005
        },
        "iterations" : 6,
        "residual" : {
            "max" : 9.32587340685131E-015,
            "norm" : 1.87388191124441E-014
        }
    },
    "pressure_calculations" : {
        "incompressible_rule" : {
            "max" : 6.44553741843113E-001,
            "min" : -6.48313064282525E-001
        }
    },
    "total_forces" : {
        "Cx" : 1.45147672565238E-004,
        "Cy" : -1.06165076729781E-015,
        "Cz" : -6.76542155630955E-016
    },
    "total_moments" : {
        "CMx" : -3.09645054388796E-010,
        "CMy" : 7.35522753814166E-016,
        "CMz" : -1.00613961606655E-015
    },
    "CF_sensitivities" : {
        "d_CFx" : [
                8.42864325805927E-001,
                -4.28346085585510E-002,
                -1.07922969195569E-001,
                -1.52910516948257E-001,
                -8.69093625991084E-002,
                -4.28159829033297E-002,
                -1.07934867032313E-001,
                -1.52899521199561E-001,
                -8.69530769813088E-002,
                1.66563848398698E-002,
                -1.91099748215229E-003,
                -1.57168311546698E-002,
                1.22195920026802E-003,
                1.66422131537793E-002,
                -1.89703233354765E-003,
                -1.57287912266768E-002,
                1.24514986866475E-003,
                -3.41779256130168E-001,
                -2.54147283791126E-001,
                -1.91321371446828E-001,
                -2.78211960059708E-001,
                -3.42033233604244E-001,
                -2.54155932031272E-001,
                -1.91271851062523E-001,
                -2.78256612894709E-001,
                2.06718148817842E+000,
                -5.95990931324549E-006,
                2.79150710078834E-001,
                3.27552545869123E-001,
                -6.78270417866958E-004,
                -3.13569559517280E-001,
                -2.79202059851282E-001,
                -3.27606054074662E-001,
                6.22814776806281E-004,
                3.13510533119756E-001,
                -1.31237383790868E-001,
                -2.96713474687395E-001,
                -1.44658603645933E-002,
                3.17824819891370E-001,
                1.31172759211559E-001,
                2.96713624396530E-001,
                1.44731893917165E-002,
                -3.17891425574501E-001,
                -1.70241621751308E-001,
                4.99199974174319E-002,
                -2.30422977335523E-002,
                -6.55574373551349E-002,
                1.69883162145625E-001,
                -4.99473327415853E-002,
                2.27167812406236E-002,
                6.51518313758664E-002,
                -1.39796746452358E-004,
                3.61894583662399E-006,
                1.97042445141524E-002,
                -2.43040995680149E-001,
                -5.29611358562514E-001,
                -2.56035451198410E-001,
                -1.97324536210664E-002,
                2.42968657444644E-001,
                5.29581069948233E-001,
                2.56003129870723E-001,
                1.67087743828545E-002,
                1.74193344512693E-001,
                5.63884429574712E-001,
                1.92337129645713E-001,
                -1.67426645246778E-002,
                -1.74205266024848E-001,
                -5.63885170415895E-001,
                -1.92378504243837E-001,
                5.12828014821449E-004,
                3.44772067791119E-002,
                -1.90651523203047E-001,
                5.02808205866173E-002,
                -8.57955681230950E-004,
                -3.48612253696645E-002,
                1.90347056092568E-001,
                -5.07416760826466E-002,
                -6.25490722367924E-005
            ],
        "d_CFy" : [
                -8.33446780163499E-017,
                -2.59496532642863E-001,
                -1.12155720155232E-001,
                -2.82399468258251E-005,
                1.12280066854902E-001,
                2.59495037413028E-001,
                1.12157243133900E-001,
                2.81908640605417E-005,
                -1.12281282399863E-001,
                -1.32183087373032E-001,
                -1.75674108309221E-001,
                -1.46619518752397E-004,
                1.74788872207385E-001,
                1.32234959264233E-001,
                1.75629637622389E-001,
                1.46301614720712E-004,
                -1.74762465354432E-001,
                5.26861250126085E-001,
                4.20321889477526E-001,
                1.29742347961348E-003,
                -4.07656752244939E-001,
                -5.26738207132959E-001,
                -4.20315849340001E-001,
                -1.20144630069068E-003,
                4.07720701021027E-001,
                -4.69759578454507E-005,
                2.00421955789361E-001,
                2.83894164799678E-001,
                5.02567039273853E-002,
                1.09962344963188E-001,
                5.04001228426745E-002,
                2.83895983414885E-001,
                5.02563398164414E-002,
                1.09960944950272E-001,
                5.03979715624103E-002,
                -6.27776920842506E-001,
                -3.37923956810376E-001,
                -1.34704444542924E-001,
                -3.37074567301073E-001,
                -6.27660139706069E-001,
                -3.37884004789699E-001,
                -1.34705226667062E-001,
                -3.37087080233574E-001,
                6.26833731439915E-001,
                2.77259747396419E-001,
                -2.30490150736980E-001,
                2.88145491027210E-001,
                6.26887586786671E-001,
                2.77404191471107E-001,
                -2.30393858056709E-001,
                2.88195705318116E-001,
                -2.38731727428678E-001,
                -5.05180970652962E-005,
                -1.68693981101256E-004,
                1.58311724809884E-002,
                6.93247340648815E-006,
                -1.59300022455128E-002,
                -1.68276556880584E-004,
                1.58304397176662E-002,
                5.22706423748577E-006,
                -1.59322719317656E-002,
                7.53455134152984E-003,
                2.15984114661634E-001,
                1.38538601680879E-004,
                -2.14561659795550E-001,
                7.62742591791911E-003,
                2.16045344567521E-001,
                1.37603146287033E-004,
                -2.14570453853520E-001,
                -1.43557891837331E-003,
                -4.89993043385885E-001,
                2.35637314465769E-003,
                4.81994614727251E-001,
                -1.39986927421559E-003,
                -4.89919930165282E-001,
                2.45037214211227E-003,
                4.82026124096867E-001,
                -3.91551441605589E-003
            ],