{
    "info" : {
        "generated_by" : "MachLine (c) 2023 USU Aerolab",
        "executed" : "Fri Jul 12 13:54:15 2024"
    },
    "mesh_info" : {
        "N_body_panels" : 48,
        "N_body_vertices" : 26,
        "N_wake_panels" : 0,
        "N_wake_filaments" : 0,
        "average_characteristic_length" : 4.76931360312427E-001,
        "max_flow_turning_angle" : 9.00000000000000E+001
    },
    "solver_results" : {
        "solver_status_code" : 0,
        "system_dimension" : 26,
        "timing" : {
            "system_sorting" : 1.19000000000000E-005,
            "preconditioner" : 9.00000000000000E-006,
            "matrix_solver" : 1.63000000000000E-005
        },
        "iterations" : 6,
        "residual" : {
            "max" : 5.32907051820075E-015,
            "norm" : 9.06660580876192E-015
        }
    },
    "pressure_calculations" : {
        "incompressible_rule" : {
            "max" : 6.44655627368149E-001,
            "min" : -6.48435592067810E-001
        }
    },
    "total_forces" : {
        "Cx" : 1.01242815236421E-004,
        "Cy" : 8.11850586757146E-016,
        "Cz" : 1.64798730217797E-015
    },
    "total_moments" : {
        "CMx" : -1.05817147925957E-009,
        "CMy" : -1.38083988687754E-015,
        "CMz" : 9.71445146547012E-016
    },
    "CF_sensitivities" : {
        "d_CFx" : [
                8.42881552108040E-001,
                -4.28087270558195E-002,
                -1.07939939867224E-001,
                -1.52868622004396E-001,
                -8.69942106539737E-002,
                -4.28442435973607E-002,
                -1.07966867416754E-001,
                -1.52832488163406E-001,
                -8.68959557236839E-002,
                1.66408754884282E-002,
                -1.90430448558176E-003,
                -1.57373553895996E-002,
                1.18035020368001E-003,
                1.66124167040220E-002,
                -1.87403719472967E-003,
                -1.57385325467061E-002,
                1.30055758697623E-003,
                -3.41821978182629E-001,
                -2.53479495622469E-001,
                -1.91935189756646E-001,
                -2.78110687086668E-001,
                -3.42334043622267E-001,
                -2.53629134570098E-001,
                -1.92032968723901E-001,
                -2.77940686379651E-001,
                2.06694882497876E+000,
                2.34817580558583E-005,
                2.79206175955293E-001,
                3.27573828395164E-001,
                -6.54374452543411E-004,
                -3.13622424855152E-001,
                -2.79253287734120E-001,
                -3.27663911924914E-001,
                5.78219281536100E-004,
                3.13519608237843E-001,
                -1.31208380162323E-001,
                -2.96695814445131E-001,
                -1.44369770612277E-002,
                3.17807239909241E-001,
                1.31127997745416E-001,
                2.96703851358764E-001,
                1.44315740680722E-002,
                -3.17903981485930E-001,
                -1.70497440973405E-001,
                4.97642630394068E-002,
                -2.33001004889403E-002,
                -6.57089352292745E-002,
                1.69828431091051E-001,
                -5.01453455948664E-002,
                2.27315285104768E-002,
                6.49957378064456E-002,
                -3.16968085255957E-004,
                -1.13725677579589E-005,
                1.97216263137534E-002,
                -2.43102908514344E-001,
                -5.29594238019097E-001,
                -2.56056693520097E-001,
                -1.97690647756915E-002,
                2.42996514626901E-001,
                5.29507118386104E-001,
                2.55990674652394E-001,
                1.66956878703418E-002,
                1.74144433029083E-001,
                5.63825219179331E-001,
                1.92323781913404E-001,
                -1.67751054621254E-002,
                -1.74174043641741E-001,
                -5.63843682563759E-001,
                -1.92416520757048E-001,
                4.23140581783098E-004,
                3.42087515253433E-002,
                -1.90476756948873E-001,
                4.99069374981109E-002,
                -9.92868273176084E-004,
                -3.49037962772558E-002,
                1.90080188380654E-001,
                -5.06567591488105E-002,
                -2.67854221396149E-005
            ],
        "d_CFy" : [
                -1.24239485266177E-016,
                -2.59501414093755E-001,
                -1.12161560724710E-001,
                -2.73625877266763E-005,
                1.12282198813107E-001,
                2.59503878118602E-001,
                1.12161445240369E-001,
                2.75434873973214E-005,
                -1.12282870383191E-001,
                -1.32210673086762E-001,
                -1.75711009784336E-001,
                -1.51622504007059E-004,
                1.74804619196396E-001,
                1.32304516541888E-001,
                1.75649474042626E-001,
                1.52694412726855E-004,
                -1.74767605992564E-001,
                5.26996756529464E-001,
                4.20392346083090E-001,
                1.21312899733015E-003,
                -4.07752671230190E-001,
                -5.26945071179699E-001,
                -4.20299972790711E-001,
                -9.74559023518271E-004,
                4.07763065267068E-001,
                -6.56005948411471E-005,
                2.00424201771290E-001,
                2.83901853908900E-001,
                5.02772292839240E-002,
                1.09959720934422E-001,
                5.04120772525142E-002,
                2.83903612912532E-001,
                5.02767474039048E-002,
                1.09957577413679E-001,
                5.04080446371331E-002,
                -6.27748265690292E-001,
                -3.37964866536922E-001,
                -1.34685537956662E-001,
                -3.37088038727059E-001,
                -6.27582801364010E-001,
                -3.37888960016629E-001,
                -1.34686515747624E-001,
                -3.37101744683992E-001,
                6.26814425729461E-001,
                2.77183216388875E-001,
                -2.30569373580662E-001,
                2.88172563473142E-001,
                6.26945745821699E-001,
                2.77403902901410E-001,
                -2.30415247166313E-001,
                2.88188735672095E-001,
                -2.38846864480077E-001,
                -4.99781662694325E-005,
                -1.69107098014893E-004,
                1.57930157761725E-002,
                6.82057799745319E-006,
                -1.59085954979630E-002,
                -1.67186538918284E-004,
                1.57917883432133E-002,
                4.04412789886236E-006,
                -1.59112823590729E-002,
                7.52715354133103E-003,
                2.15923459993013E-001,
                1.29703239266202E-004,
                -2.14564295401047E-001,
                7.67863347490055E-003,
                2.16014848945981E-001,
                1.28428069038626E-004,
                -2.14592479366177E-001,
                -1.52187967387765E-003,
                -4.90096844936545E-001,
                2.36806947516462E-003,
                4.82100935250710E-001,
                -1.42026075272679E-003,
                -4.89952381742678E-001,
                2.46528508910569E-003,
                4.82136572361752E-001,
                -3.95842919927341E-003
            ],