{
    "info" : {
        "generated_by" : "MachLine (c) 2023 USU Aerolab",
        "executed" : "Fri Jul 12 13:55:43 2024"
    },
    "mesh_info" : {
        "N_body_panels" : 48,
        "N_body_vertices" : 26,
        "N_wake_panels" : 0,
        "N_wake_filaments" : 0,
        "average_characteristic_length" : 4.76931360312427E-001,
        "max_flow_turning_angle" : 9.00000000000000E+001
    },
    "solver_results" : {
        "solver_status_code" : 0,
        "system_dimension" : 26,
        "timing" : {
            "system_sorting" : 2.30000000000000E-006,
            "preconditioner" : 5.20000000000000E-006,
            "matrix_solver" : 1.47000000000000E-005
        },
        "iterations" : 6,
        "residual" : {
            "max" : 1.33226762955019E-015,
            "norm" : 2.89394298601323E-015
        }
    },
    "pressure_calculations" : {
        "incompressible_rule" : {
            "max" : 6.44503340573776E-001,
            "min" : -6.48444893046657E-001
        }
    },
    "total_forces" : {
        "Cx" : 4.29045687866392E-012,
        "Cy" : -3.60822483003176E-016,
        "Cz" : 4.16333634234434E-016
    },
    "total_moments" : {
        "CMx" : -1.73472347597681E-017,
        "CMy" : -2.94902990916057E-016,
        "CMz" : -5.27355936696949E-016
    },
    "CF_sensitivities" : {
        "d_CFx" : [
                5.70345108135829E-001,
                -1.97635345590729E-002,
                -9.15675347444662E-002,
                -1.64117253063506E-001,
                -9.14928856463511E-002,
                -1.97635345596404E-002,
                -9.15675347428151E-002,
                -1.64117253060243E-001,
                -9.14928856442691E-002,
                4.55974554276677E-002,
                4.73487525347391E-002,
                4.73141423617800E-002,
                4.73487506026409E-002,
                4.55974554261274E-002,
                4.73487525372049E-002,
                4.73141423617778E-002,
                4.73487506070409E-002,
                -1.58838068520015E-001,
                -8.66118160002710E-002,
                -1.56272525032755E-002,
                -8.66864756150550E-002,
                -1.58838068558581E-001,
                -8.66118160179121E-002,
                -1.56272525300754E-002,
                -8.66864755946570E-002,
                5.55765334592884E-001,
                -7.02603460861357E-013,
                1.43660271670614E-001,
                2.65181082782930E-001,
                -1.89406254043964E-004,
                -2.65105848776889E-001,
                -1.43660271673381E-001,
                -2.65181082787791E-001,
                1.89406249826930E-004,
                2.65105848773942E-001,
                2.32389930564159E-001,
                -6.68460691998104E-002,
                4.37448136159072E-005,
                6.68650894037075E-002,
                -2.32389930569470E-001,
                6.68460691984667E-002,
                -4.37448136097243E-005,
                -6.68650894084939E-002,
                -4.68999286590551E-001,
                -1.67957803382095E-001,
                -6.02410324913970E-005,
                1.67974683056258E-001,
                4.68999286558682E-001,
                1.67957803354606E-001,
                6.02410025999824E-005,
                -1.67974683099428E-001,
                -3.28962390597916E-012,
                -3.28154909170042E-012,
                2.35767251535865E-004,
                -1.70538070999006E-001,
                -4.76288977226362E-001,
                -1.70537830354489E-001,
                -2.35767252932128E-004,
                1.70538070995086E-001,
                4.76288977221104E-001,
                1.70537830350024E-001,
                -6.23602115784204E-007,
                -6.61189969499023E-002,
                2.31992867342064E-001,
                -6.61187261904424E-002,
                6.23597553763297E-007,
                6.61189969479683E-002,
                -2.31992867343425E-001,
                6.61187261854329E-002,
                3.18147761512722E-004,
                2.62618654112955E-001,
                1.37911142499325E-001,
                2.62734033334116E-001,
                -3.18147791076958E-004,
                -2.62618654151136E-001,
                -1.37911142528180E-001,
                -2.62734033369822E-001,
                -5.34072812254895E-012
            ],
        "d_CFy" : [
                -8.18438383815207E-017,
                -2.63930413319063E-001,
                -1.16141127702904E-001,
                -2.82602000512560E-015,
                1.16141127718194E-001,
                2.63930413319128E-001,
                1.16141127703144E-001,
                1.37319253852958E-013,
                -1.16141127718264E-001,
                1.03848549531571E-001,
                -2.56678310204731E-002,
                1.34692517887346E-013,
                2.56678310255744E-002,
                -1.03848549525990E-001,
                2.56678310171196E-002,
                -1.42613438088403E-013,
                -2.56678310220463E-002,
                1.25241094375818E-001,
                1.57658562858540E-001,
                -1.57348469483441E-011,
                -1.57659511843900E-001,
                -1.25241094362869E-001,
                -1.57658562841204E-001,
                2.14434135218834E-011,
                1.57659511834904E-001,
                -4.11923037887256E-012,
                1.93714789396081E-001,
                2.92841122882251E-001,
                5.21424597534424E-002,
                1.04735199058895E-001,
                5.21452697554536E-002,
                2.92841122882460E-001,
                5.21424597533964E-002,
                1.04735199058763E-001,
                5.21452697551926E-002,
                -4.60979743432982E-001,
                -3.00877995641226E-001,
                -1.35689870605147E-001,
                -3.00940216039216E-001,
                -4.60979743421547E-001,
                -3.00877995636764E-001,
                -1.35689870605218E-001,
                -3.00940216039380E-001,
                -5.72984725335425E-002,
                1.99242622298896E-001,
                1.70003610392387E-001,
                1.99242622309262E-001,
                -5.72984725258057E-002,
                1.99242622311815E-001,
                1.70003610402991E-001,
                1.99242622315292E-001,
                2.20365378662746E-001,
                5.42396425958381E-006,
                -2.67896823918836E-006,
                9.06051197506713E-003,
                1.93366457236345E-006,
                -9.05934725427054E-003,
                -2.67896814291706E-006,
                9.06051197503577E-003,
                1.93366440729545E-006,
                -9.05934725449337E-003,
                3.01824384309896E-006,
                1.64520709249967E-001,
                1.16885391495847E-013,
                -1.64519829510120E-001,
                3.01825440021111E-006,
                1.64520709255671E-001,
                2.41736479532073E-014,
                -1.64519829511386E-001,
                -1.91936261999098E-004,
                9.21806532927708E-003,
                -7.22640691077241E-012,
                -9.21711635093730E-003,
                -1.91936256934283E-004,
                9.21806533993241E-003,
                2.59787584540753E-012,
                -9.21711634452302E-003,
                3.83613050471777E-004
            ],