{
    "info" : {
        "generated_by" : "MachLine (c) 2023 USU Aerolab",
        "executed" : "Fri Jul 12 13:54:23 2024"
    },
    "mesh_info" : {
        "N_body_panels" : 48,
        "N_body_vertices" : 26,
        "N_wake_panels" : 0,
        "N_wake_filaments" : 0,
        "average_characteristic_length" : 4.76931360312427E-001,
        "max_flow_turning_angle" : 9.00000000000000E+001
    },
    "solver_results" : {
        "solver_status_code" : 0,
        "system_dimension" : 26,
        "timing" : {
            "system_sorting" : 2.10000000000000E-006,
            "preconditioner" : 5.80000000000000E-006,
            "matrix_solver" : 1.44000000000000E-005
        },
        "iterations" : 6,
        "residual" : {
            "max" : 1.98244432659315E-013,
            "norm" : 3.41662124271126E-013
        }
    },
    "pressure_calculations" : {
        "incompressible_rule" : {
            "max" : 6.44561432954890E-001,
            "min" : -6.48270173884814E-001
        }
    },
    "total_forces" : {
        "Cx" : 4.83080894887328E-005,
        "Cy" : 9.64506252643105E-016,
        "Cz" : -2.35922392732846E-016
    },
    "total_moments" : {
        "CMx" : -2.84402220523949E-010,
        "CMy" : 4.85722573273506E-016,
        "CMz" : 9.78384040450919E-016
    },
    "CF_sensitivities" : {
        "d_CFx" : [
                8.42876733665836E-001,
                -4.28025348600328E-002,
                -1.07869925052378E-001,
                -1.52913774674122E-001,
                -8.69067799626534E-002,
                -4.28014527995870E-002,
                -1.07864031272551E-001,
                -1.52910643908135E-001,
                -8.69020705060698E-002,
                1.66285226039167E-002,
                -1.88921319058299E-003,
                -1.57776982708606E-002,
                1.26709871861674E-003,
                1.66197614323604E-002,
                -1.87672942039563E-003,
                -1.57746869869997E-002,
                1.27751601119375E-003,
                -3.41611872379355E-001,
                -2.53958817345462E-001,
                -1.91116092081226E-001,
                -2.78239381456767E-001,
                -3.41729622171841E-001,
                -2.54014915194514E-001,
                -1.91228078602633E-001,
                -2.78116831637460E-001,
                2.06704450056315E+000,
                -1.11380247303895E-006,
                2.79187840078539E-001,
                3.27546254345634E-001,
                -6.34254262761982E-004,
                -3.13528947170625E-001,
                -2.79195920900496E-001,
                -3.27562742479020E-001,
                6.16760904336909E-004,
                3.13513216803633E-001,
                -1.31299116880064E-001,
                -2.96715235337579E-001,
                -1.44422027278417E-002,
                3.17851124988936E-001,
                1.31274661000048E-001,
                2.96716637119280E-001,
                1.44477077938137E-002,
                -3.17869698324323E-001,
                -1.70103587070943E-001,
                4.98395095546263E-002,
                -2.28651391043530E-002,
                -6.53716479029831E-002,
                1.69977765742535E-001,
                -4.99246282979168E-002,
                2.27642107196855E-002,
                6.52275611745220E-002,
                -2.55344562771130E-005,
                -4.50727118184645E-006,
                1.97008227649154E-002,
                -2.43011957582266E-001,
                -5.29603808570177E-001,
                -2.56027350409934E-001,
                -1.97097241355927E-002,
                2.42991684917988E-001,
                5.29586845160011E-001,
                2.56014733149264E-001,
                1.67024895324125E-002,
                1.74221785365918E-001,
                5.63919765711653E-001,
                1.92360864852212E-001,
                -1.67177882329414E-002,
                -1.74222182437292E-001,
                -5.63919443227444E-001,
                -1.92377153854463E-001,
                6.08599441085354E-004,
                3.45661618493571E-002,
                -1.90567341981528E-001,
                5.05840726216480E-002,
                -7.20664065923701E-004,
                -3.46753258843057E-002,
                1.90441754845802E-001,
                -5.07356680625646E-002,
                -1.99450123282676E-005
            ],
        "d_CFy" : [
                4.80301502152634E-017,
                -2.59508243907677E-001,
                -1.12158833244123E-001,
                -2.83302032967781E-005,
                1.12280805301967E-001,
                2.59507795609452E-001,
                1.12159341673553E-001,
                2.88885379696199E-005,
                -1.12281198675984E-001,
                -1.32117317749975E-001,
                -1.75647215215721E-001,
                -1.47767152390977E-004,
                1.74778836462086E-001,
                1.32140724353277E-001,
                1.75634573484141E-001,
                1.47835819760947E-004,
                -1.74770055347064E-001,
                5.26626372111643E-001,
                4.20446512477123E-001,
                1.34465544716491E-003,
                -4.07722358635383E-001,
                -5.26605381355420E-001,
                -4.20392010415068E-001,
                -1.32045740172065E-003,
                4.07718351088010E-001,
                -9.83542034204182E-006,
                2.00416817357636E-001,
                2.83902534531040E-001,
                5.02551469465203E-002,
                1.09961004586362E-001,
                5.03994858713049E-002,
                2.83902764272603E-001,
                5.02548280041618E-002,
                1.09960597788167E-001,
                5.03988921111150E-002,
                -6.27771571527453E-001,
                -3.37900937354244E-001,
                -1.34701376749577E-001,
                -3.37075371172343E-001,
                -6.27736958843392E-001,
                -3.37889180217888E-001,
                -1.34701520000910E-001,
                -3.37078228988035E-001,
                6.26806254491765E-001,
                2.77315909837424E-001,
                -2.30428797099139E-001,
                2.88207988514875E-001,
                6.26823716845178E-001,
                2.77357689575789E-001,
                -2.30400868497383E-001,
                2.88197487530620E-001,
                -2.38575727574809E-001,
                -5.25515447589016E-005,
                -1.68993528685442E-004,
                1.58350933169698E-002,
                5.88167992009826E-006,
                -1.59339026785414E-002,
                -1.68867324635427E-004,
                1.58350898764212E-002,
                5.50853778575422E-006,
                -1.59346242287663E-002,
                7.57008517757237E-003,
                2.15973035258440E-001,
                1.38534341446504E-004,
                -2.14532612888819E-001,
                7.60025509191522E-003,
                2.15987476756896E-001,
                1.38284205050283E-004,
                -2.14529035235562E-001,
                -1.44979446326583E-003,
                -4.89920247732822E-001,
                2.40777177609279E-003,
                4.81963681622517E-001,
                -1.43326635950377E-003,
                -4.89898839356944E-001,
                2.43469950909066E-003,
                4.81980131894461E-001,
                -3.87868850111673E-003
            ],