{
    "info" : {
        "generated_by" : "MachLine (c) 2023 USU Aerolab",
        "executed" : "Fri Jul 12 13:55:40 2024"
    },
    "mesh_info" : {
        "N_body_panels" : 48,
        "N_body_vertices" : 26,
        "N_wake_panels" : 0,
        "N_wake_filaments" : 0,
        "average_characteristic_length" : 4.76931360312427E-001,
        "max_flow_turning_angle" : 9.00000000000000E+001
    },
    "solver_results" : {
        "solver_status_code" : 0,
        "system_dimension" : 26,
        "timing" : {
            "system_sorting" : 1.90000000000000E-006,
            "preconditioner" : 5.50000000000000E-006,
            "matrix_solver" : 1.38000000000000E-005
        },
        "iterations" : 6,
        "residual" : {
            "max" : 1.77635683940025E-015,
            "norm" : 4.35069913698036E-015
        }
    },
    "pressure_calculations" : {
        "incompressible_rule" : {
            "max" : 6.44527241041823E-001,
            "min" : -6.48368830878207E-001
        }
    },
    "total_forces" : {
        "Cx" : 4.00388056043255E-012,
        "Cy" : 9.29811783123569E-016,
        "Cz" : -5.27355936696949E-016
    },
    "total_moments" : {
        "CMx" : -1.21430643318376E-017,
        "CMy" : 5.65519853168439E-016,
        "CMz" : 9.08995101411847E-016
    },
    "CF_sensitivities" : {
        "d_CFx" : [
                5.73743693978213E-001,
                6.24106161303051E-003,
                -8.85267496751629E-002,
                -1.69539339732869E-001,
                -8.98462808246145E-002,
                6.24106161412763E-003,
                -8.85267496718156E-002,
                -1.69539339723041E-001,
                -8.98462808260093E-002,
                3.59953763026108E-002,
                4.88375598483992E-002,
                6.28844300372633E-002,
                4.96718597468033E-002,
                3.59953763007375E-002,
                4.88375598563198E-002,
                6.28844300392530E-002,
                4.96718597519430E-002,
                -2.02093595839826E-001,
                -1.38552491763102E-001,
                -9.09793648985674E-002,
                -1.36847550753466E-001,
                -2.02093595878345E-001,
                -1.38552491873835E-001,
                -9.09793649251175E-002,
                -1.36847550730701E-001,
                6.84435270868092E-001,
                -1.65173871151317E-012,
                1.31537269784739E-001,
                2.56787621603582E-001,
                -2.40459100252788E-004,
                -2.58679142280243E-001,
                -1.31537269790199E-001,
                -2.56787621608653E-001,
                2.40459091623237E-004,
                2.58679142276836E-001,
                2.26318114603640E-001,
                -6.50530855360957E-002,
                5.73776615456340E-006,
                6.63230929838245E-002,
                -2.26318114615488E-001,
                6.50530855355562E-002,
                -5.73777053662330E-006,
                -6.63230929937621E-002,
                -4.49987269329616E-001,
                -1.74246270879600E-001,
                -3.02295117047475E-003,
                1.68865075054008E-001,
                4.49987269293184E-001,
                1.74246270872846E-001,
                3.02295111891834E-003,
                -1.68865075130355E-001,
                -2.76596268390735E-011,
                -1.82085049798734E-012,
                -2.83045742087070E-004,
                -1.66502531218943E-001,
                -4.76871362034332E-001,
                -1.65586836087882E-001,
                2.83045741773667E-004,
                1.66502531205816E-001,
                4.76871362027760E-001,
                1.65586836086219E-001,
                3.85686481515305E-004,
                -7.55984824206990E-002,
                2.50523744531015E-001,
                -7.56004198369210E-002,
                -3.85686488267780E-004,
                7.55984824145978E-002,
                -2.50523744532620E-001,
                7.56004198311406E-002,
                -3.58297859557790E-003,
                2.73373002547614E-001,
                1.11368891685854E-001,
                2.77665793768594E-001,
                3.58297855216265E-003,
                -2.73373002613370E-001,
                -1.11368891713029E-001,
                -2.77665793824262E-001,
                -4.85571459060256E-012
            ],
        "d_CFy" : [
                -1.01793212046227E-016,
                -2.64127927558212E-001,
                -1.16224782227386E-001,
                -1.33265582448992E-013,
                1.16228621626791E-001,
                2.64127927558078E-001,
                1.16224782227536E-001,
                1.73551489300074E-013,
                -1.16228621627207E-001,
                1.14325427845438E-001,
                -3.43056052480002E-002,
                -1.60096658676027E-005,
                3.21416860846750E-002,
                -1.14325427828734E-001,
                3.43056052418812E-002,
                1.60096658923235E-005,
                -3.21416860795618E-002,
                1.22187060793178E-001,
                1.53930292703038E-001,
                -1.23245206782747E-003,
                -1.55649990389200E-001,
                -1.22187060789335E-001,
                -1.53930292674969E-001,
                1.23245208289684E-003,
                1.55649990373132E-001,
                -4.37472141727978E-012,
                1.93627211652104E-001,
                2.91751436103862E-001,
                5.23948086776798E-002,
                1.04910670130687E-001,
                5.24172880313613E-002,
                2.91751436104074E-001,
                5.23948086775834E-002,
                1.04910670130503E-001,
                5.24172880309337E-002,
                -4.30403521491577E-001,
                -3.07686386314679E-001,
                -1.36107740117900E-001,
                -3.07853420103614E-001,
                -4.30403521471198E-001,
                -3.07686386308323E-001,
                -1.36107740117944E-001,
                -3.07853420107468E-001,
                -5.01218724134511E-002,
                2.28355972006615E-001,
                1.83080691674154E-001,
                2.28356393467284E-001,
                -5.01218724025072E-002,
                2.28355972023504E-001,
                1.83080691692567E-001,
                2.28356393474800E-001,
                2.29855852713403E-001,
                2.33680866731410E-004,
                1.40907750170033E-005,
                9.02885343889076E-003,
                1.37556055227808E-005,
                -9.03545013801677E-003,
                1.40907752363320E-005,
                9.02885343887835E-003,
                1.37556052635070E-005,
                -9.03545013837592E-003,
                2.31747405430724E-003,
                1.44242968772385E-001,
                -6.94183801201594E-005,
                -1.44242256761399E-001,
                2.31747406965597E-003,
                1.44242968783305E-001,
                -6.94183802831519E-005,
                -1.44242256760528E-001,
                -1.77493780526051E-003,
                -3.26480021215297E-003,
                -1.30214477794451E-011,
                4.60518819051892E-003,
                -1.77493780597187E-003,
                -3.26480020112491E-003,
                7.14455288857347E-012,
                4.60518819652594E-003,
                1.70464462994935E-002
            ],