{
    "info" : {
        "generated_by" : "MachLine (c) 2023 USU Aerolab",
        "executed" : "Fri Jul 12 13:54:39 2024"
    },
    "mesh_info" : {
        "N_body_panels" : 48,
        "N_body_vertices" : 26,
        "N_wake_panels" : 0,
        "N_wake_filaments" : 0,
        "average_characteristic_length" : 4.76931360312427E-001,
        "max_flow_turning_angle" : 9.00000000000000E+001
    },
    "solver_results" : {
        "solver_status_code" : 0,
        "system_dimension" : 26,
        "timing" : {
            "system_sorting" : 1.26000000000000E-005,
            "preconditioner" : 5.70000000000000E-006,
            "matrix_solver" : 1.47000000000000E-005
        },
        "iterations" : 6,
        "residual" : {
            "max" : 3.59599266004658E-015,
            "norm" : 8.65180112942081E-015
        }
    },
    "pressure_calculations" : {
        "incompressible_rule" : {
            "max" : 6.44562585810739E-001,
            "min" : -6.48259663228532E-001
        }
    },
    "total_forces" : {
        "Cx" : 2.25214243605720E-006,
        "Cy" : -5.20417042793042E-016,
        "Cz" : -2.63677968348475E-016
    },
    "total_moments" : {
        "CMx" : -1.17581413355827E-011,
        "CMy" : 2.74086309204336E-016,
        "CMz" : -4.92661467177413E-016
    },
    "CF_sensitivities" : {
        "d_CFx" : [
                8.42882668695978E-001,
                -4.27874787738025E-002,
                -1.07860395578668E-001,
                -1.52918068936714E-001,
                -8.68967199287938E-002,
                -4.27879991846849E-002,
                -1.07860205356305E-001,
                -1.52917863597222E-001,
                -8.68962598848143E-002,
                1.66430309468792E-002,
                -1.88600992973043E-003,
                -1.57828906594428E-002,
                1.28188550929975E-003,
                1.66424752909282E-002,
                -1.88478334651565E-003,
                -1.57829350468734E-002,
                1.28252835412423E-003,
                -3.41546225900426E-001,
                -2.54015492793474E-001,
                -1.91039454036029E-001,
                -2.78143626889130E-001,
                -3.41547510359704E-001,
                -2.54022909132898E-001,
                -1.91039214205584E-001,
                -2.78144714128309E-001,
                2.06700279962754E+000,
                1.29190042702180E-007,
                2.79184948813554E-001,
                3.27550209820912E-001,
                -6.33919660066476E-004,
                -3.13508620411904E-001,
                -2.79185375241919E-001,
                -3.27551033547786E-001,
                6.33018572768385E-004,
                3.13508017426807E-001,
                -1.31315698459536E-001,
                -2.96715071187585E-001,
                -1.44502203373153E-002,
                3.17862279298928E-001,
                1.31314754555990E-001,
                2.96715311788740E-001,
                1.44503954443301E-002,
                -3.17863106928353E-001,
                -1.70051574961561E-001,
                4.98514608867066E-002,
                -2.27698806544684E-002,
                -6.52944835618783E-002,
                1.70045516046165E-001,
                -4.98555556017651E-002,
                2.27641396596282E-002,
                6.52877970433914E-002,
                -1.63025491589234E-006,
                -1.41653495332434E-007,
                1.97057983510208E-002,
                -2.42985986453633E-001,
                -5.29610191031441E-001,
                -2.56021379047173E-001,
                -1.97060418522667E-002,
                2.42984896786495E-001,
                5.29609340151850E-001,
                2.56020926732644E-001,
                1.66945374393342E-002,
                1.74225413778886E-001,
                5.63941136012566E-001,
                1.92360134650277E-001,
                -1.66951190345627E-002,
                -1.74225697187782E-001,
                -5.63940984498984E-001,
                -1.92360893988418E-001,
                6.47550021161730E-004,
                3.46307836992585E-002,
                -1.90541162664360E-001,
                5.07157974449154E-002,
                -6.51815669961659E-004,
                -3.46363661985926E-002,
                1.90536839270551E-001,
                -5.07206449724049E-002,
                -2.31467744487024E-006
            ],
        "d_CFy" : [
                -1.59176015843711E-016,
                -2.59506291159470E-001,
                -1.12165762150566E-001,
                -2.85017252707495E-005,
                1.12285962393095E-001,
                2.59506308515622E-001,
                1.12165812532224E-001,
                2.85462225361197E-005,
                -1.12285982617056E-001,
                -1.32106152813875E-001,
                -1.75634959691675E-001,
                -1.48004025463056E-004,
                1.74774530374655E-001,
                1.32107330339680E-001,
                1.75634423060034E-001,
                1.48006890171904E-004,
                -1.74774182305152E-001,
                5.26520567134092E-001,
                4.20542230161824E-001,
                1.39031615725429E-003,
                -4.07802223284121E-001,
                -5.26519330261572E-001,
                -4.20539094919405E-001,
                -1.38790343528596E-003,
                4.07801099398010E-001,
                -5.52055570830424E-007,
                2.00415961191941E-001,
                2.83899872131146E-001,
                5.02482157616224E-002,
                1.09962011150779E-001,
                5.03943588789711E-002,
                2.83899893841814E-001,
                5.02482140588375E-002,
                1.09961990541674E-001,
                5.03943297187793E-002,
                -6.27767970559408E-001,
                -3.37887950244480E-001,
                -1.34703490156487E-001,
                -3.37073681018206E-001,
                -6.27766447044979E-001,
                -3.37887433376684E-001,
                -1.34703503529234E-001,
                -3.37073803659181E-001,
                6.26816958227033E-001,
                2.77355991397923E-001,
                -2.30412193706105E-001,
                2.88222201188198E-001,
                6.26815844841921E-001,
                2.77358059363536E-001,
                -2.30410711291020E-001,
                2.88223480281160E-001,
                -2.38534962566525E-001,
                -5.29764843981226E-005,
                -1.69209354072317E-004,
                1.58447757496654E-002,
                5.71737682383827E-006,
                -1.59415939803170E-002,
                -1.69199586884409E-004,
                1.58447698609385E-002,
                5.69901433875990E-006,
                -1.59416305125711E-002,
                7.58231758355247E-003,
                2.15976473478172E-001,
                1.39885831579784E-004,
                -2.14524314558417E-001,
                7.58377785750803E-003,
                2.15977214137675E-001,
                1.39875530620396E-004,
                -2.14524465000864E-001,
                -1.46420662550849E-003,
                -4.89872866355694E-001,
                2.42633042397906E-003,
                4.81940375968977E-001,
                -1.46337199946506E-003,
                -4.89872020957991E-001,
                2.42727417156270E-003,
                4.81940936797508E-001,
                -3.84247723977720E-003
            ],