{
    "info" : {
        "generated_by" : "MachLine (c) 2023 USU Aerolab",
        "executed" : "Fri Jul 12 13:55:22 2024"
    },
    "mesh_info" : {
        "N_body_panels" : 48,
        "N_body_vertices" : 26,
        "N_wake_panels" : 0,
        "N_wake_filaments" : 0,
        "average_characteristic_length" : 4.76931360312427E-001,
        "max_flow_turning_angle" : 9.00000000000000E+001
    },
    "solver_results" : {
        "solver_status_code" : 0,
        "system_dimension" : 26,
        "timing" : {
            "system_sorting" : 2.20000000000000E-006,
            "preconditioner" : 6.80000000000000E-006,
            "matrix_solver" : 1.47000000000000E-005
        },
        "iterations" : 6,
        "residual" : {
            "max" : 8.88178419700125E-016,
            "norm" : 2.79446897958047E-015
        }
    },
    "pressure_calculations" : {
        "incompressible_rule" : {
            "max" : 6.44560507809320E-001,
            "min" : -6.48263036071735E-001
        }
    },
    "total_forces" : {
        "Cx" : 1.40037120788250E-010,
        "Cy" : -1.45716771982052E-016,
        "Cz" : -7.63278329429795E-017
    },
    "total_moments" : {
        "CMx" : -4.45130043935649E-015,
        "CMy" : 1.63064006741820E-016,
        "CMz" : -1.73472347597681E-016
    },
    "CF_sensitivities" : {
        "d_CFx" : [
                8.03890175984304E-001,
                -4.19494168511060E-002,
                -9.71269565318040E-002,
                -1.36030129499888E-001,
                -7.99483242426228E-002,
                -4.19494170049968E-002,
                -9.71269564689221E-002,
                -1.36030129339122E-001,
                -7.99483242880547E-002,
                2.51304468380347E-002,
                -1.28062693693010E-003,
                -2.30738752706301E-002,
                2.14544427069496E-003,
                2.51304466812807E-002,
                -1.28062662845618E-003,
                -2.30738752940367E-002,
                2.14544453147081E-003,
                -3.19067749552923E-001,
                -2.29153836693465E-001,
                -1.61528623435168E-001,
                -2.51530015666177E-001,
                -3.19067751552923E-001,
                -2.29153836564499E-001,
                -1.61528625501472E-001,
                -2.51530015353012E-001,
                1.82293714593918E+000,
                2.34937806994232E-011,
                2.86902887498141E-001,
                3.11392637738768E-001,
                -2.43691668518572E-003,
                -3.01918709430528E-001,
                -2.86902887617426E-001,
                -3.11392637924944E-001,
                2.43691650259700E-003,
                3.01918709360312E-001,
                -1.18970667006389E-001,
                -2.70780074824945E-001,
                -1.48822426472638E-002,
                3.09289817907849E-001,
                1.18970666765020E-001,
                2.70780074840298E-001,
                1.48822427156350E-002,
                -3.09289818172316E-001,
                -1.76128087782390E-001,
                5.12549682420373E-002,
                -2.48196004090770E-002,
                -7.01205997945365E-002,
                1.76128085044408E-001,
                -5.12549687361760E-002,
                2.48195987814541E-002,
                7.01205977415800E-002,
                -3.03629714471951E-010,
                -5.14918393544111E-011,
                2.15530604327904E-002,
                -2.38109413675970E-001,
                -4.98627421417573E-001,
                -2.55808201109210E-001,
                -2.15530604838138E-002,
                2.38109413499350E-001,
                4.98627421142780E-001,
                2.55808200949283E-001,
                1.72242261523535E-002,
                1.53264421922143E-001,
                5.34950895743390E-001,
                1.88634829156474E-001,
                -1.72242263395806E-002,
                -1.53264422013439E-001,
                -5.34950895716840E-001,
                -1.88634829360776E-001,
                2.51175709685263E-003,
                3.76223719595637E-002,
                -1.99994582591109E-001,
                5.05419865334382E-002,
                -2.51175856535711E-003,
                -3.76223734876099E-002,
                1.99994581218018E-001,
                -5.05419885205027E-002,
                -2.03164294733931E-010
            ],
        "d_CFy" : [
                -3.01822721426151E-016,
                -2.60115504338774E-001,
                -1.12172010217148E-001,
                -7.17713510849683E-005,
                1.12359268493548E-001,
                2.60115504335369E-001,
                1.12172010218874E-001,
                7.17713569669439E-005,
                -1.12359268496454E-001,
                -1.40554493092927E-001,
                -1.68050362019431E-001,
                -1.49958209622897E-004,
                1.66131157864115E-001,
                1.40554493385480E-001,
                1.68050361869644E-001,
                1.49958212636720E-004,
                -1.66131157720311E-001,
                5.31036698379131E-001,
                4.07034603326738E-001,
                1.02905279149686E-003,
                -3.85883353392744E-001,
                -5.31036697355672E-001,
                -4.07034603025970E-001,
                -1.02905256036754E-003,
                3.85883352713093E-001,
                -4.40340701818410E-011,
                2.00531562813550E-001,
                2.85111381513045E-001,
                4.98839110757832E-002,
                1.09611394862701E-001,
                5.01252661099390E-002,
                2.85111381520985E-001,
                4.98839110713276E-002,
                1.09611394856615E-001,
                5.01252660990372E-002,
                -6.50183746892341E-001,
                -3.20037692548089E-001,
                -1.34587587662050E-001,
                -3.18023981234118E-001,
                -6.50183746396391E-001,
                -3.20037692383070E-001,
                -1.34587587665419E-001,
                -3.18023981281895E-001,
                6.54199111849350E-001,
                2.55938527163660E-001,
                -2.22307313344557E-001,
                2.63419176473420E-001,
                6.54199111786461E-001,
                2.55938527742345E-001,
                -2.22307312857366E-001,
                2.63419176692454E-001,
                -2.46842044883597E-001,
                -1.55573473377026E-004,
                -1.54623876565922E-004,
                1.56652274697918E-002,
                -1.66873931759073E-005,
                -1.56683518637618E-002,
                -1.54623872573173E-004,
                1.56652274668000E-002,
                -1.66873992382271E-005,
                -1.56683518727809E-002,
                8.43433086507060E-003,
                2.07416402319658E-001,
                1.52948803806424E-004,
                -2.03633314573764E-001,
                8.43433131240673E-003,
                2.07416402575143E-001,
                1.52948800308868E-004,
                -2.03633314686908E-001,
                -1.43509045321652E-003,
                -4.72736408178801E-001,
                6.57034620268041E-003,
                4.60505357350979E-001,
                -1.43509041576915E-003,
                -4.72736407760416E-001,
                6.57034660685111E-003,
                4.60505357472086E-001,
                -1.00254597742313E-002
            ],