{
    "info" : {
        "generated_by" : "MachLine (c) 2023 USU Aerolab",
        "executed" : "Fri Jul 12 13:54:40 2024"
    },
    "mesh_info" : {
        "N_body_panels" : 48,
        "N_body_vertices" : 26,
        "N_wake_panels" : 0,
        "N_wake_filaments" : 0,
        "average_characteristic_length" : 4.76931360312427E-001,
        "max_flow_turning_angle" : 9.00000000000000E+001
    },
    "solver_results" : {
        "solver_status_code" : 0,
        "system_dimension" : 26,
        "timing" : {
            "system_sorting" : 1.11000000000000E-005,
            "preconditioner" : 5.00000000000000E-006,
            "matrix_solver" : 1.45000000000000E-005
        },
        "iterations" : 6,
        "residual" : {
            "max" : 1.08403897124474E-014,
            "norm" : 1.61365187110529E-014
        }
    },
    "pressure_calculations" : {
        "incompressible_rule" : {
            "max" : 6.44562038116015E-001,
            "min" : -6.48258169396045E-001
        }
    },
    "total_forces" : {
        "Cx" : 2.56531675012217E-006,
        "Cy" : 2.28983498828939E-016,
        "Cz" : -4.16333634234434E-016
    },
    "total_moments" : {
        "CMx" : -1.18634095602754E-011,
        "CMy" : 3.12250225675825E-016,
        "CMz" : 1.31838984174237E-016
    },
    "CF_sensitivities" : {
        "d_CFx" : [
                8.42882832310139E-001,
                -4.27878056855421E-002,
                -1.07860188805976E-001,
                -1.52917608595393E-001,
                -8.68967118820630E-002,
                -4.27880122082868E-002,
                -1.07860805581002E-001,
                -1.52917470089190E-001,
                -8.68963492431891E-002,
                1.66424384817734E-002,
                -1.88579453219595E-003,
                -1.57831502326760E-002,
                1.28201674099193E-003,
                1.66414753747848E-002,
                -1.88548681325740E-003,
                -1.57832860016849E-002,
                1.28253750232799E-003,
                -3.41545998490110E-001,
                -2.54014100502964E-001,
                -1.91038931685033E-001,
                -2.78144936561558E-001,
                -3.41551384215044E-001,
                -2.54021903844071E-001,
                -1.91038350998883E-001,
                -2.78141516544970E-001,
                2.06700476218571E+000,
                1.07359551729605E-007,
                2.79185353746429E-001,
                3.27550177217827E-001,
                -6.33697869083132E-004,
                -3.13508576978939E-001,
                -2.79185698222311E-001,
                -3.27550981841670E-001,
                6.33045831461171E-004,
                3.13507913827771E-001,
                -1.31316033187191E-001,
                -2.96716011313431E-001,
                -1.44499503941889E-002,
                3.17862795788135E-001,
                1.31315634061648E-001,
                2.96715603347710E-001,
                1.44500310701943E-002,
                -3.17863502615881E-001,
                -1.70051141857351E-001,
                4.98528863799961E-002,
                -2.27699007228099E-002,
                -6.52941985377140E-002,
                1.70043369416982E-001,
                -4.98562238564092E-002,
                2.27648737070303E-002,
                6.52888709563241E-002,
                -3.00292873746207E-006,
                3.47273979042331E-008,
                1.97057550329793E-002,
                -2.42985988428055E-001,
                -5.29610729403239E-001,
                -2.56021273228258E-001,
                -1.97061314026442E-002,
                2.42984718060563E-001,
                5.29609858467290E-001,
                2.56020804861680E-001,
                1.66948098778418E-002,
                1.74226262428174E-001,
                5.63941290010892E-001,
                1.92361540977255E-001,
                -1.66952056490906E-002,
                -1.74226710736069E-001,
                -5.63941401951524E-001,
                -1.92361796332969E-001,
                6.46810656113257E-004,
                3.46301444721034E-002,
                -1.90541662743377E-001,
                5.07135307177507E-002,
                -6.51564314235989E-004,
                -3.46356744413711E-002,
                1.90539820261378E-001,
                -5.07198644658592E-002,
                -5.26133098573261E-007
            ],
        "d_CFy" : [
                -1.98850771746485E-017,
                -2.59506587062248E-001,
                -1.12165461356429E-001,
                -2.85021905891161E-005,
                1.12285628249666E-001,
                2.59506575433820E-001,
                1.12165487951130E-001,
                2.85245138145044E-005,
                -1.12285615015940E-001,
                -1.32106469223516E-001,
                -1.75634872645094E-001,
                -1.48061637509723E-004,
                1.74774411302268E-001,
                1.32107343958227E-001,
                1.75634330692249E-001,
                1.48058328416645E-004,
                -1.74774171025909E-001,
                5.26520614918189E-001,
                4.20540902630989E-001,
                1.38938887888466E-003,
                -4.07799772320546E-001,
                -5.26520174560806E-001,
                -4.20538227667433E-001,
                -1.38779761637917E-003,
                4.07799357082591E-001,
                -7.09560222535192E-007,
                2.00415975433116E-001,
                2.83900024613666E-001,
                5.02479914248216E-002,
                1.09962071351006E-001,
                5.03940615245891E-002,
                2.83900037445831E-001,
                5.02479886199709E-002,
                1.09962051235838E-001,
                5.03940305847224E-002,
                -6.27767576950222E-001,
                -3.37887771308619E-001,
                -1.34703772509527E-001,
                -3.37073666911303E-001,
                -6.27766277216987E-001,
                -3.37887223507379E-001,
                -1.34703780869927E-001,
                -3.37073808705623E-001,
                6.26816163059388E-001,
                2.77356455586851E-001,
                -2.30411503079973E-001,
                2.88221166894003E-001,
                6.26816530305995E-001,
                2.77358419983376E-001,
                -2.30410128739116E-001,
                2.88221872605137E-001,
                -2.38533806812019E-001,
                -5.29925108819950E-005,
                -1.69189532922817E-004,
                1.58452639475705E-002,
                5.71606970278428E-006,
                -1.59422239693253E-002,
                -1.69171324245166E-004,
                1.58452616469466E-002,
                5.69961136162271E-006,
                -1.59422588806275E-002,
                7.58259774990617E-003,
                2.15976831968930E-001,
                1.39826699518467E-004,
                -2.14524737404809E-001,
                7.58391760707563E-003,
                2.15977657358861E-001,
                1.39815202527074E-004,
                -2.14524583514609E-001,
                -1.46579364674435E-003,
                -4.89872687642647E-001,
                2.42649446487009E-003,
                4.81940877225378E-001,
                -1.46495431281149E-003,
                -4.89870965555652E-001,
                2.42792489757271E-003,
                4.81940943923756E-001,
                -3.84278687219565E-003
            ],