{
    "info" : {
        "generated_by" : "MachLine (c) 2023 USU Aerolab",
        "executed" : "Fri Jul 12 13:54:29 2024"
    },
    "mesh_info" : {
        "N_body_panels" : 48,
        "N_body_vertices" : 26,
        "N_wake_panels" : 0,
        "N_wake_filaments" : 0,
        "average_characteristic_length" : 4.76931360312427E-001,
        "max_flow_turning_angle" : 9.00000000000000E+001
    },
    "solver_results" : {
        "solver_status_code" : 0,
        "system_dimension" : 26,
        "timing" : {
            "system_sorting" : 2.00000000000000E-006,
            "preconditioner" : 5.50000000000000E-006,
            "matrix_solver" : 1.39000000000000E-005
        },
        "iterations" : 6,
        "residual" : {
            "max" : 3.43519073969984E-014,
            "norm" : 6.09828657954712E-014
        }
    },
    "pressure_calculations" : {
        "incompressible_rule" : {
            "max" : 6.44565605724883E-001,
            "min" : -6.48267032284322E-001
        }
    },
    "total_forces" : {
        "Cx" : 7.44389320059269E-006,
        "Cy" : -1.12410081243297E-015,
        "Cz" : -6.73072708679001E-016
    },
    "total_moments" : {
        "CMx" : -7.58089303137810E-011,
        "CMy" : 7.28583859910259E-016,
        "CMz" : -9.02056207507940E-016
    },
    "CF_sensitivities" : {
        "d_CFx" : [
                8.42879982144157E-001,
                -4.27897330754415E-002,
                -1.07870007211814E-001,
                -1.52919155258214E-001,
                -8.69000968331004E-002,
                -4.27952430718044E-002,
                -1.07867228782381E-001,
                -1.52915509073706E-001,
                -8.69013531333450E-002,
                1.66419674968115E-002,
                -1.88569068112843E-003,
                -1.57836191141634E-002,
                1.27751266197085E-003,
                1.66366644887717E-002,
                -1.88065855106645E-003,
                -1.57834137028625E-002,
                1.28252628345771E-003,
                -3.41543543566125E-001,
                -2.54019623763719E-001,
                -1.91058516653673E-001,
                -2.78150249466806E-001,
                -3.41565304099752E-001,
                -2.54039699802781E-001,
                -1.91056429933139E-001,
                -2.78158738662710E-001,
                2.06700912895666E+000,
                -6.07750702682185E-007,
                2.79184231791555E-001,
                3.27551175727703E-001,
                -6.35326805363184E-004,
                -3.13511041997967E-001,
                -2.79188685529207E-001,
                -3.27556249425160E-001,
                6.30803075411654E-004,
                3.13507811432773E-001,
                -1.31311131771940E-001,
                -2.96718871351419E-001,
                -1.44484310906801E-002,
                3.17860451453994E-001,
                1.31306677212888E-001,
                2.96718447740757E-001,
                1.44483678061304E-002,
                -3.17865942803840E-001,
                -1.70065542240219E-001,
                4.98429881413363E-002,
                -2.27959284002816E-002,
                -6.53142422557280E-002,
                1.70017403126605E-001,
                -4.98654017075194E-002,
                2.27609793139501E-002,
                6.52726758106383E-002,
                -3.43177997700097E-006,
                -2.15342388497561E-007,
                1.97071220191541E-002,
                -2.42991687575720E-001,
                -5.29611503098103E-001,
                -2.56024094729215E-001,
                -1.97100441209418E-002,
                2.42986506414517E-001,
                5.29606352977314E-001,
                2.56020657640791E-001,
                1.66964850244580E-002,
                1.74221853357698E-001,
                5.63939243590322E-001,
                1.92358226432843E-001,
                -1.67000975876765E-002,
                -1.74223673575159E-001,
                -5.63941298585591E-001,
                -1.92364389572045E-001,
                6.42243554230046E-004,
                3.46146268068334E-002,
                -1.90547186399784E-001,
                5.06944510554673E-002,
                -6.69514832999140E-004,
                -3.46555599750545E-002,
                1.90517670442822E-001,
                -5.07284222639817E-002,
                4.66796956055438E-006
            ],
        "d_CFy" : [
                -3.21274953122573E-017,
                -2.59505751549262E-001,
                -1.12165874658444E-001,
                -2.84302641252936E-005,
                1.12286237590314E-001,
                2.59505708012195E-001,
                1.12166110008087E-001,
                2.86098514446129E-005,
                -1.12286275786606E-001,
                -1.32113502954565E-001,
                -1.75637926202822E-001,
                -1.47914346926140E-004,
                1.74776405956865E-001,
                1.32119169482108E-001,
                1.75634843445991E-001,
                1.47928369904580E-004,
                -1.74773571080933E-001,
                5.26547943952796E-001,
                4.20543590574375E-001,
                1.36715593786825E-003,
                -4.07796860265077E-001,
                -5.26544501213163E-001,
                -4.20523036128952E-001,
                -1.36425948575518E-003,
                4.07793273673046E-001,
                -8.60619571680352E-007,
                2.00415971071224E-001,
                2.83899581988737E-001,
                5.02484751333725E-002,
                1.09962305826986E-001,
                5.03944255788440E-002,
                2.83899717402097E-001,
                5.02483436394131E-002,
                1.09962171792923E-001,
                5.03942526451487E-002,
                -6.27769012994397E-001,
                -3.37889098603640E-001,
                -1.34703367061962E-001,
                -3.37072531351361E-001,
                -6.27759486460196E-001,
                -3.37884890360998E-001,
                -1.34703436325445E-001,
                -3.37073528655389E-001,
                6.26819435037485E-001,
                2.77342529949013E-001,
                -2.30420843484784E-001,
                2.88213987179636E-001,
                6.26826144952987E-001,
                2.77355031720045E-001,
                -2.30411876818601E-001,
                2.88221466691900E-001,
                -2.38554132425805E-001,
                -5.27931173713936E-005,
                -1.69205368643196E-004,
                1.58443933405828E-002,
                5.79360853258333E-006,
                -1.59413820067287E-002,
                -1.69131480047182E-004,
                1.58443224212096E-002,
                5.65877413861208E-006,
                -1.59415975698608E-002,
                7.58116979597867E-003,
                2.15973180936969E-001,
                1.39678660752641E-004,
                -2.14522172250478E-001,
                7.59102174304784E-003,
                2.15979247584993E-001,
                1.39590534064450E-004,
                -2.14524046051050E-001,
                -1.46232350119971E-003,
                -4.89885876903011E-001,
                2.42384344922319E-003,
                4.81944669479977E-001,
                -1.45575613948636E-003,
                -4.89876793435743E-001,
                2.43183459227838E-003,
                4.81947156869316E-001,
                -3.85807657178154E-003
            ],