{
    "info" : {
        "generated_by" : "MachLine (c) 2023 USU Aerolab",
        "executed" : "Fri Jul 12 13:54:43 2024"
    },
    "mesh_info" : {
        "N_body_panels" : 48,
        "N_body_vertices" : 26,
        "N_wake_panels" : 0,
        "N_wake_filaments" : 0,
        "average_characteristic_length" : 4.76931360312427E-001,
        "max_flow_turning_angle" : 9.00000000000000E+001
    },
    "solver_results" : {
        "solver_status_code" : 0,
        "system_dimension" : 26,
        "timing" : {
            "system_sorting" : 2.00000000000000E-006,
            "preconditioner" : 9.40000000000000E-006,
            "matrix_solver" : 1.76000000000000E-005
        },
        "iterations" : 6,
        "residual" : {
            "max" : 6.34556779816143E-015,
            "norm" : 9.05327805853047E-015
        }
    },
    "pressure_calculations" : {
        "incompressible_rule" : {
            "max" : 6.44562072919453E-001,
            "min" : -6.48258721687153E-001
        }
    },
    "total_forces" : {
        "Cx" : 1.28979178098954E-006,
        "Cy" : 2.08166817117217E-016,
        "Cz" : -2.22044604925031E-016
    },
    "total_moments" : {
        "CMx" : -4.46823480992897E-012,
        "CMy" : -5.20417042793042E-017,
        "CMz" : 1.11022302462516E-016
    },
    "CF_sensitivities" : {
        "d_CFx" : [
                8.42882727479491E-001,
                -4.27878961248627E-002,
                -1.07859893595018E-001,
                -1.52918048495482E-001,
                -8.68961776137851E-002,
                -4.27881703459793E-002,
                -1.07860143852610E-001,
                -1.52918536349965E-001,
                -8.68956570545458E-002,
                1.66424445494435E-002,
                -1.88593780005220E-003,
                -1.57832944169500E-002,
                1.28203309032138E-003,
                1.66422923570297E-002,
                -1.88578065799105E-003,
                -1.57832818505244E-002,
                1.28207987521312E-003,
                -3.41543710703100E-001,
                -2.54018225353593E-001,
                -1.91037416033082E-001,
                -2.78143036994828E-001,
                -3.41546485226885E-001,
                -2.54020035513285E-001,
                -1.91039203614241E-001,
                -2.78141340614674E-001,
                2.06700314734801E+000,
                -9.71781279771840E-008,
                2.79185077537599E-001,
                3.27550449814742E-001,
                -6.33735114372097E-004,
                -3.13508086572213E-001,
                -2.79185342225185E-001,
                -3.27550693314096E-001,
                6.33456615269752E-004,
                3.13507791767264E-001,
                -1.31316545555516E-001,
                -2.96716050601995E-001,
                -1.44500580890964E-002,
                3.17863068204498E-001,
                1.31316104527771E-001,
                2.96715856630463E-001,
                1.44500763032256E-002,
                -3.17863467862818E-001,
                -1.70048414900424E-001,
                4.98524459190022E-002,
                -2.27674443977379E-002,
                -6.52925979059912E-002,
                1.70046077693739E-001,
                -4.98543060197775E-002,
                2.27647527433047E-002,
                6.52890632088578E-002,
                -9.65191812673896E-007,
                -9.16432773601501E-008,
                1.97057677441508E-002,
                -2.42985250714825E-001,
                -5.29610663986602E-001,
                -2.56021105429299E-001,
                -1.97058707671039E-002,
                2.42984830839099E-001,
                5.29610420825493E-001,
                2.56020885780280E-001,
                1.66944738248474E-002,
                1.74226226805660E-001,
                5.63942338948309E-001,
                1.92361050903615E-001,
                -1.66947605190789E-002,
                -1.74226278960382E-001,
                -5.63942435935542E-001,
                -1.92361370327966E-001,
                6.48279315692165E-004,
                3.46318014982666E-002,
                -1.90543800010754E-001,
                5.07172546823283E-002,
                -6.50410025895817E-004,
                -3.46346551959248E-002,
                1.90540421960504E-001,
                -5.07202230494262E-002,
                -2.36142998498292E-008
            ],
        "d_CFy" : [
                -1.98050956181451E-017,
                -2.59506258034522E-001,
                -1.12165649692615E-001,
                -2.85052179644819E-005,
                1.12285873517281E-001,
                2.59506272835863E-001,
                1.12165653520234E-001,
                2.85122100880437E-005,
                -1.12285872102494E-001,
                -1.32106273048087E-001,
                -1.75634550879248E-001,
                -1.48041968480226E-004,
                1.74774258659850E-001,
                1.32106644338749E-001,
                1.75634306140091E-001,
                1.48041302255943E-004,
                -1.74774109554459E-001,
                5.26517431232095E-001,
                4.20544264706181E-001,
                1.39161694781157E-003,
                -4.07802937641010E-001,
                -5.26517050268783E-001,
                -4.20542512612973E-001,
                -1.39071221047901E-003,
                4.07802529277894E-001,
                -2.08051387285503E-007,
                2.00415926603883E-001,
                2.83899936046027E-001,
                5.02480228628477E-002,
                1.09962067321054E-001,
                5.03941270228426E-002,
                2.83899947889160E-001,
                5.02480183339907E-002,
                1.09962058000967E-001,
                5.03941126844871E-002,
                -6.27768051499304E-001,
                -3.37887397104455E-001,
                -1.34703644803609E-001,
                -3.37073519544839E-001,
                -6.27767466427174E-001,
                -3.37887152179332E-001,
                -1.34703652171226E-001,
                -3.37073592713578E-001,
                6.26815513347696E-001,
                2.77357321301902E-001,
                -2.30411410470724E-001,
                2.88222973490749E-001,
                6.26815951985718E-001,
                2.77358128726189E-001,
                -2.30410698845077E-001,
                2.88223104502452E-001,
                -2.38533230607611E-001,
                -5.30114711517468E-005,
                -1.69196787577105E-004,
                1.58451478967263E-002,
                5.71548308944355E-006,
                -1.59420388070962E-002,
                -1.69190554858775E-004,
                1.58451463641256E-002,
                5.70705261016924E-006,
                -1.59420538659336E-002,
                7.58297534685034E-003,
                2.15976513171679E-001,
                1.39888063400846E-004,
                -2.14524062507521E-001,
                7.58361773034900E-003,
                2.15976944675621E-001,
                1.39884011839844E-004,
                -2.14524006699516E-001,
                -1.46472897311954E-003,
                -4.89871883198960E-001,
                2.42682386127175E-003,
                4.81940632636614E-001,
                -1.46451433869508E-003,
                -4.89871180638643E-001,
                2.42740763742485E-003,
                4.81940525666644E-001,
                -3.84162513214219E-003
            ],