{
    "info" : {
        "generated_by" : "MachLine (c) 2023 USU Aerolab",
        "executed" : "Fri Jul 12 13:56:23 2024"
    },
    "mesh_info" : {
        "N_body_panels" : 48,
        "N_body_vertices" : 26,
        "N_wake_panels" : 0,
        "N_wake_filaments" : 0,
        "average_characteristic_length" : 4.76931360312427E-001,
        "max_flow_turning_angle" : 9.00000000000000E+001
    },
    "solver_results" : {
        "solver_status_code" : 0,
        "system_dimension" : 26,
        "timing" : {
            "system_sorting" : 2.30000000000000E-006,
            "preconditioner" : 5.50000000000000E-006,
            "matrix_solver" : 1.45000000000000E-005
        },
        "iterations" : 6,
        "residual" : {
            "max" : 4.44089209850063E-016,
            "norm" : 8.68886953636546E-016
        }
    },
    "pressure_calculations" : {
        "incompressible_rule" : {
            "max" : 6.16944886133414E-001,
            "min" : -7.30988104377807E-001
        }
    },
    "total_forces" : {
        "Cx" : -8.70638283689829E-012,
        "Cy" : 1.73472347597681E-016,
        "Cz" : -1.06858966120171E-015
    },
    "total_moments" : {
        "CMx" : -1.47451495458029E-017,
        "CMy" : 9.43689570931383E-016,
        "CMz" : 3.74700270810990E-016
    },
    "CF_sensitivities" : {
        "d_CFx" : [
                5.03906300228884E-001,
                -2.98463784967176E-002,
                -1.09376418410043E-001,
                -1.87238438679199E-001,
                -1.09376418410043E-001,
                -2.98463784967180E-002,
                -1.09376418410042E-001,
                -1.87238438679201E-001,
                -1.09376418410041E-001,
                9.15521443226801E-002,
                9.23323595568786E-002,
                9.15521443251488E-002,
                9.23323595568764E-002,
                9.15521443226799E-002,
                9.23323595568808E-002,
                9.15521443251490E-002,
                9.23323595568790E-002,
                -1.87238438678620E-001,
                -1.09376418410859E-001,
                -2.98463784990219E-002,
                -1.09376418410886E-001,
                -1.87238438678637E-001,
                -1.09376418410883E-001,
                -2.98463784990238E-002,
                -1.09376418410874E-001,
                5.03906300238264E-001,
                1.74374963262888E-014,
                7.10291017874374E-002,
                2.49310600147059E-001,
                7.14332144681245E-015,
                -2.49310600147055E-001,
                -7.10291017874415E-002,
                -2.49310600147053E-001,
                6.53338207680396E-015,
                2.49310600147059E-001,
                2.80749871338884E-001,
                -8.37468980073878E-002,
                -8.82069597099631E-015,
                8.37468980073692E-002,
                -2.80749871338905E-001,
                8.37468980073705E-002,
                -8.33563180001358E-015,
                -8.37468980073895E-002,
                -4.64720443640037E-001,
                -1.31850311834673E-001,
                -1.90240118019136E-014,
                1.31850311834663E-001,
                4.64720443640023E-001,
                1.31850311834669E-001,
                -4.81443495929865E-015,
                -1.31850311834683E-001,
                1.59083693715725E-015,
                1.85233809949629E-014,
                -2.09174068111591E-015,
                -1.31850311831038E-001,
                -4.64720443636159E-001,
                -1.31850311831035E-001,
                -1.11544922865720E-015,
                1.31850311831042E-001,
                4.64720443636173E-001,
                1.31850311831041E-001,
                -9.00431743597793E-015,
                -8.37468980099282E-002,
                2.80749871335200E-001,
                -8.37468980099257E-002,
                -1.16208922788569E-014,
                8.37468980099076E-002,
                -2.80749871335217E-001,
                8.37468980099060E-002,
                -4.34190497792069E-015,
                2.49310600150067E-001,
                7.10291017929936E-002,
                2.49310600150052E-001,
                -4.07548964391158E-015,
                -2.49310600150085E-001,
                -7.10291017930170E-002,
                -2.49310600150076E-001,
                1.10597378609614E-014
            ],
        "d_CFy" : [
                -9.90017955585972E-017,
                -2.48751102964678E-001,
                -7.92319646786057E-002,
                5.48784912200872E-016,
                7.92319646786067E-002,
                2.48751102964679E-001,
                7.92319646786067E-002,
                -9.13280504345702E-017,
                -7.92319646786062E-002,
                1.22016252731676E-001,
                -3.26380679636675E-002,
                7.30217342329425E-016,
                3.26380679636675E-002,
                -1.22016252731671E-001,
                3.26380679636663E-002,
                2.13269746488336E-016,
                -3.26380679636648E-002,
                5.21169217822395E-002,
                1.39261920938492E-001,
                -3.09403400919049E-015,
                -1.39261920938492E-001,
                -5.21169217822395E-002,
                -1.39261920938478E-001,
                1.62862966644224E-014,
                1.39261920938492E-001,
                -2.17195453729966E-015,
                1.09544222302125E-001,
                3.23182107326280E-001,
                4.26661814812044E-002,
                9.51341224659176E-002,
                4.26661814812230E-002,
                3.23182107326309E-001,
                4.26661814812215E-002,
                9.51341224659175E-002,
                4.26661814812049E-002,
                -4.14137972425109E-001,
                -2.81901408237073E-001,
                -1.33661601618806E-001,
                -2.81901408237064E-001,
                -4.14137972425118E-001,
                -2.81901408237062E-001,
                -1.33661601618807E-001,
                -2.81901408237074E-001,
                -8.60993280988267E-002,
                2.13840711611898E-001,
                1.58690800435211E-001,
                2.13840711611886E-001,
                -8.60993280988518E-002,
                2.13840711611889E-001,
                1.58690800435218E-001,
                2.13840711611909E-001,
                1.05817582104355E-001,
                -1.93638508005911E-016,
                -1.24739628348802E-014,
                5.45106281275901E-003,
                2.97174201295083E-016,
                -5.45106281275881E-003,
                1.31511555118147E-014,
                5.45106281277868E-003,
                -1.63600493644869E-016,
                -5.45106281277691E-003,
                5.04457586814056E-015,
                1.46186052530402E-001,
                1.63077129833351E-015,
                -1.46186052530407E-001,
                -3.07284579725842E-015,
                1.46186052530413E-001,
                9.83456979963535E-016,
                -1.46186052530416E-001,
                8.66841320945611E-015,
                -5.35077309054813E-003,
                -4.53393998548508E-015,
                5.35077309054205E-003,
                -1.15208678101025E-014,
                -5.35077309055623E-003,
                1.91277281328412E-015,
                5.35077309056109E-003,
                -1.13589693206961E-014
            ],