{
    "info" : {
        "generated_by" : "MachLine (c) 2023 USU Aerolab",
        "executed" : "Fri Jul 12 13:54:52 2024"
    },
    "mesh_info" : {
        "N_body_panels" : 48,
        "N_body_vertices" : 26,
        "N_wake_panels" : 0,
        "N_wake_filaments" : 0,
        "average_characteristic_length" : 4.76931360312427E-001,
        "max_flow_turning_angle" : 9.00000000000000E+001
    },
    "solver_results" : {
        "solver_status_code" : 0,
        "system_dimension" : 26,
        "timing" : {
            "system_sorting" : 2.00000000000000E-006,
            "preconditioner" : 5.70000000000000E-006,
            "matrix_solver" : 1.53000000000000E-005
        },
        "iterations" : 6,
        "residual" : {
            "max" : 6.66133814775094E-016,
            "norm" : 1.91679132905754E-015
        }
    },
    "pressure_calculations" : {
        "incompressible_rule" : {
            "max" : 6.44562208819584E-001,
            "min" : -6.48258214804558E-001
        }
    },
    "total_forces" : {
        "Cx" : 6.57430843514772E-008,
        "Cy" : 9.02056207507940E-017,
        "Cz" : 4.92661467177413E-016
    },
    "total_moments" : {
        "CMx" : -1.13201115148343E-012,
        "CMy" : -4.51028103753970E-016,
        "CMz" : -9.02056207507940E-017
    },
    "CF_sensitivities" : {
        "d_CFx" : [
                8.42882952996432E-001,
                -4.27877470786615E-002,
                -1.07859624181021E-001,
                -1.52918266841111E-001,
                -8.68956829084934E-002,
                -4.27877607946227E-002,
                -1.07859575379592E-001,
                -1.52918313927590E-001,
                -8.68956609021294E-002,
                1.66423935025963E-002,
                -1.88594486788052E-003,
                -1.57832946460930E-002,
                1.28230443187749E-003,
                1.66423402810760E-002,
                -1.88588318196370E-003,
                -1.57833219365031E-002,
                1.28237285105093E-003,
                -3.41541001768190E-001,
                -2.54018726545688E-001,
                -1.91036124943296E-001,
                -2.78141943738367E-001,
                -3.41541369856593E-001,
                -2.54019390164113E-001,
                -1.91036134607659E-001,
                -2.78142310844757E-001,
                2.06700140492425E+000,
                -8.63580416594592E-009,
                2.79185294325366E-001,
                3.27550486712739E-001,
                -6.33705745887009E-004,
                -3.13507874654065E-001,
                -2.79185349064535E-001,
                -3.27550552571232E-001,
                6.33642337299250E-004,
                3.13507809387656E-001,
                -1.31317079942717E-001,
                -2.96715734168757E-001,
                -1.44501177703656E-002,
                3.17862984169737E-001,
                1.31316988032171E-001,
                2.96715711645502E-001,
                1.44501169816153E-002,
                -3.17863060270167E-001,
                -1.70047572268423E-001,
                4.98524895241531E-002,
                -2.27656910664237E-002,
                -6.52906443890042E-002,
                1.70047036128034E-001,
                -4.98529459758681E-002,
                2.27652161133094E-002,
                6.52899539422554E-002,
                -1.35383747739111E-007,
                -1.87157535617838E-008,
                1.97058188103160E-002,
                -2.42984947063851E-001,
                -5.29610491566098E-001,
                -2.56021025403964E-001,
                -1.97058556080345E-002,
                2.42984874407495E-001,
                5.29610427801237E-001,
                2.56020990070592E-001,
                1.66943296021515E-002,
                1.74226340863511E-001,
                5.63942455781180E-001,
                1.92361321921042E-001,
                -1.66943846249525E-002,
                -1.74226382928543E-001,
                -5.63942445435091E-001,
                -1.92361390188139E-001,
                6.49066116338328E-004,
                3.46329528755552E-002,
                -1.90542813835139E-001,
                5.07195071913171E-002,
                -6.49508135371179E-004,
                -3.46334910752911E-002,
                1.90542324661366E-001,
                -5.07201014673377E-002,
                -8.33966858369416E-008
            ],
        "d_CFy" : [
                -4.64940089191120E-017,
                -2.59506236045004E-001,
                -1.12165718842795E-001,
                -2.85063929416340E-005,
                1.12285921059217E-001,
                2.59506233289683E-001,
                1.12165720542285E-001,
                2.85109986948400E-005,
                -1.12285921924747E-001,
                -1.32105687865067E-001,
                -1.75634323684438E-001,
                -1.48066026803251E-004,
                1.74774281093604E-001,
                1.32105796572488E-001,
                1.75634278121893E-001,
                1.48065856323479E-004,
                -1.74774252624174E-001,
                5.26516681962434E-001,
                4.20544203053753E-001,
                1.39207241680025E-003,
                -4.07803152427634E-001,
                -5.26516458188729E-001,
                -4.20544089235503E-001,
                -1.39177144083991E-003,
                4.07802994840952E-001,
                -4.31378627942538E-008,
                2.00415904227173E-001,
                2.83900077079274E-001,
                5.02480898979500E-002,
                1.09962031712119E-001,
                5.03941636139292E-002,
                2.83900079197432E-001,
                5.02480885501236E-002,
                1.09962029635881E-001,
                5.03941606146545E-002,
                -6.27768116081143E-001,
                -3.37887344728435E-001,
                -1.34703594975923E-001,
                -3.37073491038855E-001,
                -6.27767982810213E-001,
                -3.37887289551185E-001,
                -1.34703596239194E-001,
                -3.37073504504738E-001,
                6.26815709868399E-001,
                2.77357912096557E-001,
                -2.30411147388935E-001,
                2.88223379616936E-001,
                6.26815906957447E-001,
                2.77358092428370E-001,
                -2.30410987800774E-001,
                2.88223283110626E-001,
                -2.38532315948465E-001,
                -5.30177001506638E-005,
                -1.69196574402880E-004,
                1.58450165225618E-002,
                5.70767059710394E-006,
                -1.59419487345141E-002,
                -1.69195670390983E-004,
                1.58450155980279E-002,
                5.70569583375052E-006,
                -1.59419524753168E-002,
                7.58322551611311E-003,
                2.15976688684175E-001,
                1.39879103369144E-004,
                -2.14524032671127E-001,
                7.58334887301815E-003,
                2.15976773670001E-001,
                1.39877796605433E-004,
                -2.14524081950328E-001,
                -1.46467261525941E-003,
                -4.89870905100557E-001,
                2.42708579921915E-003,
                4.81939871082860E-001,
                -1.46458263276116E-003,
                -4.89870800425110E-001,
                2.42720434728749E-003,
                4.81939913301580E-001,
                -3.84098002474414E-003
            ],