{
    "info" : {
        "generated_by" : "MachLine (c) 2023 USU Aerolab",
        "executed" : "Fri Jul 12 13:56:37 2024"
    },
    "mesh_info" : {
        "N_body_panels" : 48,
        "N_body_vertices" : 26,
        "N_wake_panels" : 0,
        "N_wake_filaments" : 0,
        "average_characteristic_length" : 4.76931360312427E-001,
        "max_flow_turning_angle" : 9.00000000000000E+001
    },
    "solver_results" : {
        "solver_status_code" : 0,
        "system_dimension" : 26,
        "timing" : {
            "system_sorting" : 2.10000000000000E-006,
            "preconditioner" : 5.70000000000000E-006,
            "matrix_solver" : 1.74000000000000E-005
        },
        "iterations" : 17,
        "residual" : {
            "max" : 4.55191440096314E-014,
            "norm" : 7.26321784607597E-014
        }
    },
    "pressure_calculations" : {
        "incompressible_rule" : {
            "max" : 5.98057609296185E-001,
            "min" : -8.71450648100169E-001
        }
    },
    "total_forces" : {
        "Cx" : -1.06214759210133E-011,
        "Cy" : -1.15910059328428E-012,
        "Cz" : 6.74769268238506E-013
    },
    "total_moments" : {
        "CMx" : 8.23993651088983E-017,
        "CMy" : -4.72785005589671E-013,
        "CMz" : -1.53362739174767E-012
    },
    "CF_sensitivities" : {
        "d_CFx" : [
                4.90255691835306E-001,
                -5.31908615812350E-002,
                -3.09700823863112E-001,
                -1.58983554435619E-001,
                -3.09700823853756E-001,
                -5.31908615905844E-002,
                -3.09700823888300E-001,
                -1.58983554399490E-001,
                -3.09700823898132E-001,
                2.71716868007324E-001,
                3.14731349586227E-001,
                2.71716868044467E-001,
                3.14731349591242E-001,
                2.71716868006380E-001,
                3.14731349601546E-001,
                2.71716868036787E-001,
                3.14731349599476E-001,
                -1.58983554575602E-001,
                -3.09700823515469E-001,
                -5.31908617803515E-002,
                -3.09700823523653E-001,
                -1.58983554565081E-001,
                -3.09700823509537E-001,
                -5.31908618017638E-002,
                -3.09700823495256E-001,
                4.90255691966900E-001,
                3.26978004882539E-012,
                -3.18939968795909E-001,
                1.78040343926038E-001,
                -2.86338231943196E-012,
                -1.78040343920581E-001,
                3.18939968794485E-001,
                -1.78040343931387E-001,
                -6.36925265514580E-012,
                1.78040343938761E-001,
                3.71809051923536E-001,
                -1.52242003778241E-001,
                -4.57972519449113E-012,
                1.52242003784019E-001,
                -3.71809051930209E-001,
                1.52242003809766E-001,
                -6.60778211446280E-012,
                -1.52242003807097E-001,
                -2.02609204522788E-001,
                3.80182839578306E-002,
                -9.44412822995746E-012,
                -3.80182839492336E-002,
                2.02609204518792E-001,
                -3.80182839235235E-002,
                -4.61918546542848E-012,
                3.80182839352534E-002,
                2.86880099797066E-012,
                3.34339062175257E-012,
                -2.43218268757777E-011,
                3.80182835551374E-002,
                -2.02609204159053E-001,
                3.80182835409398E-002,
                -1.89886439763826E-011,
                -3.80182835021289E-002,
                2.02609204132308E-001,
                -3.80182835168061E-002,
                -1.29007631406241E-011,
                -1.52242003972159E-001,
                3.71809052891658E-001,
                -1.52242003976266E-001,
                -1.31396281480300E-011,
                1.52242003973936E-001,
                -3.71809052880830E-001,
                1.52242003969052E-001,
                -1.16539184502043E-011,
                1.78040343487509E-001,
                -3.18939968470124E-001,
                1.78040343486387E-001,
                -1.56441171283880E-011,
                -1.78040343466624E-001,
                3.18939968465610E-001,
                -1.78040343467356E-001,
                2.80789789482374E-012
            ],
        "d_CFy" : [
                4.24063041116693E-012,
                -4.42357388902826E-001,
                6.40330369965905E-002,
                -1.52028388858635E-012,
                -6.40330369897038E-002,
                4.42357388885052E-001,
                -6.40330370228409E-002,
                -2.90129030889963E-012,
                6.40330370347684E-002,
                2.30295527997233E-001,
                -4.88856993154930E-002,
                -2.60367269781450E-012,
                4.88856993219994E-002,
                -2.30295528006851E-001,
                4.88856993327447E-002,
                -3.58483229582381E-012,
                -4.88856993296874E-002,
                -2.92720271269500E-001,
                3.05437947826487E-001,
                1.23242456297468E-011,
                -3.05437947858198E-001,
                2.92720271321920E-001,
                -3.05437947852680E-001,
                1.05271276197260E-011,
                3.05437947816557E-001,
                -2.18638834481481E-012,
                -2.19688335029401E-001,
                2.95801647322984E-001,
                4.64090382703263E-002,
                2.27697907121378E-003,
                4.64090382799589E-002,
                2.95801647305232E-001,
                4.64090382795224E-002,
                2.27697905941178E-003,
                4.64090382681064E-002,
                -8.13360648889307E-002,
                -2.25719714678880E-001,
                -7.81971485437540E-002,
                -2.25719714670361E-001,
                -8.13360648794130E-002,
                -2.25719714643289E-001,
                -7.81971485493573E-002,
                -2.25719714647599E-001,
                -1.29483730640016E-001,
                2.85245339117899E-001,
                7.44661623096534E-002,
                2.85245339142382E-001,
                -1.29483730679128E-001,
                2.85245339191643E-001,
                7.44661622909930E-002,
                2.85245339160380E-001,
                -3.71106005219168E-001,
                7.32067184623925E-013,
                3.49364981388988E-011,
                -2.95001964421815E-003,
                -3.76874114860906E-012,
                2.95001963454833E-003,
                -2.72590283678657E-011,
                -2.95001960093000E-003,
                4.25457474420133E-012,
                2.95001960386870E-003,
                2.23314353120639E-011,
                1.15097383782311E-001,
                -4.59710413784625E-012,
                -1.15097383787772E-001,
                -2.17356705550729E-011,
                1.15097383792609E-001,
                5.87874559752202E-012,
                -1.15097383785624E-001,
                1.94171206890758E-011,
                -2.11248206356288E-001,
                -1.79926712619015E-011,
                2.11248206374106E-001,
                -2.60596544343808E-011,
                -2.11248206354732E-001,
                1.83540766120132E-011,
                2.11248206339861E-001,
                -1.89439089417056E-012
            ],