{
    "info" : {
        "generated_by" : "MachLine (c) 2023 USU Aerolab",
        "executed" : "Fri Jul 12 13:54:45 2024"
    },
    "mesh_info" : {
        "N_body_panels" : 48,
        "N_body_vertices" : 26,
        "N_wake_panels" : 0,
        "N_wake_filaments" : 0,
        "average_characteristic_length" : 4.76931360312427E-001,
        "max_flow_turning_angle" : 9.00000000000000E+001
    },
    "solver_results" : {
        "solver_status_code" : 0,
        "system_dimension" : 26,
        "timing" : {
            "system_sorting" : 2.10000000000000E-006,
            "preconditioner" : 5.90000000000000E-006,
            "matrix_solver" : 1.41000000000000E-005
        },
        "iterations" : 6,
        "residual" : {
            "max" : 1.77635683940025E-015,
            "norm" : 4.29007026515988E-015
        }
    },
    "pressure_calculations" : {
        "incompressible_rule" : {
            "max" : 6.44562399637280E-001,
            "min" : -6.48258088649583E-001
        }
    },
    "total_forces" : {
        "Cx" : 1.54570324678582E-007,
        "Cy" : 0.00000000000000E+000,
        "Cz" : 1.17961196366423E-015
    },
    "total_moments" : {
        "CMx" : -5.37162848923689E-012,
        "CMy" : -1.21083698623181E-015,
        "CMz" : 1.80411241501588E-016
    },
    "CF_sensitivities" : {
        "d_CFx" : [
                8.42882980248008E-001,
                -4.27878135824861E-002,
                -1.07859613727923E-001,
                -1.52918268494547E-001,
                -8.68959018140322E-002,
                -4.27877310843651E-002,
                -1.07859649829166E-001,
                -1.52918032388470E-001,
                -8.68956521323067E-002,
                1.66421481391210E-002,
                -1.88583835992406E-003,
                -1.57832910836122E-002,
                1.28223474088740E-003,
                1.66420035339214E-002,
                -1.88564989588524E-003,
                -1.57833695880996E-002,
                1.28248496695549E-003,
                -3.41541263029373E-001,
                -2.54018453643715E-001,
                -1.91036765407154E-001,
                -2.78142306496301E-001,
                -3.41543536790985E-001,
                -2.54020261900395E-001,
                -1.91037018672967E-001,
                -2.78141188995868E-001,
                2.06700130553610E+000,
                -1.37053489171334E-008,
                2.79185179825893E-001,
                3.27550520449205E-001,
                -6.33751505877602E-004,
                -3.13507925841232E-001,
                -2.79185377589510E-001,
                -3.27550730769029E-001,
                6.33547174605097E-004,
                3.13507699442463E-001,
                -1.31316371706209E-001,
                -2.96715925904762E-001,
                -1.44500433565469E-002,
                3.17863065795065E-001,
                1.31316212907054E-001,
                2.96715798985027E-001,
                1.44500274665585E-002,
                -3.17863353999982E-001,
                -1.70048954516664E-001,
                4.98533700121795E-002,
                -2.27668152731855E-002,
                -6.52916498047597E-002,
                1.70046791693290E-001,
                -4.98534028423278E-002,
                2.27650990012664E-002,
                6.52892128479792E-002,
                -8.90937607026974E-007,
                -1.13738298343979E-007,
                1.97059174595698E-002,
                -2.42985204034605E-001,
                -5.29610460349958E-001,
                -2.56021019058820E-001,
                -1.97059972313982E-002,
                2.42984762150570E-001,
                5.29610335229994E-001,
                2.56020841705387E-001,
                1.66943911015597E-002,
                1.74226213146967E-001,
                5.63942057362070E-001,
                1.92361339487505E-001,
                -1.66945520049767E-002,
                -1.74226285090845E-001,
                -5.63942148267455E-001,
                -1.92361614196316E-001,
                6.48487333211648E-004,
                3.46322587189234E-002,
                -1.90542927686331E-001,
                5.07182628060477E-002,
                -6.50160996147696E-004,
                -3.46340181503526E-002,
                1.90541416006333E-001,
                -5.07203036746057E-002,
                -2.77421273093462E-007
            ],
        "d_CFy" : [
                -4.42270470247424E-017,
                -2.59506249015719E-001,
                -1.12165727042265E-001,
                -2.85064477688673E-005,
                1.12285927514004E-001,
                2.59506249236700E-001,
                1.12165728854779E-001,
                2.85117022344409E-005,
                -1.12285929657425E-001,
                -1.32106061307526E-001,
                -1.75634411565603E-001,
                -1.48061044224656E-004,
                1.74774318953859E-001,
                1.32106320995505E-001,
                1.75634240139871E-001,
                1.48061230847197E-004,
                -1.74774158457381E-001,
                5.26517742269427E-001,
                4.20544188090252E-001,
                1.39166654177164E-003,
                -4.07802883928957E-001,
                -5.26517562226793E-001,
                -4.20542828280717E-001,
                -1.39094854239417E-003,
                4.07802611399852E-001,
                -1.91905121760190E-007,
                2.00415931424110E-001,
                2.83900092034545E-001,
                5.02480912875014E-002,
                1.09962039731008E-001,
                5.03941505475429E-002,
                2.83900101219003E-001,
                5.02480866784540E-002,
                1.09962033245889E-001,
                5.03941406949291E-002,
                -6.27767829613428E-001,
                -3.37887425110187E-001,
                -1.34703614567461E-001,
                -3.37073459065726E-001,
                -6.27767331033912E-001,
                -3.37887192427871E-001,
                -1.34703617035663E-001,
                -3.37073508516155E-001,
                6.26815583099519E-001,
                2.77357343495607E-001,
                -2.30411186186178E-001,
                2.88222771501070E-001,
                6.26815975746595E-001,
                2.77358118326411E-001,
                -2.30410694560883E-001,
                2.88223017875062E-001,
                -2.38533041934286E-001,
                -5.30115439789019E-005,
                -1.69194836018986E-004,
                1.58450226780562E-002,
                5.70979768408065E-006,
                -1.59419715294296E-002,
                -1.69190821822691E-004,
                1.58450220594937E-002,
                5.70299291912349E-006,
                -1.59419831824871E-002,
                7.58309192155714E-003,
                2.15976736957448E-001,
                1.39862280165324E-004,
                -2.14524207728953E-001,
                7.58357680007613E-003,
                2.15977001099021E-001,
                1.39858742953192E-004,
                -2.14524366707345E-001,
                -1.46459798529196E-003,
                -4.89871593773923E-001,
                2.42677836196506E-003,
                4.81940313295864E-001,
                -1.46434017646939E-003,
                -4.89871297414479E-001,
                2.42732160030009E-003,
                4.81940428325666E-001,
                -3.84140417850964E-003
            ],