{
    "info" : {
        "generated_by" : "MachLine (c) 2023 USU Aerolab",
        "executed" : "Fri Jul 12 13:55:52 2024"
    },
    "mesh_info" : {
        "N_body_panels" : 48,
        "N_body_vertices" : 26,
        "N_wake_panels" : 0,
        "N_wake_filaments" : 0,
        "average_characteristic_length" : 4.76931360312427E-001,
        "max_flow_turning_angle" : 9.00000000000000E+001
    },
    "solver_results" : {
        "solver_status_code" : 0,
        "system_dimension" : 26,
        "timing" : {
            "system_sorting" : 1.18000000000000E-005,
            "preconditioner" : 6.50000000000000E-006,
            "matrix_solver" : 1.44000000000000E-005
        },
        "iterations" : 6,
        "residual" : {
            "max" : 1.11022302462516E-015,
            "norm" : 3.23555882975221E-015
        }
    },
    "pressure_calculations" : {
        "incompressible_rule" : {
            "max" : 6.44300154919198E-001,
            "min" : -6.49091989654021E-001
        }
    },
    "total_forces" : {
        "Cx" : -5.73283087668131E-012,
        "Cy" : 1.80411241501588E-016,
        "Cz" : -4.71844785465692E-016
    },
    "total_moments" : {
        "CMx" : 7.63278329429795E-017,
        "CMy" : 6.31439345255558E-016,
        "CMz" : 2.15105711021124E-016
    },
    "CF_sensitivities" : {
        "d_CFx" : [
                5.72578354901239E-001,
                -2.29530088681147E-002,
                -9.44979370038479E-002,
                -1.66972076219547E-001,
                -9.44979370035305E-002,
                -2.29530088677384E-002,
                -9.44979370036096E-002,
                -1.66972076220026E-001,
                -9.44979370033386E-002,
                4.68194788618805E-002,
                4.58397709417253E-002,
                4.68178204453069E-002,
                4.58397709419107E-002,
                4.68194788620475E-002,
                4.58397709423790E-002,
                4.68178204454390E-002,
                4.58397709427352E-002,
                -1.66964845567262E-001,
                -9.44675911860944E-002,
                -2.29584676675991E-002,
                -9.44675911906372E-002,
                -1.66964845568759E-001,
                -9.44675911910013E-002,
                -2.29584676683827E-002,
                -9.44675911886090E-002,
                5.72554301698645E-001,
                -1.16857552235950E-013,
                1.44288472755142E-001,
                2.66174804850326E-001,
                -1.87105628280334E-013,
                -2.66174804851194E-001,
                -1.44288472756030E-001,
                -2.66174804851391E-001,
                -5.68692585304448E-013,
                2.66174804850572E-001,
                2.31916951470087E-001,
                -6.62770050351931E-002,
                5.25191478462913E-013,
                6.62770050338896E-002,
                -2.31916951470895E-001,
                6.62770050351536E-002,
                -4.54112058920253E-013,
                -6.62770050350383E-002,
                -4.76795724134629E-001,
                -1.71141951757249E-001,
                -5.61455236208381E-012,
                1.71141951749153E-001,
                4.76795724128943E-001,
                1.71141951751392E-001,
                -1.25686490742787E-012,
                -1.71141951757827E-001,
                -3.69067856365114E-012,
                -1.92921559364710E-013,
                -1.66485805414672E-013,
                -1.71135682238343E-001,
                -4.76795662492059E-001,
                -1.71135682237490E-001,
                -4.61523474430002E-013,
                1.71135682237048E-001,
                4.76795662491393E-001,
                1.71135682236708E-001,
                2.52332006457552E-013,
                -6.62778618106400E-002,
                2.31907391493432E-001,
                -6.62778618106123E-002,
                -1.00695911435749E-012,
                6.62778618103316E-002,
                -2.31907391493679E-001,
                6.62778618099489E-002,
                -2.50507760509156E-012,
                2.66173827729887E-001,
                1.44285698885749E-001,
                2.66173827725296E-001,
                -3.73575799904138E-012,
                -2.66173827737103E-001,
                -1.44285698891995E-001,
                -2.66173827731674E-001,
                -1.40838837770458E-013
            ],
        "d_CFy" : [
                -8.87141352519425E-018,
                -2.63801647688901E-001,
                -1.15878772491020E-001,
                5.21982296636559E-015,
                1.15878772490997E-001,
                2.63801647688887E-001,
                1.15878772491042E-001,
                -6.22544884726039E-015,
                -1.15878772491004E-001,
                1.03416749551887E-001,
                -3.08451697550985E-002,
                -2.38937934088170E-014,
                3.08451697548174E-002,
                -1.03416749550853E-001,
                3.08451697545582E-002,
                2.51364309161915E-014,
                -3.08451697544783E-002,
                1.23021623252057E-001,
                1.56531818920413E-001,
                -1.93479510840169E-012,
                -1.56531818924992E-001,
                -1.23021623251151E-001,
                -1.56531818920118E-001,
                4.17230929711552E-012,
                1.56531818923618E-001,
                -6.83107817748419E-013,
                1.93654754335044E-001,
                2.93045990081607E-001,
                5.20347150581488E-002,
                1.04687683440224E-001,
                5.20347150581330E-002,
                2.93045990081657E-001,
                5.20347150581566E-002,
                1.04687683440199E-001,
                5.20347150580813E-002,
                -4.64978389066871E-001,
                -2.99037525074606E-001,
                -1.35660622646160E-001,
                -2.99037525073835E-001,
                -4.64978389064875E-001,
                -2.99037525073771E-001,
                -1.35660622646177E-001,
                -2.99037525074019E-001,
                -5.99097911302707E-002,
                1.98049937268639E-001,
                1.66967869503315E-001,
                1.98049937269573E-001,
                -5.99097911296093E-002,
                1.98049937270737E-001,
                1.66967869505018E-001,
                1.98049937270814E-001,
                1.94023795547126E-001,
                2.05637373448808E-014,
                -2.00338877431872E-014,
                9.09869982451700E-003,
                2.45514545579195E-014,
                -9.09869982455994E-003,
                1.86664377531398E-014,
                9.09869982451725E-003,
                2.71492903748396E-015,
                -9.09869982461659E-003,
                -4.33320046511199E-013,
                1.64018625348323E-001,
                -5.94128524336316E-014,
                -1.64018625349361E-001,
                1.20243940672504E-012,
                1.64018625349266E-001,
                -7.35519672765147E-014,
                -1.64018625349523E-001,
                4.37733183034084E-013,
                1.13809179217678E-002,
                -1.25879044999528E-012,
                -1.13809179228016E-002,
                1.04517222581182E-012,
                1.13809179236747E-002,
                8.78242426346773E-013,
                -1.13809179216119E-002,
                -2.79189865670659E-012
            ],