{
    "info" : {
        "generated_by" : "MachLine (c) 2023 USU Aerolab",
        "executed" : "Fri Jul 12 13:56:14 2024"
    },
    "mesh_info" : {
        "N_body_panels" : 48,
        "N_body_vertices" : 26,
        "N_wake_panels" : 0,
        "N_wake_filaments" : 0,
        "average_characteristic_length" : 4.76931360312427E-001,
        "max_flow_turning_angle" : 9.00000000000000E+001
    },
    "solver_results" : {
        "solver_status_code" : 0,
        "system_dimension" : 26,
        "timing" : {
            "system_sorting" : 2.70000000000000E-006,
            "preconditioner" : 5.90000000000000E-006,
            "matrix_solver" : 1.47000000000000E-005
        },
        "iterations" : 6,
        "residual" : {
            "max" : 6.66133814775094E-016,
            "norm" : 1.34807659455586E-015
        }
    },
    "pressure_calculations" : {
        "incompressible_rule" : {
            "max" : 6.36519211202770E-001,
            "min" : -6.73579977825487E-001
        }
    },
    "total_forces" : {
        "Cx" : -7.78949127422379E-012,
        "Cy" : 9.15933995315754E-016,
        "Cz" : 1.00960906301850E-015
    },
    "total_moments" : {
        "CMx" : 7.19910242530375E-017,
        "CMy" : -9.74914593498966E-016,
        "CMz" : 1.13797860024079E-015
    },
    "CF_sensitivities" : {
        "d_CFx" : [
                5.47716490747242E-001,
                -2.34222348577370E-002,
                -9.76580493781242E-002,
                -1.72431530218724E-001,
                -9.76580493781130E-002,
                -2.34222348577310E-002,
                -9.76580493781122E-002,
                -1.72431530218726E-001,
                -9.76580493781199E-002,
                5.89718202473668E-002,
                5.83397982107929E-002,
                5.89718202502780E-002,
                5.83397982107845E-002,
                5.89718202473728E-002,
                5.83397982108060E-002,
                5.89718202502778E-002,
                5.83397982108032E-002,
                -1.72431530218612E-001,
                -9.76580493790254E-002,
                -2.34222348599262E-002,
                -9.76580493790279E-002,
                -1.72431530218615E-001,
                -9.76580493790885E-002,
                -2.34222348599463E-002,
                -9.76580493790484E-002,
                5.47716490753616E-001,
                1.35388946983691E-014,
                1.25514311254823E-001,
                2.62687840832757E-001,
                3.79063027838125E-015,
                -2.62687840832772E-001,
                -1.25514311254835E-001,
                -2.62687840832767E-001,
                -2.98689742133587E-015,
                2.62687840832770E-001,
                2.45912857604921E-001,
                -7.10006782995259E-002,
                -8.88092731410122E-015,
                7.10006782994957E-002,
                -2.45912857604951E-001,
                7.10006782995118E-002,
                -5.20376859257162E-015,
                -7.10006782995246E-002,
                -4.75942203540591E-001,
                -1.61505043890410E-001,
                -9.07876545236014E-014,
                1.61505043890323E-001,
                4.75942203540514E-001,
                1.61505043890380E-001,
                -2.93214521874059E-014,
                -1.61505043890442E-001,
                -2.85504358253118E-014,
                1.11967986660907E-014,
                -4.61020292777104E-015,
                -1.61505043886866E-001,
                -4.75942203536357E-001,
                -1.61505043886858E-001,
                -4.28735978726093E-015,
                1.61505043886848E-001,
                4.75942203536363E-001,
                1.61505043886851E-001,
                -4.09645835571053E-016,
                -7.10006783027139E-002,
                2.45912857600186E-001,
                -7.10006783027261E-002,
                -2.24687680615779E-014,
                7.10006783026927E-002,
                -2.45912857600204E-001,
                7.10006783026975E-002,
                -4.50603340943953E-014,
                2.62687840835798E-001,
                1.25514311260192E-001,
                2.62687840835730E-001,
                -4.95069952546416E-014,
                -2.62687840835913E-001,
                -1.25514311260250E-001,
                -2.62687840835855E-001,
                -1.17639877262932E-014
            ],
        "d_CFy" : [
                -1.00404347360633E-016,
                -2.58889097061611E-001,
                -1.05444615222123E-001,
                -2.71995618647022E-016,
                1.05444615222126E-001,
                2.58889097061613E-001,
                1.05444615222124E-001,
                4.44011496062406E-016,
                -1.05444615222125E-001,
                1.08802905949045E-001,
                -3.16691654041232E-002,
                2.85931947815361E-015,
                3.16691654041139E-002,
                -1.08802905949019E-001,
                3.16691654041122E-002,
                -2.75771513705930E-015,
                -3.16691654041062E-002,
                1.03515381439810E-001,
                1.51057193345602E-001,
                -4.99486651031854E-014,
                -1.51057193345543E-001,
                -1.03515381439756E-001,
                -1.51057193345557E-001,
                9.31417355362376E-014,
                1.51057193345579E-001,
                -8.88103366594715E-015,
                1.74276733642425E-001,
                3.01181970874346E-001,
                4.83848115323861E-002,
                1.02854180700829E-001,
                4.83848115324058E-002,
                3.01181970874370E-001,
                4.83848115324008E-002,
                1.02854180700828E-001,
                4.83848115323907E-002,
                -4.51688300281100E-001,
                -2.94161977298958E-001,
                -1.35486969157095E-001,
                -2.94161977298946E-001,
                -4.51688300281083E-001,
                -2.94161977298939E-001,
                -1.35486969157096E-001,
                -2.94161977298955E-001,
                -7.00072653780295E-002,
                2.02117490490511E-001,
                1.66252881985559E-001,
                2.02117490490516E-001,
                -7.00072653780360E-002,
                2.02117490490533E-001,
                1.66252881985589E-001,
                2.02117490490555E-001,
                1.74148969972534E-001,
                2.62051665089745E-016,
                -1.01273156527526E-014,
                9.44033876907716E-003,
                9.92508593968179E-017,
                -9.44033876907038E-003,
                1.15356400647026E-014,
                9.44033876909409E-003,
                -3.15223932155933E-016,
                -9.44033876908540E-003,
                6.93889390390722E-016,
                1.58774550055860E-001,
                4.13742283030729E-015,
                -1.58774550055864E-001,
                2.01011082778813E-014,
                1.58774550055884E-001,
                3.91689826865303E-015,
                -1.58774550055878E-001,
                -3.73139019682611E-015,
                8.87770712458794E-003,
                -2.28440678703052E-015,
                -8.87770712461633E-003,
                -2.10770935210255E-015,
                8.87770712459968E-003,
                1.70395309928202E-014,
                -8.87770712459024E-003,
                -4.26880752968373E-014
            ],