{
    "info" : {
        "generated_by" : "MachLine (c) 2023 USU Aerolab",
        "executed" : "Fri Jul 12 13:55:57 2024"
    },
    "mesh_info" : {
        "N_body_panels" : 48,
        "N_body_vertices" : 26,
        "N_wake_panels" : 0,
        "N_wake_filaments" : 0,
        "average_characteristic_length" : 4.76931360312427E-001,
        "max_flow_turning_angle" : 9.00000000000000E+001
    },
    "solver_results" : {
        "solver_status_code" : 0,
        "system_dimension" : 26,
        "timing" : {
            "system_sorting" : 1.90000000000000E-006,
            "preconditioner" : 8.00000000000000E-006,
            "matrix_solver" : 1.63000000000000E-005
        },
        "iterations" : 6,
        "residual" : {
            "max" : 1.55431223447522E-015,
            "norm" : 3.38130668297355E-015
        }
    },
    "pressure_calculations" : {
        "incompressible_rule" : {
            "max" : 6.43926485509568E-001,
            "min" : -6.50282340775707E-001
        }
    },
    "total_forces" : {
        "Cx" : -6.80414058429335E-012,
        "Cy" : -3.81639164714898E-016,
        "Cz" : -2.98372437868011E-016
    },
    "total_moments" : {
        "CMx" : 2.08166817117217E-017,
        "CMy" : 3.29597460435593E-016,
        "CMz" : -4.78783679369599E-016
    },
    "CF_sensitivities" : {
        "d_CFx" : [
                5.71172688690964E-001,
                -2.29337426242093E-002,
                -9.46241959354207E-002,
                -1.67219625623492E-001,
                -9.46241959353312E-002,
                -2.29337426241241E-002,
                -9.46241959353017E-002,
                -1.67219625623328E-001,
                -9.46241959352172E-002,
                4.73906774591739E-002,
                4.64248538065524E-002,
                4.73906997249520E-002,
                4.64248538066165E-002,
                4.73906774591764E-002,
                4.64248538067924E-002,
                4.73906997250420E-002,
                4.64248538069767E-002,
                -1.67219510332110E-001,
                -9.46240747510531E-002,
                -2.29336149733109E-002,
                -9.46240747519619E-002,
                -1.67219510334489E-001,
                -9.46240747529803E-002,
                -2.29336149722204E-002,
                -9.46240747514396E-002,
                5.71172688697160E-001,
                -6.80095480609306E-014,
                1.43428610687608E-001,
                2.66040866964314E-001,
                -8.75211646376215E-014,
                -2.66040866964737E-001,
                -1.43428610687737E-001,
                -2.66040866964652E-001,
                -1.79666494289921E-013,
                2.66040866964399E-001,
                2.32586736226949E-001,
                -6.64989291849986E-002,
                1.29533004613168E-013,
                6.64989291845992E-002,
                -2.32586736227305E-001,
                6.64989291848963E-002,
                -7.59293601872684E-014,
                -6.64989291849297E-002,
                -4.76817555227647E-001,
                -1.70710995190693E-001,
                -1.82209902109738E-012,
                1.70710995188510E-001,
                4.76817555224743E-001,
                1.70710995189044E-001,
                -4.48597908994200E-013,
                -1.70710995191423E-001,
                -1.08153363481074E-012,
                -1.44300297326300E-013,
                -7.87830855961512E-014,
                -1.70711068872884E-001,
                -4.76817724585069E-001,
                -1.70711068872485E-001,
                -1.25746093361243E-013,
                1.70711068872501E-001,
                4.76817724584800E-001,
                1.70711068872267E-001,
                6.31810421811685E-014,
                -6.64989658472295E-002,
                2.32586531937705E-001,
                -6.64989658473305E-002,
                -3.43488701586567E-013,
                6.64989658470918E-002,
                -2.32586531937861E-001,
                6.64989658470608E-002,
                -1.12904486836381E-012,
                2.66040798491815E-001,
                1.43428532367830E-001,
                2.66040798490353E-001,
                -1.10951629889592E-012,
                -2.66040798494553E-001,
                -1.43428532370380E-001,
                -2.66040798493032E-001,
                -5.18231182568706E-013
            ],
        "d_CFy" : [
                -8.17770387271787E-017,
                -2.63534247297626E-001,
                -1.15364070512285E-001,
                6.58239300484443E-015,
                1.15364070512271E-001,
                2.63534247297635E-001,
                1.15364070512293E-001,
                5.76924137548031E-015,
                -1.15364070512280E-001,
                1.03674468571667E-001,
                -3.09002215621709E-002,
                -2.21081290244979E-014,
                3.09002215620309E-002,
                -1.03674468571117E-001,
                3.09002215619659E-002,
                2.43859295786325E-014,
                -3.09002215619020E-002,
                1.22047883501528E-001,
                1.56241097130910E-001,
                -1.09200174217745E-012,
                -1.56241097130688E-001,
                -1.22047883500836E-001,
                -1.56241097129865E-001,
                1.67726918150850E-012,
                1.56241097130157E-001,
                -1.96410797401449E-013,
                1.92840756458778E-001,
                2.93410907073119E-001,
                5.18265820533620E-002,
                1.04621628464672E-001,
                5.18265820533337E-002,
                2.93410907073145E-001,
                5.18265820533701E-002,
                1.04621628464665E-001,
                5.18265820533056E-002,
                -4.64370373915974E-001,
                -2.98800236120583E-001,
                -1.35658540994803E-001,
                -2.98800236120286E-001,
                -4.64370373915327E-001,
                -2.98800236120312E-001,
                -1.35658540994808E-001,
                -2.98800236120357E-001,
                -6.04959548594209E-002,
                1.98233750239635E-001,
                1.66957823947640E-001,
                1.98233750240147E-001,
                -6.04959548587287E-002,
                1.98233750240449E-001,
                1.66957823948264E-001,
                1.98233750240488E-001,
                1.93187338830245E-001,
                7.92194001369984E-015,
                -1.52872506320456E-014,
                9.15767309672266E-003,
                7.52511761160216E-015,
                -9.15767309677915E-003,
                8.58666436565070E-015,
                9.15767309673493E-003,
                -2.02604419275568E-015,
                -9.15767309680721E-003,
                -3.19154425110213E-013,
                1.63764763014568E-001,
                -3.79952668002324E-014,
                -1.63764763014817E-001,
                3.29842056445706E-013,
                1.63764763014978E-001,
                -4.50129862487338E-014,
                -1.63764763014897E-001,
                -3.04010289165043E-016,
                1.13368692362665E-002,
                -2.29028871226081E-013,
                -1.13368692367450E-002,
                3.85658015871165E-013,
                1.13368692369742E-002,
                3.37490721838055E-013,
                -1.13368692364274E-002,
                -8.23962426066416E-013
            ],