{
    "info" : {
        "generated_by" : "MachLine (c) 2023 USU Aerolab",
        "executed" : "Fri Jul 12 13:55:04 2024"
    },
    "mesh_info" : {
        "N_body_panels" : 48,
        "N_body_vertices" : 26,
        "N_wake_panels" : 0,
        "N_wake_filaments" : 0,
        "average_characteristic_length" : 4.76931360312427E-001,
        "max_flow_turning_angle" : 9.00000000000000E+001
    },
    "solver_results" : {
        "solver_status_code" : 0,
        "system_dimension" : 26,
        "timing" : {
            "system_sorting" : 2.10000000000000E-006,
            "preconditioner" : 6.00000000000000E-006,
            "matrix_solver" : 1.52000000000000E-005
        },
        "iterations" : 6,
        "residual" : {
            "max" : 1.11022302462516E-015,
            "norm" : 2.09562031234039E-015
        }
    },
    "pressure_calculations" : {
        "incompressible_rule" : {
            "max" : 6.44562039534044E-001,
            "min" : -6.48258224422612E-001
        }
    },
    "total_forces" : {
        "Cx" : 2.58123354496265E-008,
        "Cy" : 5.06539254985228E-016,
        "Cz" : -8.67361737988404E-016
    },
    "total_moments" : {
        "CMx" : -1.12741413427209E-013,
        "CMy" : 9.81853487402873E-016,
        "CMz" : 8.81239525796218E-016
    },
    "CF_sensitivities" : {
        "d_CFx" : [
                7.95557239543855E-001,
                -5.39215889302518E-002,
                -1.06200158470628E-001,
                -1.39070013748165E-001,
                -8.72388833581100E-002,
                -5.39215937732118E-002,
                -1.06200157371521E-001,
                -1.39070013067592E-001,
                -8.72388762166222E-002,
                1.66424766129269E-002,
                -1.88589942649475E-003,
                -1.57832766120729E-002,
                1.28246189644154E-003,
                1.66424738350166E-002,
                -1.88589484175306E-003,
                -1.57832748201192E-002,
                1.28247238049339E-003,
                -3.69154025666009E-001,
                -2.76011473665745E-001,
                -2.02299686122690E-001,
                -2.95998748535061E-001,
                -3.69154076142788E-001,
                -2.76011500921905E-001,
                -2.02299682926416E-001,
                -2.95998719584246E-001,
                1.71864306303895E+000,
                -1.51162578218789E-009,
                3.23899026961476E-001,
                3.12828084005134E-001,
                -5.58104468927950E-004,
                -3.02915417942246E-001,
                -3.23899032156489E-001,
                -3.12828090678832E-001,
                5.58096978547487E-004,
                3.02915413580175E-001,
                -9.93345248205094E-002,
                -2.65803744772581E-001,
                -1.44500879277965E-002,
                2.81693409027511E-001,
                9.93345186180950E-002,
                2.65803743512363E-001,
                1.44500864675799E-002,
                -2.81693417827458E-001,
                -1.99217794523904E-001,
                4.13747411937364E-002,
                -1.18904299545157E-002,
                -7.53385894983381E-002,
                1.99217743551928E-001,
                -4.13747826140095E-002,
                1.18903836561348E-002,
                7.53385183760920E-002,
                -2.70038263857404E-008,
                -2.63223180702832E-009,
                8.83088799219078E-003,
                -2.51985746956289E-001,
                -4.95346989198064E-001,
                -2.77241106624114E-001,
                -8.83089077181964E-003,
                2.51985736891010E-001,
                4.95346980491075E-001,
                2.77241101506602E-001,
                1.66943020047892E-002,
                1.63077347699817E-001,
                5.00507274797462E-001,
                1.64875575159400E-001,
                -1.66943095591280E-002,
                -1.63077349584377E-001,
                -5.00507275141247E-001,
                -1.64875581705533E-001,
                -4.64268632627600E-003,
                4.99784802787207E-002,
                -2.08256642772433E-001,
                5.63511014735198E-002,
                4.64264259527901E-003,
                -4.99785368281848E-002,
                2.08256595555184E-001,
                -5.63511569074669E-002,
                -2.42996960214417E-008
            ],
        "d_CFy" : [
                -6.42264759179679E-017,
                -2.60857077305545E-001,
                -1.12892038597601E-001,
                -3.30011974431466E-004,
                1.12816740471042E-001,
                2.60857077021453E-001,
                1.12892039145900E-001,
                3.30011858131135E-004,
                -1.12816740557770E-001,
                -1.32105673548662E-001,
                -1.75634300938477E-001,
                -1.48070872117656E-004,
                1.74774306658297E-001,
                1.32105683635900E-001,
                1.75634295326877E-001,
                1.48070874933549E-004,
                -1.74774304802234E-001,
                4.74544100092060E-001,
                3.65700675155560E-001,
                1.43240257903522E-003,
                -3.39774875810881E-001,
                -4.74544095413173E-001,
                -3.65700649168049E-001,
                -1.43238499076027E-003,
                3.39774860737778E-001,
                -3.46367342012787E-009,
                2.00415768699725E-001,
                2.85468916211757E-001,
                5.00401203654635E-002,
                1.09962016323647E-001,
                4.98816085737179E-002,
                2.85468916357342E-001,
                5.00401203645230E-002,
                1.09962016142407E-001,
                4.98816083242311E-002,
                -7.11369071041665E-001,
                -3.18438637682746E-001,
                -1.34703609705209E-001,
                -3.36241959339377E-001,
                -7.11369055943383E-001,
                -3.18438632211158E-001,
                -1.34703609797662E-001,
                -3.36241960473320E-001,
                6.30333179027099E-001,
                2.12045601096268E-001,
                -2.30370893028553E-001,
                2.41746708999635E-001,
                6.30333194316216E-001,
                2.12045611193650E-001,
                -2.30370878451121E-001,
                2.41746709114561E-001,
                -2.38532098495089E-001,
                -5.30203423179000E-005,
                -2.09401400957114E-004,
                1.53310464604114E-002,
                -2.00353237051133E-004,
                -1.57924468301545E-002,
                -2.09401235863015E-004,
                1.53310464442442E-002,
                -2.00353418406313E-004,
                -1.57924471810262E-002,
                7.58323628147988E-003,
                2.38108773703120E-001,
                1.75406843619308E-004,
                -2.14370114084660E-001,
                7.58324932101131E-003,
                2.38108780323366E-001,
                1.75406775378857E-004,
                -2.14370112995482E-001,
                -2.47349297667973E-002,
                -4.67156342972450E-001,
                -3.12680737217634E-003,
                4.64000150824002E-001,
                -2.47349310450777E-002,
                -4.67156327706847E-001,
                -3.12679853244524E-003,
                4.64000155029807E-001,
                -3.84081626080530E-003
            ],