{
    "info" : {
        "generated_by" : "MachLine (c) 2023 USU Aerolab",
        "executed" : "Fri Jul 12 13:56:13 2024"
    },
    "mesh_info" : {
        "N_body_panels" : 48,
        "N_body_vertices" : 26,
        "N_wake_panels" : 0,
        "N_wake_filaments" : 0,
        "average_characteristic_length" : 4.76931360312427E-001,
        "max_flow_turning_angle" : 9.00000000000000E+001
    },
    "solver_results" : {
        "solver_status_code" : 0,
        "system_dimension" : 26,
        "timing" : {
            "system_sorting" : 2.20000000000000E-006,
            "preconditioner" : 5.30000000000000E-006,
            "matrix_solver" : 1.35000000000000E-005
        },
        "iterations" : 6,
        "residual" : {
            "max" : 6.66133814775094E-016,
            "norm" : 1.58422048407709E-015
        }
    },
    "pressure_calculations" : {
        "incompressible_rule" : {
            "max" : 6.37178527002503E-001,
            "min" : -6.71535232001969E-001
        }
    },
    "total_forces" : {
        "Cx" : -7.75574049427519E-012,
        "Cy" : 1.19348975147204E-015,
        "Cz" : -6.07153216591882E-016
    },
    "total_moments" : {
        "CMx" : -4.77048955893622E-017,
        "CMy" : 7.94503351997378E-016,
        "CMz" : 1.09634523681734E-015
    },
    "CF_sensitivities" : {
        "d_CFx" : [
                5.49599105302598E-001,
                -2.33285304745940E-002,
                -9.73513437822895E-002,
                -1.71953187707929E-001,
                -9.73513437822812E-002,
                -2.33285304745899E-002,
                -9.73513437822903E-002,
                -1.71953187707931E-001,
                -9.73513437822834E-002,
                5.79255642274257E-002,
                5.72592888674666E-002,
                5.79255642303218E-002,
                5.72592888674606E-002,
                5.79255642274230E-002,
                5.72592888674843E-002,
                5.79255642303331E-002,
                5.72592888674719E-002,
                -1.71953187707866E-001,
                -9.73513437831086E-002,
                -2.33285304768378E-002,
                -9.73513437831923E-002,
                -1.71953187707945E-001,
                -9.73513437833003E-002,
                -2.33285304769696E-002,
                -9.73513437831552E-002,
                5.49599105308910E-001,
                1.43165605526669E-014,
                1.27167479255067E-001,
                2.63025508091860E-001,
                4.21246748715083E-015,
                -2.63025508091866E-001,
                -1.27167479255082E-001,
                -2.63025508091869E-001,
                -4.24000440245877E-015,
                2.63025508091858E-001,
                2.44729980566482E-001,
                -7.05930199086302E-002,
                7.40539592874218E-015,
                7.05930199086005E-002,
                -2.44729980566516E-001,
                7.05930199086115E-002,
                -1.59048926394502E-014,
                -7.05930199086308E-002,
                -4.76097063761814E-001,
                -1.62369084280911E-001,
                -9.76244979867647E-014,
                1.62369084280802E-001,
                4.76097063761685E-001,
                1.62369084280831E-001,
                -2.97875750044722E-014,
                -1.62369084280946E-001,
                -4.08166362837752E-014,
                8.86384742089004E-015,
                7.66364454259891E-016,
                -1.62369084277373E-001,
                -4.76097063757559E-001,
                -1.62369084277352E-001,
                -9.76002793810488E-015,
                1.62369084277352E-001,
                4.76097063757554E-001,
                1.62369084277345E-001,
                -6.66708886261723E-015,
                -7.05930199118534E-002,
                2.44729980561736E-001,
                -7.05930199118494E-002,
                -1.59121376047152E-014,
                7.05930199118287E-002,
                -2.44729980561760E-001,
                7.05930199118214E-002,
                -5.31205310842220E-014,
                2.63025508094915E-001,
                1.27167479260452E-001,
                2.63025508094848E-001,
                -5.91164282723939E-014,
                -2.63025508095040E-001,
                -1.27167479260535E-001,
                -2.63025508094976E-001,
                1.09550867864521E-014
            ],
        "d_CFy" : [
                -1.43114118593278E-017,
                -2.59274278727706E-001,
                -1.06320293683182E-001,
                9.79664243241351E-016,
                1.06320293683185E-001,
                2.59274278727705E-001,
                1.06320293683181E-001,
                -4.57554156605434E-016,
                -1.06320293683184E-001,
                1.08354036389793E-001,
                -3.16109495253896E-002,
                -1.48472173043163E-015,
                3.16109495253842E-002,
                -1.08354036389765E-001,
                3.16109495253750E-002,
                1.90492794162705E-015,
                -3.16109495253729E-002,
                1.05173772360794E-001,
                1.51495456099439E-001,
                -9.53821189788900E-015,
                -1.51495456099511E-001,
                -1.05173772360768E-001,
                -1.51495456099430E-001,
                6.37712021968909E-014,
                1.51495456099504E-001,
                -1.03304244595797E-014,
                1.76072932231906E-001,
                3.00465740421401E-001,
                4.86566017909129E-002,
                1.03038948972675E-001,
                4.86566017909247E-002,
                3.00465740421423E-001,
                4.86566017909290E-002,
                1.03038948972674E-001,
                4.86566017909084E-002,
                -4.52837263693044E-001,
                -2.94568108899387E-001,
                -1.35512344619251E-001,
                -2.94568108899375E-001,
                -4.52837263693013E-001,
                -2.94568108899370E-001,
                -1.35512344619251E-001,
                -2.94568108899386E-001,
                -6.92520033801574E-002,
                2.01756838201821E-001,
                1.66368556248746E-001,
                2.01756838201841E-001,
                -6.92520033801634E-002,
                2.01756838201851E-001,
                1.66368556248785E-001,
                2.01756838201875E-001,
                1.76002475493589E-001,
                8.80372164058225E-017,
                -1.00436152450367E-014,
                9.46274761496207E-003,
                -1.23919207232509E-016,
                -9.46274761496682E-003,
                1.11537298494446E-014,
                9.46274761497720E-003,
                1.84634528891696E-016,
                -9.46274761498195E-003,
                -1.75068293195579E-014,
                1.59208180603270E-001,
                -2.48585821800057E-015,
                -1.59208180603277E-001,
                7.96346495690603E-016,
                1.59208180603300E-001,
                -2.71657748645387E-015,
                -1.59208180603294E-001,
                2.33519800718618E-014,
                9.16981292192023E-003,
                -2.08702655493254E-014,
                -9.16981292193933E-003,
                2.04314045404983E-014,
                9.16981292194788E-003,
                3.68609479629914E-015,
                -9.16981292190705E-003,
                -4.30957353136918E-014
            ],