{
    "info" : {
        "generated_by" : "MachLine (c) 2023 USU Aerolab",
        "executed" : "Fri Jul 12 13:55:06 2024"
    },
    "mesh_info" : {
        "N_body_panels" : 48,
        "N_body_vertices" : 26,
        "N_wake_panels" : 0,
        "N_wake_filaments" : 0,
        "average_characteristic_length" : 4.76931360312427E-001,
        "max_flow_turning_angle" : 9.00000000000000E+001
    },
    "solver_results" : {
        "solver_status_code" : 0,
        "system_dimension" : 26,
        "timing" : {
            "system_sorting" : 2.10000000000000E-006,
            "preconditioner" : 5.40000000000000E-006,
            "matrix_solver" : 1.42000000000000E-005
        },
        "iterations" : 6,
        "residual" : {
            "max" : 1.33226762955019E-015,
            "norm" : 2.31628349935731E-015
        }
    },
    "pressure_calculations" : {
        "incompressible_rule" : {
            "max" : 6.44561998957419E-001,
            "min" : -6.48258304922022E-001
        }
    },
    "total_forces" : {
        "Cx" : 1.80494035134648E-008,
        "Cy" : 4.64905891561784E-016,
        "Cz" : 4.30211422042248E-016
    },
    "total_moments" : {
        "CMx" : -4.88116491670354E-014,
        "CMy" : -2.81025203108243E-016,
        "CMz" : 2.63677968348475E-016
    },
    "CF_sensitivities" : {
        "d_CFx" : [
                7.95012658010100E-001,
                -5.40309113143354E-002,
                -1.02937566217220E-001,
                -1.35897019767973E-001,
                -9.28550997459787E-002,
                -5.40309132123239E-002,
                -1.02937565543589E-001,
                -1.35897018789403E-001,
                -9.28551021827242E-002,
                2.91173271272647E-002,
                -4.43435268552261E-003,
                -3.40861045565863E-002,
                -4.39602516367410E-003,
                2.91173227177461E-002,
                -4.43435223229005E-003,
                -3.40861037262226E-002,
                -4.39602438194742E-003,
                -3.30852705676379E-001,
                -2.41193574132218E-001,
                -1.69322043882350E-001,
                -2.53439629415115E-001,
                -3.30852743526518E-001,
                -2.41193609296351E-001,
                -1.69322045285693E-001,
                -2.53439615734617E-001,
                1.75679408529375E+000,
                2.41893129173501E-010,
                2.93026238261846E-001,
                3.14521629344639E-001,
                -6.26462620694974E-004,
                -3.11842847641553E-001,
                -2.93026242134313E-001,
                -3.14521632809691E-001,
                6.26457866565971E-004,
                3.11842844952064E-001,
                -1.09663931021207E-001,
                -2.70063767407057E-001,
                -1.98413722717476E-002,
                3.00807134179942E-001,
                1.09663925365603E-001,
                2.70063765816220E-001,
                1.98413735483913E-002,
                -3.00807138650495E-001,
                -1.83941364442795E-001,
                4.39285513572559E-002,
                -2.24034840370078E-002,
                -5.80860513330143E-002,
                1.83941328534792E-001,
                -4.39285655100159E-002,
                2.24034578772539E-002,
                5.80860111562463E-002,
                -1.18997847569710E-008,
                -8.34622277785743E-011,
                2.00414986548794E-002,
                -2.43799809885445E-001,
                -5.03229790251052E-001,
                -2.55999120462691E-001,
                -2.00415012402311E-002,
                2.43799805098150E-001,
                5.03229784026408E-001,
                2.55999116736922E-001,
                2.33802362371494E-002,
                1.52579732708802E-001,
                5.21736617313688E-001,
                1.75161023881257E-001,
                -2.33802390214704E-002,
                -1.52579734601303E-001,
                -5.21736616873300E-001,
                -1.75161028045467E-001,
                1.45826176203470E-004,
                4.66941336797558E-002,
                -1.88424346807583E-001,
                5.57453332626209E-002,
                -1.45853819333880E-004,
                -4.66941698697848E-002,
                1.88424320481780E-001,
                -5.57453544258243E-002,
                -8.07512255385710E-009
            ],
        "d_CFy" : [
                -1.34792460475628E-016,
                -2.60402079869529E-001,
                -1.12233552869154E-001,
                -1.01175978065791E-004,
                1.12293957628306E-001,
                2.60402079851614E-001,
                1.12233553105301E-001,
                1.01176089715410E-004,
                -1.12293957573318E-001,
                -1.65966634941176E-001,
                -1.73791591988424E-001,
                -1.21054430893263E-004,
                1.81923698241746E-001,
                1.65966641165817E-001,
                1.73791588654515E-001,
                1.21054422295595E-004,
                -1.81923697171449E-001,
                5.38976587303142E-001,
                3.88968448615346E-001,
                5.09776038286730E-004,
                -3.76113432044558E-001,
                -5.38976573311591E-001,
                -3.88968437051744E-001,
                -5.09768362849065E-004,
                3.76113416131373E-001,
                -1.26378568474218E-009,
                2.01157870120990E-001,
                2.85218174018322E-001,
                4.96565569344884E-002,
                1.09627180118150E-001,
                5.01461226625818E-002,
                2.85218174203947E-001,
                4.96565568672122E-002,
                1.09627179998347E-001,
                5.01461225015923E-002,
                -6.54885574267625E-001,
                -3.26797177709837E-001,
                -1.34382481749405E-001,
                -3.26023041253629E-001,
                -6.54885564396741E-001,
                -3.26797174096523E-001,
                -1.34382481815941E-001,
                -3.26023042007300E-001,
                6.64339261487168E-001,
                2.49850343006187E-001,
                -2.49150033013457E-001,
                2.57846849478282E-001,
                6.64339264757780E-001,
                2.49850353158151E-001,
                -2.49150025652412E-001,
                2.57846856440436E-001,
                -2.90228696346628E-001,
                -6.77286045219202E-004,
                -8.41543467213985E-005,
                1.54800375871201E-002,
                1.34868869586377E-004,
                -1.57039473627430E-002,
                -8.41542798161899E-005,
                1.54800375527828E-002,
                1.34868739547622E-004,
                -1.57039475152735E-002,
                1.38107676012123E-002,
                2.11325751519213E-001,
                6.58705919224776E-005,
                -2.01527249145632E-001,
                1.38107755376044E-002,
                2.11325757394336E-001,
                6.58705295008464E-005,
                -2.01527249839574E-001,
                -5.75498675581149E-003,
                -4.54511363469714E-001,
                2.43510135155661E-003,
                4.36560321575454E-001,
                -5.75498090694901E-003,
                -4.54511356561103E-001,
                2.43510797043591E-003,
                4.36560323445245E-001,
                -4.74204644336191E-002
            ],