{
    "info" : {
        "generated_by" : "MachLine (c) 2023 USU Aerolab",
        "executed" : "Fri Jul 12 13:54:20 2024"
    },
    "mesh_info" : {
        "N_body_panels" : 48,
        "N_body_vertices" : 26,
        "N_wake_panels" : 0,
        "N_wake_filaments" : 0,
        "average_characteristic_length" : 4.76931360312427E-001,
        "max_flow_turning_angle" : 9.00000000000000E+001
    },
    "solver_results" : {
        "solver_status_code" : 0,
        "system_dimension" : 26,
        "timing" : {
            "system_sorting" : 3.00000000000000E-006,
            "preconditioner" : 9.10000000000000E-006,
            "matrix_solver" : 1.68000000000000E-005
        },
        "iterations" : 6,
        "residual" : {
            "max" : 3.86327386335321E-013,
            "norm" : 6.72083958921732E-013
        }
    },
    "pressure_calculations" : {
        "incompressible_rule" : {
            "max" : 6.44571163007911E-001,
            "min" : -6.48291963424130E-001
        }
    },
    "total_forces" : {
        "Cx" : 9.17669391108239E-005,
        "Cy" : -1.52655665885959E-016,
        "Cz" : 4.71844785465692E-016
    },
    "total_moments" : {
        "CMx" : -3.13934656048787E-010,
        "CMy" : -8.32667268468867E-017,
        "CMz" : -1.66533453693773E-016
    },
    "CF_sensitivities" : {
        "d_CFx" : [
                8.42861293368848E-001,
                -4.28224616173918E-002,
                -1.07922312957635E-001,
                -1.52871521543872E-001,
                -8.69357282367870E-002,
                -4.28075750563282E-002,
                -1.07896273296214E-001,
                -1.52891163566845E-001,
                -8.69202026659870E-002,
                1.66636991912428E-002,
                -1.90500769374191E-003,
                -1.57826273413366E-002,
                1.24460271416904E-003,
                1.66594155756945E-002,
                -1.87866058305342E-003,
                -1.57708507455530E-002,
                1.28102959404974E-003,
                -3.42034219948131E-001,
                -2.53886464508511E-001,
                -1.91361566582081E-001,
                -2.78123733587014E-001,
                -3.41997413236658E-001,
                -2.53969391442299E-001,
                -1.91387832134758E-001,
                -2.78144032844680E-001,
                2.06707484279462E+000,
                -1.29213016166130E-005,
                2.79169698433040E-001,
                3.27541951209926E-001,
                -6.39337389039471E-004,
                -3.13540801542377E-001,
                -2.79194556885737E-001,
                -3.27580491052643E-001,
                6.05114718294788E-004,
                3.13527207658763E-001,
                -1.31230241673995E-001,
                -2.96730161447647E-001,
                -1.44454101965553E-002,
                3.17867341568637E-001,
                1.31197284683771E-001,
                2.96737986060417E-001,
                1.44547223165284E-002,
                -3.17901720370320E-001,
                -1.70264571364438E-001,
                4.98543249166711E-002,
                -2.29605408022174E-002,
                -6.54931103568265E-002,
                1.69996725967863E-001,
                -5.00122286152034E-002,
                2.27363334579877E-002,
                6.51901380519113E-002,
                -4.72963242810665E-005,
                -7.78959307929786E-006,
                1.97040969308688E-002,
                -2.43021902626560E-001,
                -5.29609556889514E-001,
                -2.56038592498061E-001,
                -1.97232604077060E-002,
                2.42984571209107E-001,
                5.29581204088667E-001,
                2.56014039223545E-001,
                1.67064424217261E-002,
                1.74199667643654E-001,
                5.63932392915693E-001,
                1.92340906856492E-001,
                -1.67295841580430E-002,
                -1.74206236269703E-001,
                -5.63929419880965E-001,
                -1.92363993576540E-001,
                5.57635123854903E-004,
                3.44753805311910E-002,
                -1.90485614466772E-001,
                5.04003260325067E-002,
                -7.58724744197879E-004,
                -3.47609162364076E-002,
                1.90357638998878E-001,
                -5.07109742568554E-002,
                -8.41919945896124E-005
            ],
        "d_CFy" : [
                -3.70847187408124E-017,
                -2.59496581035391E-001,
                -1.12159144472725E-001,
                -2.81790601970206E-005,
                1.12282459597293E-001,
                2.59495711686698E-001,
                1.12160658575169E-001,
                2.95743720657915E-005,
                -1.12282800147835E-001,
                -1.32175311669394E-001,
                -1.75633817812406E-001,
                -1.46103500184483E-004,
                1.74760922415783E-001,
                1.32215308037990E-001,
                1.75614555469438E-001,
                1.46133316780667E-004,
                -1.74744780659416E-001,
                5.26717135199307E-001,
                4.20462797515341E-001,
                1.26406096022137E-003,
                -4.07725653365495E-001,
                -5.26798001499765E-001,
                -4.20302798067484E-001,
                -1.18291888735916E-003,
                4.07650757201665E-001,
                -2.01429463207216E-005,
                2.00414974884951E-001,
                2.83867177293071E-001,
                5.02557004559877E-002,
                1.09963169025719E-001,
                5.04023015895392E-002,
                2.83867493591798E-001,
                5.02555415225260E-002,
                1.09962242131598E-001,
                5.04008593137731E-002,
                -6.27787928081472E-001,
                -3.37890526191739E-001,
                -1.34707316716676E-001,
                -3.37070969713299E-001,
                -6.27729626528179E-001,
                -3.37870518754122E-001,
                -1.34707770255176E-001,
                -3.37077304530943E-001,
                6.26841980549313E-001,
                2.77275902159491E-001,
                -2.30453796767286E-001,
                2.88153106531223E-001,
                6.26924895719701E-001,
                2.77380125428358E-001,
                -2.30391506920296E-001,
                2.88212783069827E-001,
                -2.38660248379205E-001,
                -5.23302937995484E-005,
                -1.69982842032586E-004,
                1.58352686357279E-002,
                6.52804559641141E-006,
                -1.59314507756302E-002,
                -1.69408352585603E-004,
                1.58353137185865E-002,
                5.53166533823397E-006,
                -1.59325477146425E-002,
                7.57767860449237E-003,
                2.15962197965605E-001,
                1.39053668834224E-004,
                -2.14536607352243E-001,
                7.63453759848967E-003,
                2.15993401173541E-001,
                1.38598068150760E-004,
                -2.14543152874167E-001,
                -1.44509160672836E-003,
                -4.89969603556244E-001,
                2.39537206800922E-003,
                4.81986557923565E-001,
                -1.43194469405670E-003,
                -4.89916376412095E-001,
                2.45148559424530E-003,
                4.82013178826407E-001,
                -3.93555835561080E-003
            ],