{
    "info" : {
        "generated_by" : "MachLine (c) 2023 USU Aerolab",
        "executed" : "Fri Jul 12 13:55:30 2024"
    },
    "mesh_info" : {
        "N_body_panels" : 48,
        "N_body_vertices" : 26,
        "N_wake_panels" : 0,
        "N_wake_filaments" : 0,
        "average_characteristic_length" : 4.76931360312427E-001,
        "max_flow_turning_angle" : 9.00000000000000E+001
    },
    "solver_results" : {
        "solver_status_code" : 0,
        "system_dimension" : 26,
        "timing" : {
            "system_sorting" : 2.00000000000000E-006,
            "preconditioner" : 6.70000000000000E-006,
            "matrix_solver" : 1.52000000000000E-005
        },
        "iterations" : 6,
        "residual" : {
            "max" : 1.55431223447522E-015,
            "norm" : 4.22264179350953E-015
        }
    },
    "pressure_calculations" : {
        "incompressible_rule" : {
            "max" : 6.44555639262858E-001,
            "min" : -6.48278506762667E-001
        }
    },
    "total_forces" : {
        "Cx" : -1.42705292027756E-012,
        "Cy" : -1.45716771982052E-016,
        "Cz" : -1.49186218934005E-016
    },
    "total_moments" : {
        "CMx" : -7.97972798949331E-016,
        "CMy" : -3.46944695195361E-018,
        "CMz" : -1.59594559789866E-016
    },
    "CF_sensitivities" : {
        "d_CFx" : [
                8.03878721932959E-001,
                -4.19493651356257E-002,
                -9.71285675518428E-002,
                -1.36032929101927E-001,
                -7.99496085966777E-002,
                -4.19493651449453E-002,
                -9.71285675394131E-002,
                -1.36032929083254E-001,
                -7.99496085654789E-002,
                2.51378555179089E-002,
                -1.27392829532913E-003,
                -2.30679562988438E-002,
                2.15226086803533E-003,
                2.51378554819679E-002,
                -1.27392827309025E-003,
                -2.30679563061260E-002,
                2.15226087989806E-003,
                -3.19076291735715E-001,
                -2.29159296341843E-001,
                -1.61531387907389E-001,
                -2.51535895664402E-001,
                -3.19076292041665E-001,
                -2.29159296820007E-001,
                -1.61531387952662E-001,
                -2.51535895733619E-001,
                1.82295149728696E+000,
                -9.65440804214576E-012,
                2.86893818787992E-001,
                3.11391449177582E-001,
                -2.43694963228849E-003,
                -3.01917295724333E-001,
                -2.86893818808669E-001,
                -3.11391449206286E-001,
                2.43694958353144E-003,
                3.01917295694245E-001,
                -1.18968334641361E-001,
                -2.70787063106910E-001,
                -1.48825063159773E-002,
                3.09297436649314E-001,
                1.18968334586411E-001,
                2.70787063112528E-001,
                1.48825063327981E-002,
                -3.09297436706658E-001,
                -1.76123133675595E-001,
                5.12660567456383E-002,
                -2.48179616982833E-002,
                -7.01320130172125E-002,
                1.76123133183418E-001,
                -5.12660569300066E-002,
                2.48179613910670E-002,
                7.01320125091487E-002,
                -1.04214559957067E-010,
                -2.18788818635978E-011,
                2.15533990956763E-002,
                -2.38104770187517E-001,
                -4.98627864818866E-001,
                -2.55803844575517E-001,
                -2.15533991193643E-002,
                2.38104770124779E-001,
                4.98627864773547E-001,
                2.55803844538370E-001,
                1.72245463989294E-002,
                1.53265955691861E-001,
                5.34965846688832E-001,
                1.88636890223723E-001,
                -1.72245464387526E-002,
                -1.53265955728903E-001,
                -5.34965846693655E-001,
                -1.88636890284410E-001,
                2.51180977047665E-003,
                3.76139653586159E-002,
                -2.00016715218880E-001,
                5.05360583724924E-002,
                -2.51181009650266E-003,
                -3.76139657497851E-002,
                2.00016714930671E-001,
                -5.05360587638622E-002,
                -4.97793227113755E-011
            ],
        "d_CFy" : [
                5.49226641922426E-017,
                -2.60111892379310E-001,
                -1.12165624543414E-001,
                -7.17684490077083E-005,
                1.12352853359664E-001,
                2.60111892379266E-001,
                1.12165624545260E-001,
                7.17684504296983E-005,
                -1.12352853359446E-001,
                -1.40556964762298E-001,
                -1.68053874970892E-001,
                -1.49938089231551E-004,
                1.66134682337129E-001,
                1.40556964826296E-001,
                1.68053874936091E-001,
                1.49938089642019E-004,
                -1.66134682314588E-001,
                5.31035641045746E-001,
                4.07034870159855E-001,
                1.02899957507424E-003,
                -3.85883151146422E-001,
                -5.31035641022249E-001,
                -4.07034870046552E-001,
                -1.02899933301589E-003,
                3.85883151151873E-001,
                -2.53716666874588E-011,
                2.00520900180905E-001,
                2.85117256545240E-001,
                4.98810661594389E-002,
                1.09610068856031E-001,
                5.01224580861386E-002,
                2.85117256546077E-001,
                4.98810661588573E-002,
                1.09610068854640E-001,
                5.01224580839232E-002,
                -6.50181831324572E-001,
                -3.20033726231387E-001,
                -1.34588007710946E-001,
                -3.18019927852151E-001,
                -6.50181831237292E-001,
                -3.20033726189931E-001,
                -1.34588007711525E-001,
                -3.18019927864507E-001,
                6.54210897660241E-001,
                2.55940332185219E-001,
                -2.22308803139418E-001,
                2.63421215364141E-001,
                6.54210897688252E-001,
                2.55940332301387E-001,
                -2.22308803034128E-001,
                2.63421215420993E-001,
                -2.46862898157030E-001,
                -1.55543602146197E-004,
                -1.54590991859196E-004,
                1.56655937436781E-002,
                -1.66546058379041E-005,
                -1.56687257498788E-002,
                -1.54590991032948E-004,
                1.56655937429444E-002,
                -1.66546071127552E-005,
                -1.56687257525290E-002,
                8.43460637575454E-003,
                2.07413340434696E-001,
                1.52932555310166E-004,
                -2.03630197759667E-001,
                8.43460646857277E-003,
                2.07413340495054E-001,
                1.52932554532187E-004,
                -2.03630197784151E-001,
                -1.43509693809719E-003,
                -4.72758067763032E-001,
                6.57038195387418E-003,
                4.60517054053670E-001,
                -1.43509695360024E-003,
                -4.72758067692381E-001,
                6.57038203139275E-003,
                4.60517054102269E-001,
                -1.00256074199003E-002
            ],