{
    "info" : {
        "generated_by" : "MachLine (c) 2023 USU Aerolab",
        "executed" : "Fri Jul 12 13:54:55 2024"
    },
    "mesh_info" : {
        "N_body_panels" : 48,
        "N_body_vertices" : 26,
        "N_wake_panels" : 0,
        "N_wake_filaments" : 0,
        "average_characteristic_length" : 4.76931360312427E-001,
        "max_flow_turning_angle" : 9.00000000000000E+001
    },
    "solver_results" : {
        "solver_status_code" : 0,
        "system_dimension" : 26,
        "timing" : {
            "system_sorting" : 2.00000000000000E-006,
            "preconditioner" : 5.80000000000000E-006,
            "matrix_solver" : 1.31000000000000E-005
        },
        "iterations" : 6,
        "residual" : {
            "max" : 6.66133814775094E-016,
            "norm" : 1.43194473362739E-015
        }
    },
    "pressure_calculations" : {
        "incompressible_rule" : {
            "max" : 6.44562091843578E-001,
            "min" : -6.48258080567170E-001
        }
    },
    "total_forces" : {
        "Cx" : 5.17709100172903E-008,
        "Cy" : -1.38777878078145E-016,
        "Cz" : -4.16333634234434E-016
    },
    "total_moments" : {
        "CMx" : -2.25999774450258E-013,
        "CMy" : 1.45716771982052E-016,
        "CMz" : -2.77555756156289E-017
    },
    "CF_sensitivities" : {
        "d_CFx" : [
                8.42882962005889E-001,
                -4.27876903931362E-002,
                -1.07859580718690E-001,
                -1.52918306484989E-001,
                -8.68956248225414E-002,
                -4.27876677638135E-002,
                -1.07859541801770E-001,
                -1.52918296657145E-001,
                -8.68956146325068E-002,
                1.66423899357608E-002,
                -1.88598931820727E-003,
                -1.57833203927602E-002,
                1.28234858391529E-003,
                1.66423600442356E-002,
                -1.88595519672585E-003,
                -1.57833084358607E-002,
                1.28239128190000E-003,
                -3.41540492910023E-001,
                -2.54018623395450E-001,
                -1.91035660953039E-001,
                -2.78141946276366E-001,
                -3.41540830623378E-001,
                -2.54018786983533E-001,
                -1.91035831438110E-001,
                -2.78141769164057E-001,
                2.06700172170083E+000,
                6.10627376185322E-009,
                2.79185253227513E-001,
                3.27550475678108E-001,
                -6.33721530259798E-004,
                -3.13507822823873E-001,
                -2.79185283556230E-001,
                -3.27550520740466E-001,
                6.33664431359498E-004,
                3.13507785858262E-001,
                -1.31317100789816E-001,
                -2.96715788600088E-001,
                -1.44500942378736E-002,
                3.17863076573763E-001,
                1.31317068085375E-001,
                2.96715788609172E-001,
                1.44500722012544E-002,
                -3.17863115476940E-001,
                -1.70047561202959E-001,
                4.98526577449754E-002,
                -2.27655646379655E-002,
                -6.52905302200470E-002,
                1.70047133090737E-001,
                -4.98528150102126E-002,
                2.27652715582402E-002,
                6.52901238729802E-002,
                -1.47752847600632E-007,
                -6.62869426398995E-009,
                1.97057931214113E-002,
                -2.42984928231611E-001,
                -5.29610507542524E-001,
                -2.56021026237582E-001,
                -1.97058252889229E-002,
                2.42984869280983E-001,
                5.29610462351318E-001,
                2.56020980607659E-001,
                1.66943140286795E-002,
                1.74226420735012E-001,
                5.63942574049490E-001,
                1.92361328978059E-001,
                -1.66943306869361E-002,
                -1.74226442863385E-001,
                -5.63942573977076E-001,
                -1.92361380827546E-001,
                6.49116145586389E-004,
                3.46330304030747E-002,
                -1.90542749252137E-001,
                5.07197821667325E-002,
                -6.49362213917184E-004,
                -3.46333230699920E-002,
                1.90542575444946E-001,
                -5.07199843658282E-002,
                -1.49643390285360E-007
            ],
        "d_CFy" : [
                -7.34493659443140E-017,
                -2.59506252094206E-001,
                -1.12165727253297E-001,
                -2.85093423585055E-005,
                1.12285929026615E-001,
                2.59506251645061E-001,
                1.12165727651885E-001,
                2.85102203290176E-005,
                -1.12285929905360E-001,
                -1.32105718882225E-001,
                -1.75634268709177E-001,
                -1.48066028911336E-004,
                1.74774257480808E-001,
                1.32105774766990E-001,
                1.75634236641685E-001,
                1.48066181558896E-004,
                -1.74774237537971E-001,
                5.26516374640020E-001,
                4.20544198985048E-001,
                1.39210262477600E-003,
                -4.07802967968191E-001,
                -5.26516280663090E-001,
                -4.20544054377770E-001,
                -1.39201433676091E-003,
                4.07802940420069E-001,
                -1.94435654955657E-008,
                2.00415888026849E-001,
                2.83900050424565E-001,
                5.02480778137405E-002,
                1.09962033299141E-001,
                5.03941551377630E-002,
                2.83900050913514E-001,
                5.02480770770165E-002,
                1.09962032254621E-001,
                5.03941534246480E-002,
                -6.27768093855225E-001,
                -3.37887281203610E-001,
                -1.34703606470498E-001,
                -3.37073453724286E-001,
                -6.27768009076010E-001,
                -3.37887244903669E-001,
                -1.34703606953756E-001,
                -3.37073462467792E-001,
                6.26815695636916E-001,
                2.77357938509630E-001,
                -2.30411039348630E-001,
                2.88223207366429E-001,
                6.26815707028327E-001,
                2.77358031451241E-001,
                -2.30410966858837E-001,
                2.88223260338840E-001,
                -2.38532021630006E-001,
                -5.30187802691781E-005,
                -1.69197562928363E-004,
                1.58450326920618E-002,
                5.70717345614997E-006,
                -1.59419610456956E-002,
                -1.69196921830999E-004,
                1.58450325997879E-002,
                5.70598474798476E-006,
                -1.59419626095179E-002,
                7.58319317107537E-003,
                2.15976743221388E-001,
                1.39882982848395E-004,
                -2.14524032632699E-001,
                7.58327021769152E-003,
                2.15976795959961E-001,
                1.39882332784281E-004,
                -2.14524055320147E-001,
                -1.46475748705491E-003,
                -4.89870882725905E-001,
                2.42710402154092E-003,
                4.81939902610955E-001,
                -1.46471324766257E-003,
                -4.89870823920594E-001,
                2.42720364904361E-003,
                4.81939920212615E-001,
                -3.84090548976032E-003
            ],