{
    "info" : {
        "generated_by" : "MachLine (c) 2023 USU Aerolab",
        "executed" : "Fri Jul 12 13:54:59 2024"
    },
    "mesh_info" : {
        "N_body_panels" : 48,
        "N_body_vertices" : 26,
        "N_wake_panels" : 0,
        "N_wake_filaments" : 0,
        "average_characteristic_length" : 4.76931360312427E-001,
        "max_flow_turning_angle" : 9.00000000000000E+001
    },
    "solver_results" : {
        "solver_status_code" : 0,
        "system_dimension" : 26,
        "timing" : {
            "system_sorting" : 1.90000000000000E-006,
            "preconditioner" : 5.70000000000000E-006,
            "matrix_solver" : 1.34000000000000E-005
        },
        "iterations" : 6,
        "residual" : {
            "max" : 6.66133814775094E-016,
            "norm" : 1.39527262073695E-015
        }
    },
    "pressure_calculations" : {
        "incompressible_rule" : {
            "max" : 6.44562084605554E-001,
            "min" : -6.48258124597625E-001
        }
    },
    "total_forces" : {
        "Cx" : 3.73380262264078E-008,
        "Cy" : 1.88044024795886E-015,
        "Cz" : -1.23165366794353E-015
    },
    "total_moments" : {
        "CMx" : -4.05868047503866E-013,
        "CMy" : 1.31492039479042E-015,
        "CMz" : 1.97758476261356E-015
    },
    "CF_sensitivities" : {
        "d_CFx" : [
                8.42882906074874E-001,
                -4.27876768053670E-002,
                -1.07859505132159E-001,
                -1.52918331722808E-001,
                -8.68955986841976E-002,
                -4.27876853249640E-002,
                -1.07859512279835E-001,
                -1.52918338003548E-001,
                -8.68955930802224E-002,
                1.66423930619444E-002,
                -1.88594925223473E-003,
                -1.57833193869279E-002,
                1.28238958414606E-003,
                1.66423846045578E-002,
                -1.88592429173329E-003,
                -1.57833218646060E-002,
                1.28240301672333E-003,
                -3.41540426315589E-001,
                -2.54018806633739E-001,
                -1.91035751427960E-001,
                -2.78141993929346E-001,
                -3.41540575866973E-001,
                -2.54018876585978E-001,
                -1.91035688836708E-001,
                -2.78141984836404E-001,
                2.06700169151773E+000,
                -3.04019295181501E-010,
                2.79185235669787E-001,
                3.27550470672978E-001,
                -6.33712600439344E-004,
                -3.13507795707874E-001,
                -2.79185253878122E-001,
                -3.27550488537902E-001,
                6.33690991129851E-004,
                3.13507779707083E-001,
                -1.31317170489023E-001,
                -2.96715752455994E-001,
                -1.44500879106774E-002,
                3.17863077822758E-001,
                1.31317160235599E-001,
                2.96715751869017E-001,
                1.44500807528212E-002,
                -3.17863098811884E-001,
                -1.70047301334552E-001,
                4.98526948683804E-002,
                -2.27654251202792E-002,
                -6.52903714645029E-002,
                1.70047171036806E-001,
                -4.98527655079460E-002,
                2.27652889616573E-002,
                6.52902215159252E-002,
                -7.21123375057801E-008,
                -5.26541371572837E-009,
                1.97058030819675E-002,
                -2.42984878996011E-001,
                -5.29610503951123E-001,
                -2.56021006917654E-001,
                -1.97058098747809E-002,
                2.42984852357206E-001,
                5.29610487630630E-001,
                2.56020992489113E-001,
                1.66943091086407E-002,
                1.74226431009410E-001,
                5.63942595143106E-001,
                1.92361350438678E-001,
                -1.66943241398919E-002,
                -1.74226440562408E-001,
                -5.63942600876275E-001,
                -1.92361368723160E-001,
                6.49216830198629E-004,
                3.46331055447355E-002,
                -1.90542953919975E-001,
                5.07198956327097E-002,
                -6.49320940610824E-004,
                -3.46332587783367E-002,
                1.90542850816396E-001,
                -5.07200645075919E-002,
                -5.38827153515464E-009
            ],
        "d_CFy" : [
                -1.35275168095513E-016,
                -2.59506254033820E-001,
                -1.12165710016157E-001,
                -2.85095364282212E-005,
                1.12285907437362E-001,
                2.59506253542905E-001,
                1.12165710581509E-001,
                2.85099988912847E-005,
                -1.12285907340537E-001,
                -1.32105669571603E-001,
                -1.75634291661493E-001,
                -1.48069168502156E-004,
                1.74774285326864E-001,
                1.32105688695968E-001,
                1.75634276227435E-001,
                1.48069201189553E-004,
                -1.74774277340210E-001,
                5.26516217949667E-001,
                4.20544309628152E-001,
                1.39213571928177E-003,
                -4.07803005921181E-001,
                -5.26516160340805E-001,
                -4.20544253082104E-001,
                -1.39212976052654E-003,
                4.07802943005421E-001,
                -1.46251551530447E-008,
                2.00415853833544E-001,
                2.83900095102117E-001,
                5.02480700042942E-002,
                1.09962026820345E-001,
                5.03941433966063E-002,
                2.83900095858156E-001,
                5.02480699127503E-002,
                1.09962026327028E-001,
                5.03941425763737E-002,
                -6.27768075377957E-001,
                -3.37887269147196E-001,
                -1.34703603631064E-001,
                -3.37073468969141E-001,
                -6.27768042804568E-001,
                -3.37887257594159E-001,
                -1.34703603920065E-001,
                -3.37073472736057E-001,
                6.26815704004505E-001,
                2.77358057150293E-001,
                -2.30411044979361E-001,
                2.88223318313848E-001,
                6.26815714585237E-001,
                2.77358096575972E-001,
                -2.30411010608498E-001,
                2.88223321226275E-001,
                -2.38531986756374E-001,
                -5.30203266327417E-005,
                -1.69197203610926E-004,
                1.58450326842323E-002,
                5.70589598948849E-006,
                -1.59419677494874E-002,
                -1.69196954035021E-004,
                1.58450324187399E-002,
                5.70535692788542E-006,
                -1.59419685480821E-002,
                7.58321551208896E-003,
                2.15976741178349E-001,
                1.39878536866092E-004,
                -2.14524042629445E-001,
                7.58325123889666E-003,
                2.15976763098200E-001,
                1.39878318157917E-004,
                -2.14524046118014E-001,
                -1.46473209292346E-003,
                -4.89870815390868E-001,
                2.42715908568974E-003,
                4.81939857879012E-001,
                -1.46471554611945E-003,
                -4.89870786482460E-001,
                2.42718434432667E-003,
                4.81939868605830E-001,
                -3.84086774498022E-003
            ],