{
    "info" : {
        "generated_by" : "MachLine (c) 2023 USU Aerolab",
        "executed" : "Fri Jul 12 13:54:33 2024"
    },
    "mesh_info" : {
        "N_body_panels" : 48,
        "N_body_vertices" : 26,
        "N_wake_panels" : 0,
        "N_wake_filaments" : 0,
        "average_characteristic_length" : 4.76931360312427E-001,
        "max_flow_turning_angle" : 9.00000000000000E+001
    },
    "solver_results" : {
        "solver_status_code" : 0,
        "system_dimension" : 26,
        "timing" : {
            "system_sorting" : 1.90000000000000E-006,
            "preconditioner" : 5.50000000000000E-006,
            "matrix_solver" : 1.36000000000000E-005
        },
        "iterations" : 6,
        "residual" : {
            "max" : 2.59213929912372E-014,
            "norm" : 3.94774473539300E-014
        }
    },
    "pressure_calculations" : {
        "incompressible_rule" : {
            "max" : 6.44562975756175E-001,
            "min" : -6.48265450031732E-001
        }
    },
    "total_forces" : {
        "Cx" : 7.96241535390430E-006,
        "Cy" : -8.39606162372775E-016,
        "Cz" : -2.18575157973078E-016
    },
    "total_moments" : {
        "CMx" : -2.79162908067843E-011,
        "CMy" : 1.11022302462516E-016,
        "CMz" : -7.84095011141517E-016
    },
    "CF_sensitivities" : {
        "d_CFx" : [
                8.42882063587581E-001,
                -4.27875184295126E-002,
                -1.07861813380120E-001,
                -1.52918240939091E-001,
                -8.68987944223032E-002,
                -4.27891289898836E-002,
                -1.07860850026116E-001,
                -1.52917076124736E-001,
                -8.68975214093831E-002,
                1.66442217847167E-002,
                -1.88551593824671E-003,
                -1.57819838615689E-002,
                1.27891907919020E-003,
                1.66430125838146E-002,
                -1.88340654196772E-003,
                -1.57812301042812E-002,
                1.28230922226757E-003,
                -3.41556824403275E-001,
                -2.54004041127668E-001,
                -1.91060226696767E-001,
                -2.78131136654623E-001,
                -3.41578359920597E-001,
                -2.54023848230778E-001,
                -1.91061431321685E-001,
                -2.78148108295341E-001,
                2.06700475929900E+000,
                1.34533174180120E-007,
                2.79185449607238E-001,
                3.27549367999952E-001,
                -6.34378772634035E-004,
                -3.13509948098632E-001,
                -2.79186884819056E-001,
                -3.27551729704297E-001,
                6.31255839837670E-004,
                3.13508451228755E-001,
                -1.31312577116351E-001,
                -2.96715538210928E-001,
                -1.44500200360976E-002,
                3.17860949657342E-001,
                1.31309962649994E-001,
                2.96716548650260E-001,
                1.44502893606122E-002,
                -3.17863427198097E-001,
                -1.70057945175781E-001,
                4.98552591254751E-002,
                -2.27803797264382E-002,
                -6.53026046256288E-002,
                1.70038539737561E-001,
                -4.98577242581646E-002,
                2.27623537474655E-002,
                6.52822396399835E-002,
                -1.05813170104067E-006,
                -5.61145126015998E-007,
                1.97054743068710E-002,
                -2.42987176830753E-001,
                -5.29611842169518E-001,
                -2.56021709138353E-001,
                -1.97064958032776E-002,
                2.42983806621155E-001,
                5.29608537247048E-001,
                2.56020453964193E-001,
                1.66943368435368E-002,
                1.74223120476935E-001,
                5.63939166025654E-001,
                1.92358606678463E-001,
                -1.66967905877093E-002,
                -1.74224092728902E-001,
                -5.63940180725279E-001,
                -1.92360743220483E-001,
                6.42921618418158E-004,
                3.46245525536983E-002,
                -1.90546884194788E-001,
                5.06996425570457E-002,
                -6.58472705583870E-004,
                -3.46437881339230E-002,
                1.90531407675456E-001,
                -5.07212197276635E-002,
                -1.72800622393632E-006
            ],
        "d_CFy" : [
                -3.14691650358800E-017,
                -2.59506701885346E-001,
                -1.12165093702851E-001,
                -2.85023290974521E-005,
                1.12285678992542E-001,
                2.59506742513384E-001,
                1.12165139938970E-001,
                2.86081744822115E-005,
                -1.12285709576100E-001,
                -1.32107277689061E-001,
                -1.75637338422217E-001,
                -1.47738904401115E-004,
                1.74775437619207E-001,
                1.32110653898241E-001,
                1.75635299853678E-001,
                1.47741676558982E-004,
                -1.74774251404791E-001,
                5.26530479196001E-001,
                4.20539502194603E-001,
                1.38297426281718E-003,
                -4.07805246361410E-001,
                -5.26527800138055E-001,
                -4.20529575981759E-001,
                -1.38261583466667E-003,
                4.07798685706978E-001,
                -4.98114117167371E-007,
                2.00415905796840E-001,
                2.83899690461843E-001,
                5.02473440279672E-002,
                1.09962165823508E-001,
                5.03938443630509E-002,
                2.83899750406054E-001,
                5.02473174010724E-002,
                1.09962102106966E-001,
                5.03937620833166E-002,
                -6.27767241729408E-001,
                -3.37890003096849E-001,
                -1.34703864753448E-001,
                -3.37074107813614E-001,
                -6.27762750498129E-001,
                -3.37888117909503E-001,
                -1.34703889247087E-001,
                -3.37074668315032E-001,
                6.26816450321731E-001,
                2.77354196050736E-001,
                -2.30415260022314E-001,
                2.88222019920551E-001,
                6.26819251263217E-001,
                2.77357523466610E-001,
                -2.30410051856040E-001,
                2.88223070157873E-001,
                -2.38541728102049E-001,
                -5.29228425168544E-005,
                -1.69136551576513E-004,
                1.58462449091058E-002,
                5.77786861935709E-006,
                -1.59425650601935E-002,
                -1.69085122343226E-004,
                1.58462281196571E-002,
                5.71869253907833E-006,
                -1.59426673000088E-002,
                7.58062332924292E-003,
                2.15975688516910E-001,
                1.40110467993194E-004,
                -2.14525238113364E-001,
                7.58555028127988E-003,
                2.15978276493281E-001,
                1.40069322637478E-004,
                -2.14525778834620E-001,
                -1.46043869924903E-003,
                -4.89878656785135E-001,
                2.42549642360657E-003,
                4.81943082528022E-001,
                -1.45975012805732E-003,
                -4.89873744425008E-001,
                2.42924250943007E-003,
                4.81943963847861E-001,
                -3.84933299897227E-003
            ],