{
    "info" : {
        "generated_by" : "MachLine (c) 2023 USU Aerolab",
        "executed" : "Fri Jul 12 13:56:38 2024"
    },
    "mesh_info" : {
        "N_body_panels" : 48,
        "N_body_vertices" : 26,
        "N_wake_panels" : 0,
        "N_wake_filaments" : 0,
        "average_characteristic_length" : 4.76931360312427E-001,
        "max_flow_turning_angle" : 9.00000000000000E+001
    },
    "solver_results" : {
        "solver_status_code" : 0,
        "system_dimension" : 26,
        "timing" : {
            "system_sorting" : 1.90000000000000E-006,
            "preconditioner" : 6.50000000000000E-006,
            "matrix_solver" : 2.47000000000000E-005
        },
        "iterations" : 25,
        "residual" : {
            "max" : 8.88178419700125E-016,
            "norm" : 2.23979068645708E-015
        }
    },
    "pressure_calculations" : {
        "incompressible_rule" : {
            "max" : 6.06854879851863E-001,
            "min" : -8.75689805648199E-001
        }
    },
    "total_forces" : {
        "Cx" : 1.85002291264169E-011,
        "Cy" : -1.26102392417060E-011,
        "Cz" : 1.17451499914711E-011
    },
    "total_moments" : {
        "CMx" : 1.34441069388203E-016,
        "CMy" : -3.08645470292745E-013,
        "CMz" : -2.76006023591790E-011
    },
    "CF_sensitivities" : {
        "d_CFx" : [
                4.87078452879536E-001,
                5.24710107031327E-001,
                -8.97060344828964E-001,
                4.15761434607591E-001,
                -8.97060344193262E-001,
                5.24710106566700E-001,
                -8.97060344920452E-001,
                4.15761434205014E-001,
                -8.97060344134712E-001,
                -6.53171074408732E-002,
                6.75427028772523E-001,
                -6.53171073558947E-002,
                6.75427028753819E-001,
                -6.53171072624898E-002,
                6.75427028780808E-001,
                -6.53171072713874E-002,
                6.75427028805520E-001,
                4.15761439060724E-001,
                -8.97060349562601E-001,
                5.24710111703877E-001,
                -8.97060348913690E-001,
                4.15761438373086E-001,
                -8.97060349667191E-001,
                5.24710111387928E-001,
                -8.97060349045876E-001,
                4.87078453685468E-001,
                -2.33176057455699E-010,
                -9.16447607444344E-001,
                5.98907472639786E-001,
                4.60732648539312E-010,
                -5.98907472772538E-001,
                9.16447607500758E-001,
                -5.98907472587942E-001,
                -2.49824936140797E-010,
                5.98907472257063E-001,
                3.74636494508851E-001,
                -1.54776429153740E-001,
                1.33495932969696E-010,
                1.54776429350419E-001,
                -3.74636494667950E-001,
                1.54776429147734E-001,
                -8.07440934971858E-011,
                -1.54776429235693E-001,
                3.90691883916079E-001,
                -3.79263805107060E-001,
                -2.30610848978474E-010,
                3.79263804439394E-001,
                -3.90691883447690E-001,
                3.79263804671846E-001,
                6.74436162305772E-010,
                -3.79263804824606E-001,
                3.54430944310395E-010,
                2.43102218275872E-010,
                -3.78060627477400E-010,
                -3.79263802076807E-001,
                3.90691879550640E-001,
                -3.79263801553183E-001,
                6.15481800853407E-010,
                3.79263801573412E-001,
                -3.90691879174787E-001,
                3.79263801469786E-001,
                6.54512496771480E-011,
                -1.54776435162897E-001,
                3.74636503354116E-001,
                -1.54776435210910E-001,
                -1.20393841681463E-010,
                1.54776435141407E-001,
                -3.74636503452346E-001,
                1.54776435409535E-001,
                3.56916691321780E-010,
                5.98907476507598E-001,
                -9.16447611786455E-001,
                5.98907475999500E-001,
                -3.11243911797258E-010,
                -5.98907476216325E-001,
                9.16447611872408E-001,
                -5.98907476565080E-001,
                -2.06096740528871E-010
            ],
        "d_CFy" : [
                -3.05028413703300E-010,
                -9.11624909316239E-001,
                3.60978546294229E-001,
                5.54250616099674E-010,
                -3.60978546997442E-001,
                9.11624910119152E-001,
                -3.60978547283722E-001,
                3.21504348967994E-010,
                3.60978546516446E-001,
                4.64411195415684E-001,
                -2.11679402217224E-001,
                -3.37402134312387E-010,
                2.11679403042262E-001,
                -4.64411196246502E-001,
                2.11679403076638E-001,
                -3.17010890298873E-010,
                -2.11679402249156E-001,
                -7.99945683550428E-001,
                7.00565242407009E-001,
                1.15838283216642E-009,
                -7.00565244084539E-001,
                7.99945685547086E-001,
                -7.00565244521637E-001,
                1.02823138683209E-009,
                7.00565242408293E-001,
                -4.52528710518092E-010,
                -2.00529017768342E-001,
                6.49657010544536E-001,
                -1.14113941835603E-001,
                -5.26381058690086E-002,
                -1.14113942431014E-001,
                6.49657011529361E-001,
                -1.14113942514552E-001,
                -5.26381059632360E-002,
                -1.14113941971238E-001,
                1.29943330307343E-002,
                -2.97196592114094E-001,
                -1.22392436944020E-002,
                -2.97196592630138E-001,
                1.29943341306815E-002,
                -2.97196592855888E-001,
                -1.22392438101172E-002,
                -2.97196591864376E-001,
                -6.15722687265203E-001,
                5.41966700193447E-001,
                3.35207413765809E-002,
                5.41966701146221E-001,
                -6.15722689378667E-001,
                5.41966701599490E-001,
                3.35207414554190E-002,
                5.41966700056605E-001,
                -3.53239743080651E-001,
                1.91828841134110E-010,
                2.90496959554645E-010,
                1.48218132056242E-001,
                5.14614864507648E-010,
                -1.48218132682879E-001,
                4.32517965508160E-010,
                1.48218132442902E-001,
                -4.42675465311774E-010,
                -1.48218132567052E-001,
                -1.49068256225575E-011,
                2.17196663888011E-001,
                5.22258050596387E-010,
                -2.17196664681417E-001,
                -1.38674738116967E-010,
                2.17196664910300E-001,
                -6.20586396072639E-010,
                -2.17196663817515E-001,
                -2.00570046649469E-010,
                -5.00608302620368E-001,
                -1.25175047829868E-009,
                5.00608303849732E-001,
                -2.77261879916303E-010,
                -5.00608303794944E-001,
                1.33221115777527E-009,
                5.00608302877103E-001,
                -1.84780857331423E-010
            ],