{
    "info" : {
        "generated_by" : "MachLine (c) 2023 USU Aerolab",
        "executed" : "Fri Jul 12 13:55:32 2024"
    },
    "mesh_info" : {
        "N_body_panels" : 48,
        "N_body_vertices" : 26,
        "N_wake_panels" : 0,
        "N_wake_filaments" : 0,
        "average_characteristic_length" : 4.76931360312427E-001,
        "max_flow_turning_angle" : 9.00000000000000E+001
    },
    "solver_results" : {
        "solver_status_code" : 0,
        "system_dimension" : 26,
        "timing" : {
            "system_sorting" : 2.70000000000000E-006,
            "preconditioner" : 6.50000000000000E-006,
            "matrix_solver" : 1.52000000000000E-005
        },
        "iterations" : 6,
        "residual" : {
            "max" : 8.88178419700125E-016,
            "norm" : 2.49495227752411E-015
        }
    },
    "pressure_calculations" : {
        "incompressible_rule" : {
            "max" : 6.44552414295308E-001,
            "min" : -6.48288758737246E-001
        }
    },
    "total_forces" : {
        "Cx" : 3.45311002014626E-011,
        "Cy" : -6.66133814775094E-016,
        "Cz" : 1.02695629777827E-015
    },
    "total_moments" : {
        "CMx" : -5.11743425413158E-016,
        "CMy" : -1.12757025938492E-015,
        "CMz" : -2.91433543964104E-016
    },
    "CF_sensitivities" : {
        "d_CFx" : [
                8.03871294203639E-001,
                -4.19493455983498E-002,
                -9.71296466341363E-002,
                -1.36034789420381E-001,
                -7.99504693997756E-002,
                -4.19493456100053E-002,
                -9.71296466114738E-002,
                -1.36034789413074E-001,
                -7.99504694054100E-002,
                2.51427656106225E-002,
                -1.26948937583160E-003,
                -2.30640345008986E-002,
                2.15677955214444E-003,
                2.51427655790342E-002,
                -1.26948934044768E-003,
                -2.30640344985193E-002,
                2.15677955782301E-003,
                -3.19082000774845E-001,
                -2.29162963784423E-001,
                -1.61533269775034E-001,
                -2.51539843911442E-001,
                -3.19082000929898E-001,
                -2.29162963781665E-001,
                -1.61533269788502E-001,
                -2.51539843963717E-001,
                1.82296132062498E+000,
                -1.18316082540887E-012,
                2.86887776414022E-001,
                3.11390636526861E-001,
                -2.43697094081658E-003,
                -3.01916353103459E-001,
                -2.86887776431322E-001,
                -3.11390636550655E-001,
                2.43697091898691E-003,
                3.01916353076170E-001,
                -1.18966826050483E-001,
                -2.70791724886917E-001,
                -1.48826814858249E-002,
                3.09302513122977E-001,
                1.18966826033012E-001,
                2.70791724878512E-001,
                1.48826814884206E-002,
                -3.09302513159700E-001,
                -1.76119785293767E-001,
                5.12734551235902E-002,
                -2.48182894618986E-002,
                -7.01396273852840E-002,
                1.76119785041930E-001,
                -5.12734551580428E-002,
                2.48182892510820E-002,
                7.01396271417322E-002,
                -5.24338192321225E-011,
                -5.54245591889049E-012,
                2.15536436725361E-002,
                -2.38101686558828E-001,
                -4.98628146705794E-001,
                -2.55800950081121E-001,
                -2.15536436790437E-002,
                2.38101686515464E-001,
                4.98628146686612E-001,
                2.55800950064504E-001,
                1.72247599194173E-002,
                1.53266999808467E-001,
                5.34975791689692E-001,
                1.88638279242689E-001,
                -1.72247599483123E-002,
                -1.53266999825225E-001,
                -5.34975791698685E-001,
                -1.88638279281170E-001,
                2.51184443345048E-003,
                3.76098140630498E-002,
                -2.00029787259333E-001,
                5.05320862070320E-002,
                -2.51184462914595E-003,
                -3.76098142928529E-002,
                2.00029787016420E-001,
                -5.05320864728045E-002,
                -2.59829105117659E-011
            ],
        "d_CFy" : [
                -4.04611340195487E-017,
                -2.60109515705275E-001,
                -1.12161405701484E-001,
                -7.17668854623101E-005,
                1.12348614990543E-001,
                2.60109515704586E-001,
                1.12161405702507E-001,
                7.17668865079675E-005,
                -1.12348614990757E-001,
                -1.40558643585859E-001,
                -1.68056220822987E-001,
                -1.49924886265156E-004,
                1.66137036767959E-001,
                1.40558643633067E-001,
                1.68056220798487E-001,
                1.49924886469169E-004,
                -1.66137036748668E-001,
                5.31034986131354E-001,
                4.07035071136874E-001,
                1.02896219152699E-003,
                -3.85883047239749E-001,
                -5.31034986101754E-001,
                -4.07035071075898E-001,
                -1.02896209692427E-003,
                3.85883047177235E-001,
                -1.17427888173001E-011,
                2.00513785178542E-001,
                2.85121280914339E-001,
                4.98791989757626E-002,
                1.09609184720025E-001,
                5.01206192857944E-002,
                2.85121280914673E-001,
                4.98791989752738E-002,
                1.09609184719075E-001,
                5.01206192845483E-002,
                -6.50180567157874E-001,
                -3.20031102524138E-001,
                -1.34588286690518E-001,
                -3.18017247335763E-001,
                -6.50180567090591E-001,
                -3.20031102499302E-001,
                -1.34588286690985E-001,
                -3.18017247342829E-001,
                6.54218830739994E-001,
                2.55941531979604E-001,
                -2.22314495706813E-001,
                2.63422568825670E-001,
                6.54218830717139E-001,
                2.55941532054081E-001,
                -2.22314495643464E-001,
                2.63422568861270E-001,
                -2.46876817783644E-001,
                -1.55523437555520E-004,
                -1.54637278477066E-004,
                1.56658171084301E-002,
                -1.66313669082304E-005,
                -1.56689543651991E-002,
                -1.54637277768522E-004,
                1.56658171078362E-002,
                -1.66313676858324E-005,
                -1.56689543667961E-002,
                8.43478891293136E-003,
                2.07411315636276E-001,
                1.52922226681125E-004,
                -2.03628139262255E-001,
                8.43478896804164E-003,
                2.07411315675657E-001,
                1.52922226117931E-004,
                -2.03628139282900E-001,
                -1.43509901728511E-003,
                -4.72766082298464E-001,
                6.57040111109665E-003,
                4.60524910797088E-001,
                -1.43509899384995E-003,
                -4.72766082231799E-001,
                6.57040118436169E-003,
                4.60524910831627E-001,
                -1.00257013337502E-002
            ],