{
    "info" : {
        "generated_by" : "MachLine (c) 2023 USU Aerolab",
        "executed" : "Fri Jul 12 13:55:53 2024"
    },
    "mesh_info" : {
        "N_body_panels" : 48,
        "N_body_vertices" : 26,
        "N_wake_panels" : 0,
        "N_wake_filaments" : 0,
        "average_characteristic_length" : 4.76931360312427E-001,
        "max_flow_turning_angle" : 9.00000000000000E+001
    },
    "solver_results" : {
        "solver_status_code" : 0,
        "system_dimension" : 26,
        "timing" : {
            "system_sorting" : 2.10000000000000E-006,
            "preconditioner" : 5.70000000000000E-006,
            "matrix_solver" : 1.63000000000000E-005
        },
        "iterations" : 6,
        "residual" : {
            "max" : 8.88178419700125E-016,
            "norm" : 2.33252556269396E-015
        }
    },
    "pressure_calculations" : {
        "incompressible_rule" : {
            "max" : 6.44220547457710E-001,
            "min" : -6.49345596247958E-001
        }
    },
    "total_forces" : {
        "Cx" : -6.39152619719141E-012,
        "Cy" : 6.52256026967279E-016,
        "Cz" : 4.61436444609831E-016
    },
    "total_moments" : {
        "CMx" : -5.03069808033274E-017,
        "CMy" : -2.15105711021124E-016,
        "CMz" : 4.57966997657877E-016
    },
    "CF_sensitivities" : {
        "d_CFx" : [
                5.72273514542253E-001,
                -2.29524237994826E-002,
                -9.45306659302854E-002,
                -1.67025162914784E-001,
                -9.45306659303264E-002,
                -2.29524237996255E-002,
                -9.45306659300482E-002,
                -1.67025162914631E-001,
                -9.45306659301590E-002,
                4.69427357867280E-002,
                4.59633587471879E-002,
                4.69404877513835E-002,
                4.59633587463015E-002,
                4.69427357866501E-002,
                4.59633587479653E-002,
                4.69404877514479E-002,
                4.59633587469184E-002,
                -1.67040242025393E-001,
                -9.45326137900437E-002,
                -2.29626789098647E-002,
                -9.45326137917514E-002,
                -1.67040242030348E-001,
                -9.45326137881143E-002,
                -2.29626789097007E-002,
                -9.45326137885900E-002,
                5.72273747588548E-001,
                3.75407867021049E-016,
                1.44105773511569E-001,
                2.66149143162746E-001,
                -4.05749341278405E-014,
                -2.66149143163785E-001,
                -1.44105773511987E-001,
                -2.66149143163477E-001,
                -5.76036163853730E-013,
                2.66149143163305E-001,
                2.32055439591275E-001,
                -6.63239053248898E-002,
                -3.63262003507818E-014,
                6.63239053248188E-002,
                -2.32055439591945E-001,
                6.63239053252888E-002,
                9.53634278289848E-014,
                -6.63239053256593E-002,
                -4.76801506529887E-001,
                -1.71045012249514E-001,
                -3.17782682956010E-012,
                1.71045012243161E-001,
                4.76801506522331E-001,
                1.71045012245780E-001,
                -1.37552683078271E-012,
                -1.71045012249331E-001,
                -1.10858648670476E-012,
                -8.03903445506331E-014,
                -1.73372069653829E-013,
                -1.71049284360376E-001,
                -4.76804157939577E-001,
                -1.71049284360249E-001,
                -4.04854880271903E-013,
                1.71049284359463E-001,
                4.76804157938813E-001,
                1.71049284359752E-001,
                1.95216172980554E-013,
                -6.63244827341589E-002,
                2.32052267799600E-001,
                -6.63244827343464E-002,
                -5.07694206636488E-013,
                6.63244827337674E-002,
                -2.32052267799731E-001,
                6.63244827335741E-002,
                -1.70750114612037E-012,
                2.66145337862067E-001,
                1.44103451283227E-001,
                2.66145337859073E-001,
                -2.23696988137622E-012,
                -2.66145337867136E-001,
                -1.44103451288072E-001,
                -2.66145337864580E-001,
                -5.10587536184051E-013
            ],
        "d_CFy" : [
                -3.96529913808081E-017,
                -2.63743969717551E-001,
                -1.15768983975979E-001,
                1.33014644197810E-014,
                1.15768983976064E-001,
                2.63743969717567E-001,
                1.15768983976013E-001,
                5.23326553301284E-015,
                -1.15768983976070E-001,
                1.03479248700787E-001,
                -3.08603643000596E-002,
                5.87973459551267E-014,
                3.08603642998826E-002,
                -1.03479248699705E-001,
                3.08603642996542E-002,
                -6.22377804107271E-014,
                -3.08603642994076E-002,
                1.22780537520952E-001,
                1.56463077438567E-001,
                -2.65826161943980E-012,
                -1.56463077437645E-001,
                -1.22780537519627E-001,
                -1.56463077435943E-001,
                3.31485968368686E-012,
                1.56463077438357E-001,
                -5.58503087971119E-013,
                1.93483950053894E-001,
                2.93123119994186E-001,
                5.19897228492108E-002,
                1.04674104466749E-001,
                5.19897228493102E-002,
                2.93123119994227E-001,
                5.19897228492127E-002,
                1.04674104466731E-001,
                5.19897228492700E-002,
                -4.64867378887194E-001,
                -2.98992411082513E-001,
                -1.35660236009253E-001,
                -2.98992411082321E-001,
                -4.64867378885685E-001,
                -2.98992411082019E-001,
                -1.35660236009266E-001,
                -2.98992411082464E-001,
                -6.00447419565432E-002,
                1.98093617207791E-001,
                1.66949384118511E-001,
                1.98093617209190E-001,
                -6.00447419555057E-002,
                1.98093617209359E-001,
                1.66949384119807E-001,
                1.98093617209498E-001,
                1.93812966699223E-001,
                2.30910126089445E-014,
                -1.56905738402102E-014,
                9.11206090882266E-003,
                1.81243804548800E-014,
                -9.11206090866093E-003,
                1.86912659828897E-014,
                9.11206090883568E-003,
                2.31596006168598E-016,
                -9.11206090870814E-003,
                -2.92918467259540E-013,
                1.63973700833949E-001,
                8.46506085279584E-014,
                -1.63973700834615E-001,
                1.01552934898136E-012,
                1.63973700834819E-001,
                7.45206787337695E-014,
                -1.63973700834753E-001,
                7.26970567077601E-014,
                1.13847463892959E-002,
                -8.11225462070021E-013,
                -1.13847463902496E-002,
                7.26448184918371E-014,
                1.13847463902191E-002,
                8.12525637315266E-013,
                -1.13847463898955E-002,
                -1.67635176573366E-012
            ],