{
    "info" : {
        "generated_by" : "MachLine (c) 2023 USU Aerolab",
        "executed" : "Fri Jul 12 13:54:29 2024"
    },
    "mesh_info" : {
        "N_body_panels" : 48,
        "N_body_vertices" : 26,
        "N_wake_panels" : 0,
        "N_wake_filaments" : 0,
        "average_characteristic_length" : 4.76931360312427E-001,
        "max_flow_turning_angle" : 9.00000000000000E+001
    },
    "solver_results" : {
        "solver_status_code" : 0,
        "system_dimension" : 26,
        "timing" : {
            "system_sorting" : 2.00000000000000E-006,
            "preconditioner" : 6.10000000000000E-006,
            "matrix_solver" : 1.78000000000000E-005
        },
        "iterations" : 6,
        "residual" : {
            "max" : 2.02060590481778E-014,
            "norm" : 5.38830181138999E-014
        }
    },
    "pressure_calculations" : {
        "incompressible_rule" : {
            "max" : 6.44562766388150E-001,
            "min" : -6.48261409861492E-001
        }
    },
    "total_forces" : {
        "Cx" : 8.48978390774469E-006,
        "Cy" : -4.57966997657877E-016,
        "Cz" : 3.29597460435593E-016
    },
    "total_moments" : {
        "CMx" : 6.06686367810028E-011,
        "CMy" : -3.95516952522712E-016,
        "CMz" : -1.66533453693773E-016
    },
    "CF_sensitivities" : {
        "d_CFx" : [
                8.42884480475702E-001,
                -4.27937502432100E-002,
                -1.07861421564647E-001,
                -1.52915844566816E-001,
                -8.68986558067651E-002,
                -4.27950335060009E-002,
                -1.07863347808950E-001,
                -1.52917461340215E-001,
                -8.69010731385977E-002,
                1.66440502163201E-002,
                -1.88854417663786E-003,
                -1.57806967811078E-002,
                1.28096596078708E-003,
                1.66366762129952E-002,
                -1.88290251034529E-003,
                -1.57795969392838E-002,
                1.28095520889748E-003,
                -3.41541031499191E-001,
                -2.54021491440440E-001,
                -1.91049288422006E-001,
                -2.78151589498303E-001,
                -3.41579917264945E-001,
                -2.54048518622841E-001,
                -1.91078932835624E-001,
                -2.78156571706498E-001,
                2.06701381574639E+000,
                -3.75206613722536E-007,
                2.79183812796836E-001,
                3.27548103492670E-001,
                -6.35240381823987E-004,
                -3.13512061314942E-001,
                -2.79187108678818E-001,
                -3.27554651256105E-001,
                6.29302541933745E-004,
                3.13506190062693E-001,
                -1.31307006051158E-001,
                -2.96720684907016E-001,
                -1.44497311857923E-002,
                3.17861616233433E-001,
                1.31301605867946E-001,
                2.96719874455579E-001,
                1.44524943971645E-002,
                -3.17865870264284E-001,
                -1.70051330977236E-001,
                4.98370769983814E-002,
                -2.27898422872316E-002,
                -6.53223057358835E-002,
                1.70019401500871E-001,
                -4.98595827442129E-002,
                2.27576757201376E-002,
                6.52781901433644E-002,
                -4.64779745974199E-006,
                -1.55088535259985E-006,
                1.97045180060066E-002,
                -2.42987684715958E-001,
                -5.29610213532765E-001,
                -2.56020779792070E-001,
                -1.97067758908190E-002,
                2.42982301418816E-001,
                5.29607074074940E-001,
                2.56018926220931E-001,
                1.66966379848129E-002,
                1.74224573396831E-001,
                5.63932182967963E-001,
                1.92354805453807E-001,
                -1.66992332384970E-002,
                -1.74226812156265E-001,
                -5.63934609318669E-001,
                -1.92360646986383E-001,
                6.36100265708148E-004,
                3.46133202817929E-002,
                -1.90549313032681E-001,
                5.06806143397456E-002,
                -6.66201405416603E-004,
                -3.46610439494256E-002,
                1.90517389107391E-001,
                -5.07185785400948E-002,
                -5.90518798031031E-006
            ],
        "d_CFy" : [
                -2.51037436608817E-017,
                -2.59506049440598E-001,
                -1.12163541401588E-001,
                -2.85033793550820E-005,
                1.12283345356007E-001,
                2.59505945376871E-001,
                1.12163669990814E-001,
                2.86224023146772E-005,
                -1.12283435679050E-001,
                -1.32107572023306E-001,
                -1.75639790837162E-001,
                -1.47996249836648E-004,
                1.74776764981665E-001,
                1.32115059056550E-001,
                1.75635894281882E-001,
                1.48033855964243E-004,
                -1.74774534750155E-001,
                5.26531096122475E-001,
                4.20536640859781E-001,
                1.38786907794651E-003,
                -4.07810352346677E-001,
                -5.26527894236334E-001,
                -4.20506122517439E-001,
                -1.37302099891949E-003,
                4.07792147715727E-001,
                -3.77496716373051E-006,
                2.00416941276177E-001,
                2.83900667152633E-001,
                5.02473363219685E-002,
                1.09962210804344E-001,
                5.03939228628543E-002,
                2.83900893377765E-001,
                5.02472462062638E-002,
                1.09962070392029E-001,
                5.03937073219439E-002,
                -6.27765820552538E-001,
                -3.37891308397613E-001,
                -1.34704580551437E-001,
                -3.37075965544284E-001,
                -6.27755044608865E-001,
                -3.37888163292848E-001,
                -1.34704631526997E-001,
                -3.37076633192909E-001,
                6.26817387870741E-001,
                2.77343548358073E-001,
                -2.30415508967253E-001,
                2.88221380162129E-001,
                6.26820394984569E-001,
                2.77355425180865E-001,
                -2.30406517280905E-001,
                2.88219716572500E-001,
                -2.38548679298101E-001,
                -5.27972335466391E-005,
                -1.69185777046618E-004,
                1.58464977516262E-002,
                5.88837563992682E-006,
                -1.59427155480838E-002,
                -1.69073003718927E-004,
                1.58464645963552E-002,
                5.74307612372810E-006,
                -1.59429724647921E-002,
                7.57854143053298E-003,
                2.15976244192147E-001,
                1.40240400316128E-004,
                -2.14524972613634E-001,
                7.58754310423475E-003,
                2.15982262273430E-001,
                1.40158079919074E-004,
                -2.14527911070835E-001,
                -1.46356908116456E-003,
                -4.89884821367616E-001,
                2.42235878560368E-003,
                4.81948239830112E-001,
                -1.46158713510151E-003,
                -4.89876251241119E-001,
                2.43292310890097E-003,
                4.81950757776277E-001,
                -3.85642702705547E-003
            ],