{
    "info" : {
        "generated_by" : "MachLine (c) 2023 USU Aerolab",
        "executed" : "Fri Jul 12 13:56:31 2024"
    },
    "mesh_info" : {
        "N_body_panels" : 48,
        "N_body_vertices" : 26,
        "N_wake_panels" : 0,
        "N_wake_filaments" : 0,
        "average_characteristic_length" : 4.76931360312427E-001,
        "max_flow_turning_angle" : 9.00000000000000E+001
    },
    "solver_results" : {
        "solver_status_code" : 0,
        "system_dimension" : 26,
        "timing" : {
            "system_sorting" : 1.90000000000000E-006,
            "preconditioner" : 6.00000000000000E-006,
            "matrix_solver" : 1.55000000000000E-005
        },
        "iterations" : 6,
        "residual" : {
            "max" : 1.11022302462516E-015,
            "norm" : 2.97710087233706E-015
        }
    },
    "pressure_calculations" : {
        "incompressible_rule" : {
            "max" : 5.75244314088372E-001,
            "min" : -8.25311841042828E-001
        }
    },
    "total_forces" : {
        "Cx" : -1.21399001962175E-011,
        "Cy" : 4.57966997657877E-016,
        "Cz" : 2.36616282123236E-015
    },
    "total_moments" : {
        "CMx" : 8.67361737988404E-018,
        "CMy" : -3.20923843055709E-015,
        "CMz" : 1.19348975147204E-015
    },
    "CF_sensitivities" : {
        "d_CFx" : [
                4.99475656723383E-001,
                -7.52182758475317E-002,
                -1.57551545385660E-001,
                -2.17297577214928E-001,
                -1.57551545385659E-001,
                -7.52182758475332E-002,
                -1.57551545385659E-001,
                -2.17297577214927E-001,
                -1.57551545385660E-001,
                1.75218035341492E-001,
                1.82663080125745E-001,
                1.75218035343740E-001,
                1.82663080125746E-001,
                1.75218035341491E-001,
                1.82663080125752E-001,
                1.75218035343738E-001,
                1.82663080125748E-001,
                -2.17297577213317E-001,
                -1.57551545386111E-001,
                -7.52182758500590E-002,
                -1.57551545386112E-001,
                -2.17297577213325E-001,
                -1.57551545386116E-001,
                -7.52182758500614E-002,
                -1.57551545386114E-001,
                4.99475656741465E-001,
                3.20513088679571E-014,
                -9.40572672550944E-002,
                1.93491958143544E-001,
                1.45304117453771E-014,
                -1.93491958143531E-001,
                9.40572672550903E-002,
                -1.93491958143531E-001,
                1.35291326030777E-014,
                1.93491958143546E-001,
                3.47419439773347E-001,
                -1.17238043136230E-001,
                -1.65828230165488E-014,
                1.17238043136200E-001,
                -3.47419439773374E-001,
                1.17238043136193E-001,
                -1.52959893197453E-014,
                -1.17238043136228E-001,
                -3.80958581485396E-001,
                -3.20152520416194E-002,
                -8.64658220202836E-015,
                3.20152520416286E-002,
                3.80958581485403E-001,
                3.20152520416330E-002,
                -2.42308057764230E-015,
                -3.20152520416258E-002,
                2.36529483201948E-014,
                3.14068272393392E-014,
                -8.61846903974595E-016,
                -3.20152520379970E-002,
                -3.80958581481986E-001,
                -3.20152520379948E-002,
                1.31494380283720E-015,
                3.20152520380095E-002,
                3.80958581482012E-001,
                3.20152520380104E-002,
                -1.50849773227143E-014,
                -1.17238043136656E-001,
                3.47419439773372E-001,
                -1.17238043136656E-001,
                -1.54713864665248E-014,
                1.17238043136633E-001,
                -3.47419439773403E-001,
                1.17238043136628E-001,
                1.02191891118975E-014,
                1.93491958146514E-001,
                -9.40572672501181E-002,
                1.93491958146514E-001,
                8.58682457253911E-015,
                -1.93491958146520E-001,
                9.40572672501137E-002,
                -1.93491958146510E-001,
                1.83147405348498E-014
            ],
        "d_CFy" : [
                -1.48965171755597E-014,
                -2.35459737718535E-001,
                -1.98222653758326E-002,
                -2.13301642399288E-014,
                1.98222653757624E-002,
                2.35459737718435E-001,
                1.98222653757629E-002,
                -2.11358752106194E-014,
                -1.98222653758322E-002,
                1.52389383189196E-001,
                -2.85873654823095E-002,
                -7.52838258214237E-014,
                2.85873654821570E-002,
                -1.52389383189342E-001,
                2.85873654821551E-002,
                -7.50825978982104E-014,
                -2.85873654823098E-002,
                -8.08699334015996E-002,
                1.25319865763231E-001,
                -5.23539110622368E-014,
                -1.25319865763299E-001,
                8.08699334015508E-002,
                -1.25319865763288E-001,
                -4.94812089860192E-014,
                1.25319865763229E-001,
                -1.75253632961338E-014,
                -1.13843270094220E-001,
                3.49294847280749E-001,
                5.10856387510047E-002,
                6.06743494578865E-002,
                5.10856387510601E-002,
                3.49294847280854E-001,
                5.10856387510595E-002,
                6.06743494578854E-002,
                5.10856387510048E-002,
                -2.89462002085416E-001,
                -2.49037188609904E-001,
                -1.18163772519864E-001,
                -2.49037188609878E-001,
                -2.89462002085460E-001,
                -2.49037188609877E-001,
                -1.18163772519863E-001,
                -2.49037188609903E-001,
                -6.74162347205043E-002,
                2.41929184841045E-001,
                1.11984219969562E-001,
                2.41929184840979E-001,
                -6.74162347205628E-002,
                2.41929184840982E-001,
                1.11984219969566E-001,
                2.41929184841045E-001,
                -1.55890084599246E-001,
                -1.59594559790024E-016,
                -2.32340188754955E-014,
                -2.50013201030091E-002,
                1.61146610298287E-014,
                2.50013201030413E-002,
                2.12583856767921E-014,
                -2.50013201030156E-002,
                -1.60175165151743E-014,
                2.50013201029841E-002,
                1.30694066680091E-014,
                1.18454030363789E-001,
                7.31295024189494E-015,
                -1.18454030363789E-001,
                -1.19660141170709E-014,
                1.18454030363805E-001,
                -6.34150509534824E-015,
                -1.18454030363809E-001,
                1.58761892521395E-014,
                -7.77348151219518E-002,
                -2.55388615747383E-014,
                7.77348151219145E-002,
                -1.30213223016598E-014,
                -7.77348151219379E-002,
                2.11173766951246E-014,
                7.77348151219774E-002,
                -3.34107741473157E-015
            ],