{
    "info" : {
        "generated_by" : "MachLine (c) 2023 USU Aerolab",
        "executed" : "Fri Jul 12 13:55:44 2024"
    },
    "mesh_info" : {
        "N_body_panels" : 48,
        "N_body_vertices" : 26,
        "N_wake_panels" : 0,
        "N_wake_filaments" : 0,
        "average_characteristic_length" : 4.76931360312427E-001,
        "max_flow_turning_angle" : 9.00000000000000E+001
    },
    "solver_results" : {
        "solver_status_code" : 0,
        "system_dimension" : 26,
        "timing" : {
            "system_sorting" : 2.10000000000000E-006,
            "preconditioner" : 6.70000000000000E-006,
            "matrix_solver" : 1.44000000000000E-005
        },
        "iterations" : 6,
        "residual" : {
            "max" : 4.44089209850063E-016,
            "norm" : 9.66260870187188E-016
        }
    },
    "pressure_calculations" : {
        "incompressible_rule" : {
            "max" : 6.44488683115572E-001,
            "min" : -6.48491550776712E-001
        }
    },
    "total_forces" : {
        "Cx" : 7.91366971952812E-012,
        "Cy" : 1.50573997714787E-015,
        "Cz" : 3.43475248243408E-016
    },
    "total_moments" : {
        "CMx" : -1.38777878078145E-017,
        "CMy" : -2.70616862252382E-016,
        "CMz" : 1.56819002228303E-015
    },
    "CF_sensitivities" : {
        "d_CFx" : [
                5.73316379484676E-001,
                -2.29266574285162E-002,
                -9.45298250735027E-002,
                -1.67044384513222E-001,
                -9.45298250776156E-002,
                -2.29266574266624E-002,
                -9.45298250726535E-002,
                -1.67044384512820E-001,
                -9.45298250722484E-002,
                4.77832640905751E-002,
                4.59390654355334E-002,
                4.60789118282514E-002,
                4.59390629588641E-002,
                4.77832640887568E-002,
                4.59390654381826E-002,
                4.60789118322720E-002,
                4.59390629604428E-002,
                -1.66510679500711E-001,
                -9.39320163824003E-002,
                -2.24259325021274E-002,
                -9.39320163936982E-002,
                -1.66510679528978E-001,
                -9.39320163843778E-002,
                -2.24259325113881E-002,
                -9.39320163756928E-002,
                5.73317833773730E-001,
                -9.79202078128178E-013,
                1.44074970134327E-001,
                2.65743236541417E-001,
                2.53073806076355E-005,
                -2.65743236544947E-001,
                -1.44074970136512E-001,
                -2.65743236545007E-001,
                -2.53073839199549E-005,
                2.65743236543477E-001,
                2.32169840372040E-001,
                -6.60874814348290E-002,
                -4.13686664913579E-006,
                6.61065026055535E-002,
                -2.32169840377598E-001,
                6.60874814331318E-002,
                4.13686740555818E-006,
                -6.61065026098194E-002,
                -4.72267589554877E-001,
                -1.68045764752901E-001,
                1.50767539649068E-004,
                1.68062636915632E-001,
                4.72267589520702E-001,
                1.68045764734618E-001,
                -1.50767562891803E-004,
                -1.68062636946267E-001,
                -6.35226311067871E-012,
                -1.49386363300340E-012,
                2.50609588729447E-005,
                -1.71030091231324E-001,
                -4.76149618568986E-001,
                -1.71029850825294E-001,
                -2.50609594706872E-005,
                1.71030091225871E-001,
                4.76149618565065E-001,
                1.71029850821909E-001,
                5.89958931064657E-008,
                -6.62023425799511E-002,
                2.31586400848501E-001,
                -6.62020719029000E-002,
                -5.89991638322030E-008,
                6.62023425790459E-002,
                -2.31586400849215E-001,
                6.62020718997198E-002,
                1.33435757704942E-004,
                2.62966427258828E-001,
                1.40799615080625E-001,
                2.62966427236863E-001,
                -1.33435777623727E-004,
                -2.62966427289536E-001,
                -1.40799615097599E-001,
                -2.62966427271911E-001,
                -2.71064272963441E-012
            ],
        "d_CFy" : [
                1.06396089572559E-016,
                -2.63929814474785E-001,
                -1.16146988503834E-001,
                1.20045455077543E-014,
                1.16146988503669E-001,
                2.63929814474797E-001,
                1.16146988503806E-001,
                3.46249059536229E-014,
                -1.16146988503714E-001,
                1.06003753052796E-001,
                -3.07132426352032E-002,
                -1.95889347964390E-013,
                3.07132426422335E-002,
                -1.06003753047122E-001,
                3.07132426323214E-002,
                2.34641263197438E-013,
                -3.07132426408992E-002,
                1.22792194879610E-001,
                1.57390587200965E-001,
                -1.51342661681532E-011,
                -1.57390587209644E-001,
                -1.22792194871316E-001,
                -1.57390587191969E-001,
                2.09246292847308E-011,
                1.57390587210100E-001,
                -2.69106267222692E-012,
                1.93989033309544E-001,
                2.92863189415775E-001,
                5.21324649875450E-002,
                1.04713411074613E-001,
                5.21324649872518E-002,
                2.92863189415863E-001,
                5.21324649874881E-002,
                1.04713411074510E-001,
                5.21324649870746E-002,
                -4.62997477396061E-001,
                -2.99513087012889E-001,
                -1.35698748507152E-001,
                -2.99575311223142E-001,
                -4.62997477388447E-001,
                -2.99513087009152E-001,
                -1.35698748507207E-001,
                -2.99575311223761E-001,
                -5.71768367435431E-002,
                1.98067135550071E-001,
                1.67356745092230E-001,
                1.98067135557776E-001,
                -5.71768367416388E-002,
                1.98067135560968E-001,
                1.67356745100964E-001,
                1.98067135565078E-001,
                1.99010042936666E-001,
                5.42239110438373E-006,
                -1.32888491877203E-014,
                9.06762434325256E-003,
                6.23837100993186E-014,
                -9.06646081876858E-003,
                1.13869634207897E-013,
                9.06762434324562E-003,
                -4.12807990140607E-014,
                -9.06646081891044E-003,
                -2.85534635068030E-007,
                1.64531308860670E-001,
                -4.30815627023501E-013,
                -1.64530429375045E-001,
                -2.85527637913763E-007,
                1.64531308865545E-001,
                -4.87940763387667E-013,
                -1.64530429376042E-001,
                -5.66977175109557E-005,
                1.10915130728670E-002,
                -7.02349235792287E-012,
                -1.10915130787956E-002,
                -5.66977137626305E-005,
                1.10915130806265E-002,
                1.12745132404689E-012,
                -1.10915130746185E-002,
                3.83636565475191E-004
            ],