{
    "info" : {
        "generated_by" : "MachLine (c) 2023 USU Aerolab",
        "executed" : "Fri Jul 12 13:55:37 2024"
    },
    "mesh_info" : {
        "N_body_panels" : 48,
        "N_body_vertices" : 26,
        "N_wake_panels" : 0,
        "N_wake_filaments" : 0,
        "average_characteristic_length" : 4.76931360312427E-001,
        "max_flow_turning_angle" : 9.00000000000000E+001
    },
    "solver_results" : {
        "solver_status_code" : 0,
        "system_dimension" : 26,
        "timing" : {
            "system_sorting" : 2.50000000000000E-006,
            "preconditioner" : 7.10000000000000E-006,
            "matrix_solver" : 1.53000000000000E-005
        },
        "iterations" : 6,
        "residual" : {
            "max" : 8.88178419700125E-016,
            "norm" : 2.18785124875934E-015
        }
    },
    "pressure_calculations" : {
        "incompressible_rule" : {
            "max" : 6.44541485852567E-001,
            "min" : -6.48323512924030E-001
        }
    },
    "total_forces" : {
        "Cx" : 5.22533405433734E-012,
        "Cy" : 6.24500451351651E-016,
        "Cz" : -9.26342336171615E-016
    },
    "total_moments" : {
        "CMx" : -3.29597460435593E-017,
        "CMy" : 9.64506252643105E-016,
        "CMz" : 4.99600361081320E-016
    },
    "CF_sensitivities" : {
        "d_CFx" : [
                6.73024356703062E-001,
                -3.96911777798828E-002,
                -1.01813675694498E-001,
                -1.69236173496249E-001,
                -1.10552434437826E-001,
                -3.96911777806920E-002,
                -1.01813675681647E-001,
                -1.69236173491334E-001,
                -1.10552434434106E-001,
                4.61822729825254E-002,
                2.59762613532195E-002,
                4.52248199806005E-003,
                2.30947556853980E-002,
                4.61822729708041E-002,
                2.59762613606631E-002,
                4.52248199630279E-003,
                2.30947557021421E-002,
                -2.88746356266941E-001,
                -2.17453662063133E-001,
                -1.42892907170940E-001,
                -2.08986051648501E-001,
                -2.88746356341666E-001,
                -2.17453662056070E-001,
                -1.42892907119801E-001,
                -2.08986051717535E-001,
                1.32555258036105E+000,
                -7.23984402512376E-013,
                1.40456054073748E-001,
                3.20369920164530E-001,
                -2.46114237781845E-003,
                -3.41379682309050E-001,
                -1.40456054075678E-001,
                -3.20369920170344E-001,
                2.46114236688031E-003,
                3.41379682302917E-001,
                1.90427903812939E-001,
                -2.18026046044329E-001,
                9.11221192719421E-003,
                2.16853644240029E-001,
                -1.90427903827429E-001,
                2.18026046038500E-001,
                -9.11221192326157E-003,
                -2.16853644254554E-001,
                -4.11634244317587E-001,
                -1.11819897693792E-001,
                -8.29286824612937E-003,
                1.09769392542302E-001,
                4.11634244230107E-001,
                1.11819897645277E-001,
                8.29286815409040E-003,
                -1.09769392666590E-001,
                -3.02862273918113E-011,
                -4.29839878672467E-012,
                9.05531809473533E-003,
                -1.93501036119637E-001,
                -4.69695291918873E-001,
                -1.79739275424975E-001,
                -9.05531810113227E-003,
                1.93501036110584E-001,
                4.69695291912241E-001,
                1.79739275419578E-001,
                -9.38303727720722E-003,
                7.45204437307933E-002,
                2.67300681979993E-001,
                7.88249524083669E-002,
                9.38303726996084E-003,
                -7.45204437350759E-002,
                -2.67300681987775E-001,
                -7.88249524223009E-002,
                4.19255538365041E-003,
                1.70579167863079E-001,
                9.46320921265867E-002,
                1.56465903911329E-001,
                -4.19255547118221E-003,
                -1.70579167973666E-001,
                -9.46320921845487E-002,
                -1.56465904019763E-001,
                -3.53842714661095E-011
            ],
        "d_CFy" : [
                8.12846954550327E-017,
                -2.65316089006818E-001,
                -1.16668569970785E-001,
                -1.39788709229738E-004,
                1.16467264273381E-001,
                2.65316089006886E-001,
                1.16668569970809E-001,
                1.39788709799561E-004,
                -1.16467264273565E-001,
                -6.27310092354647E-003,
                -8.21006115487931E-002,
                2.35597649134891E-005,
                8.98440680238199E-002,
                6.27310094967725E-003,
                8.21006115426525E-002,
                -2.35597647937490E-005,
                -8.98440680148536E-002,
                9.27053742461414E-002,
                1.16249057152456E-001,
                9.91799164661528E-003,
                -1.02203861478319E-001,
                -9.27053742101724E-002,
                -1.16249057108165E-001,
                -9.91799162544518E-003,
                1.02203861421362E-001,
                -1.94010015624244E-012,
                2.00314236193727E-001,
                2.91481488111203E-001,
                5.21846259126345E-002,
                1.06760387591474E-001,
                5.17068021429216E-002,
                2.91481488111306E-001,
                5.21846259123477E-002,
                1.06760387591084E-001,
                5.17068021422770E-002,
                -4.36699203186049E-001,
                -3.15730278681441E-001,
                -1.34935507556804E-001,
                -3.02090976863926E-001,
                -4.36699203149758E-001,
                -3.15730278668728E-001,
                -1.34935507556995E-001,
                -3.02090976867343E-001,
                9.13048781491577E-002,
                2.44500275229687E-001,
                -1.83112329976688E-003,
                2.67929092315055E-001,
                9.13048781660694E-002,
                2.44500275264158E-001,
                -1.83112326944539E-003,
                2.67929092330229E-001,
                -2.37636515734374E-001,
                -9.04077121240292E-005,
                3.03613682633339E-005,
                1.06556393490634E-002,
                -3.58625245303259E-004,
                -1.05990983008895E-002,
                3.03613686550563E-005,
                1.06556393489481E-002,
                -3.58625245602510E-004,
                -1.05990983016612E-002,
                -1.86580898032737E-006,
                1.46245386401400E-001,
                5.97793728046977E-006,
                -1.53032033001677E-001,
                -1.86578210085964E-006,
                1.46245386422691E-001,
                5.97793707000866E-006,
                -1.53032033010509E-001,
                9.60086065845406E-003,
                -1.02464375697130E-001,
                1.67200792872527E-002,
                9.14906254275184E-002,
                9.60086066436123E-003,
                -1.02464375679865E-001,
                1.67200793169807E-002,
                9.14906254452383E-002,
                -5.42890469472094E-003
            ],