{
    "info" : {
        "generated_by" : "MachLine (c) 2023 USU Aerolab",
        "executed" : "Fri Jul 12 13:56:37 2024"
    },
    "mesh_info" : {
        "N_body_panels" : 48,
        "N_body_vertices" : 26,
        "N_wake_panels" : 0,
        "N_wake_filaments" : 0,
        "average_characteristic_length" : 4.76931360312427E-001,
        "max_flow_turning_angle" : 9.00000000000000E+001
    },
    "solver_results" : {
        "solver_status_code" : 0,
        "system_dimension" : 26,
        "timing" : {
            "system_sorting" : 2.00000000000000E-006,
            "preconditioner" : 5.80000000000000E-006,
            "matrix_solver" : 1.67000000000000E-005
        },
        "iterations" : 19,
        "residual" : {
            "max" : 4.64073224293315E-014,
            "norm" : 7.61918811266538E-014
        }
    },
    "pressure_calculations" : {
        "incompressible_rule" : {
            "max" : 5.95467166404766E-001,
            "min" : -8.70277868684644E-001
        }
    },
    "total_forces" : {
        "Cx" : -1.07879538635558E-011,
        "Cy" : 2.07481948288901E-012,
        "Cz" : -2.09054995536917E-013
    },
    "total_moments" : {
        "CMx" : 1.29236898960272E-016,
        "CMy" : 2.26842850059583E-013,
        "CMz" : 2.30602342776720E-012
    },
    "CF_sensitivities" : {
        "d_CFx" : [
                4.96645978948409E-001,
                -7.46483874868786E-002,
                -2.87641686359711E-001,
                -1.78950408155567E-001,
                -2.87641686366438E-001,
                -7.46483874788580E-002,
                -2.87641686366555E-001,
                -1.78950408148776E-001,
                -2.87641686358992E-001,
                2.75042269913814E-001,
                3.05516908817361E-001,
                2.75042269933826E-001,
                3.05516908810531E-001,
                2.75042269917719E-001,
                3.05516908810636E-001,
                2.75042269933729E-001,
                3.05516908818217E-001,
                -1.78950408182574E-001,
                -2.87641686175311E-001,
                -7.46483875790050E-002,
                -2.87641686157051E-001,
                -1.78950408203095E-001,
                -2.87641686155137E-001,
                -7.46483875869383E-002,
                -2.87641686172063E-001,
                4.96645979030272E-001,
                -6.85627853116685E-013,
                -2.97822595450939E-001,
                1.63982214297534E-001,
                8.57520334363045E-012,
                -1.63982214308253E-001,
                2.97822595450157E-001,
                -1.63982214314096E-001,
                7.31978175960458E-012,
                1.63982214303991E-001,
                3.70784680905067E-001,
                -1.51742004770109E-001,
                4.52272256393499E-012,
                1.51742004771521E-001,
                -3.70784680902190E-001,
                1.51742004775591E-001,
                4.00706132120576E-012,
                -1.51742004775242E-001,
                -2.22880420714455E-001,
                5.12681891609102E-002,
                1.52713153001284E-011,
                -5.12681891868877E-002,
                2.22880420729423E-001,
                -5.12681891747937E-002,
                1.66072584771850E-011,
                5.12681891489480E-002,
                -8.58185286209826E-013,
                -3.36099803800110E-012,
                1.92811876257349E-012,
                5.12681889266247E-002,
                -2.22880420549448E-001,
                5.12681889364439E-002,
                3.53843783763843E-012,
                -5.12681889409772E-002,
                2.22880420558913E-001,
                -5.12681889317790E-002,
                -5.19027909655479E-012,
                -1.51742004786296E-001,
                3.70784681393795E-001,
                -1.51742004772145E-001,
                -5.51941513520748E-012,
                1.51742004775491E-001,
                -3.70784681395080E-001,
                1.51742004789757E-001,
                -8.83002959778150E-012,
                1.63982214085774E-001,
                -2.97822595308968E-001,
                1.63982214079874E-001,
                -9.80491898903632E-012,
                -1.63982214069293E-001,
                2.97822595312403E-001,
                -1.63982214075838E-001,
                -1.37044599764815E-013
            ],
        "d_CFy" : [
                2.58841439267780E-012,
                -4.12577931557637E-001,
                4.84721167759955E-002,
                4.28267633866054E-015,
                -4.84721167873756E-002,
                4.12577931580353E-001,
                -4.84721167908688E-002,
                -4.68422531993162E-013,
                4.84721167809385E-002,
                2.21534476138496E-001,
                -4.34549048773717E-002,
                1.41870541782322E-012,
                4.34549048741145E-002,
                -2.21534476123083E-001,
                4.34549048702152E-002,
                1.48803884574714E-012,
                -4.34549048749555E-002,
                -2.66079125770781E-001,
                2.81014149042029E-001,
                -1.00084215791699E-011,
                -2.81014148997034E-001,
                2.66079125700551E-001,
                -2.81014149004256E-001,
                -9.80405727587470E-012,
                2.81014149047819E-001,
                -1.14529367891006E-011,
                -2.24458686279179E-001,
                2.76499056336666E-001,
                5.70700144358895E-002,
                5.26931113783803E-003,
                5.70700144196170E-002,
                2.76499056353572E-001,
                5.70700144137052E-002,
                5.26931114242123E-003,
                5.70700144292214E-002,
                -8.72733737700526E-002,
                -2.23102081835893E-001,
                -8.07700386598286E-002,
                -2.23102081837356E-001,
                -8.72733737771378E-002,
                -2.23102081836112E-001,
                -8.07700386630380E-002,
                -2.23102081833645E-001,
                -1.00281995822785E-001,
                2.71549359156487E-001,
                7.51608569524188E-002,
                2.71549359108681E-001,
                -1.00281995774075E-001,
                2.71549359138955E-001,
                7.51608569451555E-002,
                2.71549359185308E-001,
                -3.74818113066306E-001,
                3.81299158922167E-013,
                -2.00395255943167E-012,
                -1.45880533369796E-002,
                1.08305732667268E-012,
                1.45880533348242E-002,
                4.75269823497991E-012,
                -1.45880533397986E-002,
                -6.80268413370432E-013,
                1.45880533397552E-002,
                6.34511367061217E-012,
                1.11179699930400E-001,
                8.29253907215213E-012,
                -1.11179699918235E-001,
                -6.80548326023964E-012,
                1.11179699924781E-001,
                -8.04770713972090E-012,
                -1.11179699936418E-001,
                1.66543306923208E-011,
                -1.94497779869770E-001,
                1.69106700160009E-011,
                1.94497779841363E-001,
                -1.85941956276493E-011,
                -1.94497779832416E-001,
                -1.64724788660192E-011,
                1.94497779861879E-001,
                -5.29517402160222E-013
            ],