{
    "info" : {
        "generated_by" : "MachLine (c) 2023 USU Aerolab",
        "executed" : "Fri Jul 12 13:54:17 2024"
    },
    "mesh_info" : {
        "N_body_panels" : 48,
        "N_body_vertices" : 26,
        "N_wake_panels" : 0,
        "N_wake_filaments" : 0,
        "average_characteristic_length" : 4.76931360312427E-001,
        "max_flow_turning_angle" : 9.00000000000000E+001
    },
    "solver_results" : {
        "solver_status_code" : 0,
        "system_dimension" : 26,
        "timing" : {
            "system_sorting" : 2.00000000000000E-006,
            "preconditioner" : 5.60000000000000E-006,
            "matrix_solver" : 1.50000000000000E-005
        },
        "iterations" : 6,
        "residual" : {
            "max" : 9.99200722162641E-015,
            "norm" : 2.40554404047172E-014
        }
    },
    "pressure_calculations" : {
        "incompressible_rule" : {
            "max" : 6.44565037986462E-001,
            "min" : -6.48314238692756E-001
        }
    },
    "total_forces" : {
        "Cx" : 1.81088138467678E-004,
        "Cy" : -8.32667268468867E-016,
        "Cz" : 1.00613961606655E-015
    },
    "total_moments" : {
        "CMx" : 1.51886697663528E-010,
        "CMy" : -6.48786580015326E-016,
        "CMz" : -7.91033905045424E-016
    },
    "CF_sensitivities" : {
        "d_CFx" : [
                8.42845718878953E-001,
                -4.28544179864405E-002,
                -1.07897981731844E-001,
                -1.52869335192895E-001,
                -8.69789649395730E-002,
                -4.28234695202458E-002,
                -1.07913737105733E-001,
                -1.52875677858439E-001,
                -8.69428641345990E-002,
                1.66423185264419E-002,
                -1.90571790263139E-003,
                -1.57620698219705E-002,
                1.25928097052164E-003,
                1.66128980167630E-002,
                -1.86601972295364E-003,
                -1.57277266114453E-002,
                1.29589038329736E-003,
                -3.41843837830633E-001,
                -2.54046351534014E-001,
                -1.91203417499271E-001,
                -2.78329203946740E-001,
                -3.42106967936569E-001,
                -2.54157257312762E-001,
                -1.91267199860924E-001,
                -2.78378590920187E-001,
                2.06724257149070E+000,
                -1.54231905629355E-005,
                2.79184678465696E-001,
                3.27564932292628E-001,
                -6.36621109398039E-004,
                -3.13564645106148E-001,
                -2.79240491340578E-001,
                -3.27611774627787E-001,
                5.78768319261679E-004,
                3.13536310289052E-001,
                -1.31224896995176E-001,
                -2.96745685764043E-001,
                -1.44502961023598E-002,
                3.17889385107896E-001,
                1.31184442888064E-001,
                2.96747572571989E-001,
                1.44693308327942E-002,
                -3.17936768816945E-001,
                -1.70223312379214E-001,
                4.98927763904679E-002,
                -2.31454342730045E-002,
                -6.56264196650732E-002,
                1.69947234833057E-001,
                -5.01018349940899E-002,
                2.27399632292027E-002,
                6.51582408093795E-002,
                -7.13606191524333E-005,
                -1.45312679632800E-005,
                1.97155966505016E-002,
                -2.43059314421125E-001,
                -5.29623624804018E-001,
                -2.56049507963615E-001,
                -1.97397644853330E-002,
                2.43010149475434E-001,
                5.29591881401783E-001,
                2.55998056182962E-001,
                1.66801841559765E-002,
                1.74216744740038E-001,
                5.63828141012084E-001,
                1.92350855007622E-001,
                -1.67283761565124E-002,
                -1.74242685425573E-001,
                -5.63839203022944E-001,
                -1.92410398875933E-001,
                4.63170770845084E-004,
                3.44394495016790E-002,
                -1.90588666050156E-001,
                5.02854686188387E-002,
                -8.18576083090672E-004,
                -3.48414254123892E-002,
                1.90286944158274E-001,
                -5.08553293117615E-002,
                6.39574816726699E-005
            ],
        "d_CFy" : [
                -1.17344178484669E-016,
                -2.59515319533800E-001,
                -1.12153134836936E-001,
                -2.69966082024924E-005,
                1.12279785095699E-001,
                2.59514621490714E-001,
                1.12154098174714E-001,
                2.97874640814472E-005,
                -1.12280565327317E-001,
                -1.32134896076798E-001,
                -1.75673135990338E-001,
                -1.52791363989544E-004,
                1.74788941127310E-001,
                1.32204786991691E-001,
                1.75618555701303E-001,
                1.52723541406652E-004,
                -1.74764576450440E-001,
                5.27046992114147E-001,
                4.20240338993348E-001,
                1.28342457957310E-003,
                -4.07700664532860E-001,
                -5.26903422123801E-001,
                -4.20088723618496E-001,
                -1.07673401308181E-003,
                4.07502039577278E-001,
                -4.80928402027362E-005,
                2.00414529313078E-001,
                2.83910950807245E-001,
                5.02669094112753E-002,
                1.09962364178278E-001,
                5.03977721177434E-002,
                2.83912616236265E-001,
                5.02658670354430E-002,
                1.09960808486328E-001,
                5.03959116942282E-002,
                -6.27745038515910E-001,
                -3.37914053013570E-001,
                -1.34709510547387E-001,
                -3.37080295024336E-001,
                -6.27623902369104E-001,
                -3.37875174345561E-001,
                -1.34710274071078E-001,
                -3.37092103075365E-001,
                6.26832666664392E-001,
                2.77136659121228E-001,
                -2.30464577786717E-001,
                2.88049771275094E-001,
                6.26924827192523E-001,
                2.77286916180508E-001,
                -2.30356100905792E-001,
                2.88164537821818E-001,
                -2.38705098712672E-001,
                -5.02520316938241E-005,
                -1.68115241503257E-004,
                1.58211214292728E-002,
                6.02744275683331E-006,
                -1.59370152292756E-002,
                -1.67115278296823E-004,
                1.58207174240791E-002,
                4.79762979903155E-006,
                -1.59393504875454E-002,
                7.52600271320289E-003,
                2.15994718249720E-001,
                1.31605901798379E-004,
                -2.14598580804715E-001,
                7.64096402543072E-003,
                2.16059894186266E-001,
                1.30956722853695E-004,
                -2.14612155393636E-001,
                -1.50047653846384E-003,
                -4.90014678808047E-001,
                2.39430812214578E-003,
                4.81991225442667E-001,
                -1.41799510199980E-003,
                -4.89920358039368E-001,
                2.47915150662751E-003,
                4.82046074662434E-001,
                -3.96325318735681E-003
            ],