{
    "info" : {
        "generated_by" : "MachLine (c) 2023 USU Aerolab",
        "executed" : "Fri Jul 12 13:55:23 2024"
    },
    "mesh_info" : {
        "N_body_panels" : 48,
        "N_body_vertices" : 26,
        "N_wake_panels" : 0,
        "N_wake_filaments" : 0,
        "average_characteristic_length" : 4.76931360312427E-001,
        "max_flow_turning_angle" : 9.00000000000000E+001
    },
    "solver_results" : {
        "solver_status_code" : 0,
        "system_dimension" : 26,
        "timing" : {
            "system_sorting" : 3.00000000000000E-006,
            "preconditioner" : 5.30000000000000E-006,
            "matrix_solver" : 1.35000000000000E-005
        },
        "iterations" : 6,
        "residual" : {
            "max" : 1.11022302462516E-015,
            "norm" : 1.97130131713830E-015
        }
    },
    "pressure_calculations" : {
        "incompressible_rule" : {
            "max" : 6.44560095849609E-001,
            "min" : -6.48264343807466E-001
        }
    },
    "total_forces" : {
        "Cx" : 5.82350667688303E-010,
        "Cy" : 6.80011602582908E-016,
        "Cz" : -7.97972798949331E-017
    },
    "total_moments" : {
        "CMx" : -2.67667832343221E-015,
        "CMy" : -1.56125112837913E-016,
        "CMz" : 6.66133814775094E-016
    },
    "CF_sensitivities" : {
        "d_CFx" : [
                8.03889189675547E-001,
                -4.19494108526461E-002,
                -9.71270918007278E-002,
                -1.36030365374923E-001,
                -7.99484317386558E-002,
                -4.19494108932181E-002,
                -9.71270917311862E-002,
                -1.36030365534601E-001,
                -7.99484318053721E-002,
                2.51310729450620E-002,
                -1.28006072861941E-003,
                -2.30733749273710E-002,
                2.14602056556146E-003,
                2.51310728225591E-002,
                -1.28006052556495E-003,
                -2.30733750399581E-002,
                2.14602077395143E-003,
                -3.19068466890516E-001,
                -2.29154292124789E-001,
                -1.61528852288810E-001,
                -2.51530507537650E-001,
                -3.19068468214059E-001,
                -2.29154293937565E-001,
                -1.61528852095001E-001,
                -2.51530507308663E-001,
                1.82293832496336E+000,
                -5.39366428069073E-012,
                2.86902118883907E-001,
                3.11392566667844E-001,
                -2.43691953028892E-003,
                -3.01918590595160E-001,
                -2.86902119004442E-001,
                -3.11392566829551E-001,
                2.43691942684571E-003,
                3.01918590453440E-001,
                -1.18970466015982E-001,
                -2.70780662080359E-001,
                -1.48822648782040E-002,
                3.09290458729000E-001,
                1.18970465716347E-001,
                2.70780662029795E-001,
                1.48822648115071E-002,
                -3.09290458902683E-001,
                -1.76127675694760E-001,
                5.12558999160785E-002,
                -2.48175121082285E-002,
                -7.01215584807970E-002,
                1.76127674214984E-001,
                -5.12559005857761E-002,
                2.48175109015140E-002,
                7.01215569735169E-002,
                -5.64717387873194E-010,
                -2.44511507381724E-011,
                2.15530613298412E-002,
                -2.38109021852634E-001,
                -4.98627460109768E-001,
                -2.55807833682860E-001,
                -2.15530613885572E-002,
                2.38109021670040E-001,
                4.98627459958404E-001,
                2.55807833573329E-001,
                1.72242530493968E-002,
                1.53264548467586E-001,
                5.34952155470892E-001,
                1.88635000796059E-001,
                -1.72242531677598E-002,
                -1.53264548532469E-001,
                -5.34952155504867E-001,
                -1.88635000997460E-001,
                2.51176168479878E-003,
                3.76196428394940E-002,
                -1.99996233874617E-001,
                5.05414903139749E-002,
                -2.51176263930603E-003,
                -3.76196443250921E-002,
                1.99996232706262E-001,
                -5.05414918405810E-002,
                -5.51197202104857E-010
            ],
        "d_CFy" : [
                -2.29628158370458E-016,
                -2.60115197198810E-001,
                -1.12171469024428E-001,
                -7.17710638033233E-005,
                1.12358724838806E-001,
                2.60115197203368E-001,
                1.12171469023704E-001,
                7.17710701680354E-005,
                -1.12358724838188E-001,
                -1.40554697397068E-001,
                -1.68050656871688E-001,
                -1.49956514638748E-004,
                1.66131453678620E-001,
                1.40554697622316E-001,
                1.68050656751221E-001,
                1.49956513452135E-004,
                -1.66131453587650E-001,
                5.31036602240132E-001,
                4.07034623558970E-001,
                1.02904866703020E-003,
                -3.85883332753518E-001,
                -5.31036602241879E-001,
                -4.07034622860374E-001,
                -1.02904831678885E-003,
                3.85883332109876E-001,
                -1.20368608483117E-010,
                2.00530666993743E-001,
                2.85111890973304E-001,
                4.98836686473018E-002,
                1.09611283365457E-001,
                5.01250263096912E-002,
                2.85111890976434E-001,
                4.98836686410541E-002,
                1.09611283360227E-001,
                5.01250263027567E-002,
                -6.50183584373283E-001,
                -3.20037356717530E-001,
                -1.34587623048748E-001,
                -3.18023637904736E-001,
                -6.50183583963550E-001,
                -3.20037356610724E-001,
                -1.34587623050552E-001,
                -3.18023637957810E-001,
                6.54200094046782E-001,
                2.55938679025048E-001,
                -2.22301052449878E-001,
                2.63419348430083E-001,
                6.54200094302760E-001,
                2.55938679553640E-001,
                -2.22301052080819E-001,
                2.63419348826734E-001,
                -2.46843796097383E-001,
                -1.55570990259753E-004,
                -1.54530500506044E-004,
                1.56652604863201E-002,
                -1.66847909368796E-005,
                -1.56683855599750E-002,
                -1.54530495899342E-004,
                1.56652604842735E-002,
                -1.66847955454372E-005,
                -1.56683855665819E-002,
                8.43435414276030E-003,
                2.07416142970234E-001,
                1.52947366192653E-004,
                -2.03633050300189E-001,
                8.43435449378679E-003,
                2.07416143187807E-001,
                1.52947363186339E-004,
                -2.03633050304188E-001,
                -1.43509130249987E-003,
                -4.72747125459724E-001,
                6.57034973590231E-003,
                4.60506334088920E-001,
                -1.43509115861955E-003,
                -4.72747125242994E-001,
                6.57035014350227E-003,
                4.60506334238810E-001,
                -1.00254728681981E-002
            ],