{
    "info" : {
        "generated_by" : "MachLine (c) 2023 USU Aerolab",
        "executed" : "Fri Jul 12 13:56:12 2024"
    },
    "mesh_info" : {
        "N_body_panels" : 48,
        "N_body_vertices" : 26,
        "N_wake_panels" : 0,
        "N_wake_filaments" : 0,
        "average_characteristic_length" : 4.76931360312427E-001,
        "max_flow_turning_angle" : 9.00000000000000E+001
    },
    "solver_results" : {
        "solver_status_code" : 0,
        "system_dimension" : 26,
        "timing" : {
            "system_sorting" : 2.10000000000000E-006,
            "preconditioner" : 5.60000000000000E-006,
            "matrix_solver" : 1.38000000000000E-005
        },
        "iterations" : 6,
        "residual" : {
            "max" : 8.88178419700125E-016,
            "norm" : 2.79364182186884E-015
        }
    },
    "pressure_calculations" : {
        "incompressible_rule" : {
            "max" : 6.38481447608112E-001,
            "min" : -6.67476383096720E-001
        }
    },
    "total_forces" : {
        "Cx" : -7.69280472656675E-012,
        "Cy" : 6.73072708679001E-016,
        "Cz" : 5.06539254985228E-016
    },
    "total_moments" : {
        "CMx" : 3.12250225675825E-017,
        "CMy" : -6.24500451351651E-016,
        "CMz" : 7.21644966006352E-016
    },
    "CF_sensitivities" : {
        "d_CFx" : [
                5.53414779731805E-001,
                -2.31686154457149E-002,
                -9.67635503571155E-002,
                -1.71014204803181E-001,
                -9.67635503571014E-002,
                -2.31686154457171E-002,
                -9.67635503571080E-002,
                -1.71014204803178E-001,
                -9.67635503570966E-002,
                5.58670153019236E-002,
                5.51355157944420E-002,
                5.58670153048249E-002,
                5.51355157944160E-002,
                5.58670153019136E-002,
                5.51355157944595E-002,
                5.58670153048273E-002,
                5.51355157944360E-002,
                -1.71014204803236E-001,
                -9.67635503579503E-002,
                -2.31686154479045E-002,
                -9.67635503580844E-002,
                -1.71014204803293E-001,
                -9.67635503580876E-002,
                -2.31686154479949E-002,
                -9.67635503579845E-002,
                5.53414779737943E-001,
                1.33950382198080E-014,
                1.30401407501847E-001,
                2.63671395508260E-001,
                7.56340536623970E-015,
                -2.63671395508282E-001,
                -1.30401407501871E-001,
                -2.63671395508275E-001,
                -1.27559949634897E-014,
                2.63671395508260E-001,
                2.42391009896210E-001,
                -6.97913463816328E-002,
                -4.49797196470326E-015,
                6.97913463816068E-002,
                -2.42391009896256E-001,
                6.97913463816194E-002,
                -1.41924274473748E-014,
                -6.97913463816437E-002,
                -4.76361351411957E-001,
                -1.64051813414248E-001,
                -1.31093990953515E-013,
                1.64051813414095E-001,
                4.76361351411797E-001,
                1.64051813414136E-001,
                -1.78629881662410E-014,
                -1.64051813414297E-001,
                -5.50009257785061E-014,
                8.26855623871077E-015,
                -4.71734017991278E-015,
                -1.64051813410723E-001,
                -4.76361351407651E-001,
                -1.64051813410702E-001,
                -9.29914540807094E-015,
                1.64051813410699E-001,
                4.76361351407642E-001,
                1.64051813410692E-001,
                -1.05022526658325E-014,
                -6.97913463849115E-002,
                2.42391009891373E-001,
                -6.97913463849167E-002,
                -2.21905967257411E-014,
                6.97913463848903E-002,
                -2.42391009891385E-001,
                6.97913463848793E-002,
                -6.24548452320511E-014,
                2.63671395511291E-001,
                1.30401407507189E-001,
                2.63671395511165E-001,
                -6.92841617331020E-014,
                -2.63671395511464E-001,
                -1.30401407507367E-001,
                -2.63671395511340E-001,
                -5.49073165155741E-015
            ],
        "d_CFy" : [
                -8.48255423612293E-018,
                -2.60047756798555E-001,
                -1.08052216692006E-001,
                1.90352994035370E-016,
                1.08052216692009E-001,
                2.60047756798555E-001,
                1.08052216692007E-001,
                -3.99315474005512E-017,
                -1.08052216692009E-001,
                1.07464375298501E-001,
                -3.14907154830188E-002,
                -7.88152586578159E-016,
                3.14907154830108E-002,
                -1.07464375298467E-001,
                3.14907154830024E-002,
                1.04024595710140E-015,
                -3.14907154829985E-002,
                1.08442109709529E-001,
                1.52371846637433E-001,
                -5.24933623207756E-014,
                -1.52371846637405E-001,
                -1.08442109709448E-001,
                -1.52371846637328E-001,
                7.54910662898412E-014,
                1.52371846637380E-001,
                -1.75248278749994E-014,
                1.79546471981158E-001,
                2.99061090870079E-001,
                4.92105536938234E-002,
                1.03389441731469E-001,
                4.92105536938365E-002,
                2.99061090870100E-001,
                4.92105536938383E-002,
                1.03389441731468E-001,
                4.92105536938209E-002,
                -4.55092397501856E-001,
                -2.95372202900244E-001,
                -1.35556528788764E-001,
                -2.95372202900225E-001,
                -4.55092397501824E-001,
                -2.95372202900222E-001,
                -1.35556528788764E-001,
                -2.95372202900238E-001,
                -6.77145598977218E-002,
                2.01051740023799E-001,
                1.66569476612739E-001,
                2.01051740023831E-001,
                -6.77145598977297E-002,
                2.01051740023816E-001,
                1.66569476612783E-001,
                2.01051740023865E-001,
                1.79580118696991E-001,
                7.08526119719278E-016,
                -9.76909525496339E-015,
                9.48315046835013E-003,
                2.66281575361069E-016,
                -9.48315046835224E-003,
                1.15535294005487E-014,
                9.48315046836531E-003,
                -2.85363533596813E-016,
                -9.48315046836723E-003,
                -2.08028039239139E-014,
                1.60069080464509E-001,
                -8.86039503619794E-016,
                -1.60069080464526E-001,
                1.12269134960874E-014,
                1.60069080464547E-001,
                -1.41246910204947E-015,
                -1.60069080464548E-001,
                5.62440718998580E-015,
                9.70924061064229E-003,
                -1.43986829103379E-014,
                -9.70924061068526E-003,
                8.36746070923075E-015,
                9.70924061067183E-003,
                -6.89074521970418E-016,
                -9.70924061065709E-003,
                -6.03093963658097E-014
            ],