{
    "info" : {
        "generated_by" : "MachLine (c) 2023 USU Aerolab",
        "executed" : "Fri Jul 12 13:54:24 2024"
    },
    "mesh_info" : {
        "N_body_panels" : 48,
        "N_body_vertices" : 26,
        "N_wake_panels" : 0,
        "N_wake_filaments" : 0,
        "average_characteristic_length" : 4.76931360312427E-001,
        "max_flow_turning_angle" : 9.00000000000000E+001
    },
    "solver_results" : {
        "solver_status_code" : 0,
        "system_dimension" : 26,
        "timing" : {
            "system_sorting" : 1.15000000000000E-005,
            "preconditioner" : 6.60000000000000E-006,
            "matrix_solver" : 1.46000000000000E-005
        },
        "iterations" : 6,
        "residual" : {
            "max" : 4.48530101948563E-014,
            "norm" : 1.05408753941964E-013
        }
    },
    "pressure_calculations" : {
        "incompressible_rule" : {
            "max" : 6.44574514826378E-001,
            "min" : -6.48275080031651E-001
        }
    },
    "total_forces" : {
        "Cx" : 6.00289373235696E-006,
        "Cy" : -2.77555756156289E-016,
        "Cz" : -6.31439345255558E-016
    },
    "total_moments" : {
        "CMx" : 7.71769974317049E-012,
        "CMy" : 6.07153216591882E-016,
        "CMz" : -5.55111512312578E-017
    },
    "CF_sensitivities" : {
        "d_CFx" : [
                8.42879898158823E-001,
                -4.27882909499597E-002,
                -1.07883203979335E-001,
                -1.52907442190176E-001,
                -8.69165025766639E-002,
                -4.27911224594493E-002,
                -1.07878287345787E-001,
                -1.52895965248368E-001,
                -8.69231527575975E-002,
                1.66602797102362E-002,
                -1.89519877335620E-003,
                -1.57788169813191E-002,
                1.26132960519643E-003,
                1.66432433617087E-002,
                -1.88425796409408E-003,
                -1.57771150167363E-002,
                1.27638444697764E-003,
                -3.41513921475525E-001,
                -2.54008151316881E-001,
                -1.91068717811025E-001,
                -2.78184706518359E-001,
                -3.41628776210980E-001,
                -2.54114520417131E-001,
                -1.91151288096128E-001,
                -2.78145408668972E-001,
                2.06699972968300E+000,
                -4.23370813744157E-006,
                2.79184145217842E-001,
                3.27551683512918E-001,
                -6.34511896972513E-004,
                -3.13519222220802E-001,
                -2.79192940990140E-001,
                -3.27564257255378E-001,
                6.22911931925579E-004,
                3.13512780330585E-001,
                -1.31286742015160E-001,
                -2.96726380006478E-001,
                -1.44518719797066E-002,
                3.17857095844997E-001,
                1.31273666245194E-001,
                2.96724711650864E-001,
                1.44436205760306E-002,
                -3.17873235388473E-001,
                -1.70126644113883E-001,
                4.98448849891572E-002,
                -2.28616349705108E-002,
                -6.53764256412813E-002,
                1.69996124172949E-001,
                -4.99136461181409E-002,
                2.27574444260746E-002,
                6.52415621703228E-002,
                -4.35594382658000E-005,
                -4.22189550448115E-006,
                1.97086213819179E-002,
                -2.43003754382489E-001,
                -5.29611591264033E-001,
                -2.56030626571175E-001,
                -1.97158323672046E-002,
                2.42980191600495E-001,
                5.29596123894606E-001,
                2.56016638370680E-001,
                1.66979809194156E-002,
                1.74219602590804E-001,
                5.63922615203964E-001,
                1.92355511774207E-001,
                -1.67087982409382E-002,
                -1.74227631748096E-001,
                -5.63924619204458E-001,
                -1.92372069839583E-001,
                6.03810536313119E-004,
                3.45867867084437E-002,
                -1.90499949212002E-001,
                5.06026191991632E-002,
                -6.96499972178226E-004,
                -3.46930436776788E-002,
                1.90414968476881E-001,
                -5.07233078086676E-002,
                -3.45771617840467E-005
            ],
        "d_CFy" : [
                6.30394344685663E-017,
                -2.59506708912048E-001,
                -1.12164958858858E-001,
                -2.81568334988361E-005,
                1.12282432758704E-001,
                2.59506496411630E-001,
                1.12165399194461E-001,
                2.87905465874474E-005,
                -1.12282787918280E-001,
                -1.32121401470925E-001,
                -1.75640163432688E-001,
                -1.47483724814449E-004,
                1.74772897418355E-001,
                1.32142280516403E-001,
                1.75627725597919E-001,
                1.47459127885804E-004,
                -1.74764235959893E-001,
                5.26605410932546E-001,
                4.20537062967413E-001,
                1.36355400679965E-003,
                -4.07763033872512E-001,
                -5.26610759611109E-001,
                -4.20467077464367E-001,
                -1.30067496518269E-003,
                4.07796191150714E-001,
                -9.92971415344341E-006,
                2.00417427473855E-001,
                2.83892572131980E-001,
                5.02511409538455E-002,
                1.09962183203144E-001,
                5.03991181180469E-002,
                2.83893138655216E-001,
                5.02508864918687E-002,
                1.09961753509475E-001,
                5.03985280134100E-002,
                -6.27766743021628E-001,
                -3.37894182536460E-001,
                -1.34704005736136E-001,
                -3.37071454677694E-001,
                -6.27736718731880E-001,
                -3.37885166544513E-001,
                -1.34704158288914E-001,
                -3.37073859508966E-001,
                6.26835311481702E-001,
                2.77301141356063E-001,
                -2.30427330684440E-001,
                2.88192267537832E-001,
                6.26833350112806E-001,
                2.77334312197621E-001,
                -2.30397231887762E-001,
                2.88204550818001E-001,
                -2.38594932275312E-001,
                -5.25774866315671E-005,
                -1.69838623734768E-004,
                1.58403474072270E-002,
                6.10449860837159E-006,
                -1.59346176790001E-002,
                -1.69807256547175E-004,
                1.58402989227028E-002,
                5.76455664848161E-006,
                -1.59351789467747E-002,
                7.58158999444959E-003,
                2.15975724868042E-001,
                1.40357512854720E-004,
                -2.14524422312307E-001,
                7.60819084883054E-003,
                2.15993073455004E-001,
                1.40141287996362E-004,
                -2.14532845051692E-001,
                -1.47718130831151E-003,
                -4.89903431294178E-001,
                2.41567556931850E-003,
                4.81949645790524E-001,
                -1.46165180992030E-003,
                -4.89889079753038E-001,
                2.43976243949919E-003,
                4.81968334039863E-001,
                -3.88266306294080E-003
            ],