{
    "info" : {
        "generated_by" : "MachLine (c) 2023 USU Aerolab",
        "executed" : "Fri Dec  1 14:06:17 2023"
    },
    "mesh_info" : {
        "N_body_panels" : 8,
        "N_body_vertices" : 7,
        "N_wake_panels" : 4,
        "N_wake_filaments" : 0,
        "average_characteristic_length" : 4.35311943383019E+000,
        "max_flow_turning_angle" : 1.68107331514589E+002
    },
    "solver_results" : {
        "solver_status_code" : 0,
        "system_dimension" : 7,
        "timing" : {
            "system_sorting" : 2.00000000000000E-006,
            "preconditioner" : 5.60000000000000E-006,
            "matrix_solver" : 1.01000000000000E-005
        },
        "iterations" : 6,
        "residual" : {
            "max" : 2.02067444885997E-002,
            "norm" : 2.06395815602621E-002
        }
    },
    "pressure_calculations" : {
        "incompressible_rule" : {
            "max" : 5.13400254301022E-002,
            "min" : -1.98237801817610E-001
        }
    },
    "total_forces" : {
        "Cx" : -1.82757113433585E+000,
        "Cy" : 1.22080166390368E-003,
        "Cz" : 1.53196490444896E-003
    },
    "total_moments" : {
        "CMx" : 2.20983077765524E-005,
        "CMy" : -4.08750554865422E-003,
        "CMz" : -5.30201029690368E-001
    },
    "input" : {
        "flow" : {
            "freestream_velocity" : [
                    1.00000000000000E+002,
                    0.00000000000000E+000,
                    0.00000000000000E+000
                ]
        },
        "geometry" : {
            "file" : "studies/adjoint_studies/finite_diff/meshes/octa_mesh.stl",
            "reference" : {
                "area" : 1.00000000000000E+000
            },
            "perturb_point" : true,
            "perturbation" : {
                "step" : -5.00000000000000E-022,
                "point_index" : 6,
                "component_index" : 3
            }
        },
        "solver" : {
            "formulation" : "neumann-mass-flux-VCP"
        },
        "post_processing" : {
        },
        "output" : {
            "report_file" : "studies/adjoint_studies/finite_diff/reports/octa_mesh_results.json"
        }
    },
    "total_runtime" : 1.60000000000000E-002
}
