{
    "info" : {
        "generated_by" : "MachLine (c) 2023 USU Aerolab",
        "executed" : "Mon Aug 12 14:38:45 2024"
    },
    "mesh_info" : {
        "N_body_panels" : 9856,
        "N_body_vertices" : 5086,
        "N_wake_panels" : 312,
        "N_wake_filaments" : 0,
        "average_characteristic_length" : 1.79176549287745E-002,
        "max_flow_turning_angle" : 1.72371850853384E+002
    },
    "solver_results" : {
        "solver_status_code" : 0,
        "system_dimension" : 5086,
        "timing" : {
            "system_sorting" : 1.55605000000000E-002,
            "preconditioner" : 3.43158000000000E-002,
            "matrix_solver" : 1.10114020000000E+001
        },
        "iterations" : 690,
        "system_lower_bandwidth" : 309,
        "residual" : {
            "max" : 8.89353694855100E-014,
            "norm" : 4.41343371221613E-013
        }
    },
    "pressure_calculations" : {
        "isentropic_rule" : {
            "max" : 2.56673535225223E-001,
            "min" : -1.92460601500337E-001
        }
    },
    "total_forces" : {
        "Cx" : 5.51360002392486E-002,
        "Cy" : -4.70473998632508E-014,
        "Cz" : 2.36648704290840E-001
    },
    "total_moments" : {
        "CMx" : 1.75215744314108E-011,
        "CMy" : -5.63279453700290E-001,
        "CMz" : 4.74652252081866E-014
    },
    "input" : {
        "flow" : {
            "freestream_velocity" : [
                    9.96194698091746E-001,
                    0.00000000000000E+000,
                    8.71557427476582E-002
                ],
            "freestream_mach_number" : 2.00000000000000E+000
        },
        "geometry" : {
            "file" : "studies/filament_studies/aft_surfaces/meshes/bothWings.stl",
            "spanwise_axis" : "+y",
            "reference" : {
                "area" : 1
            },
            "wake_model" : {
                "wake_present" : true,
                "append_wake" : true,
                "trefftz_distance" : 60,
                "wake_type" : "filaments"
            }
        },
        "solver" : {
            "ormulation" : "neumann-mass-flux",
            "formulation" : "dirichlet-morino",
            "matrix_solver" : "GMRES",
            "xmatrix_solver" : "HHLS",
            "write_A_and_b" : false
        },
        "post_processing" : {
            "pressure_rules" : {
                "ncompressible" : true
            }
        },
        "output" : {
            "body_file" : "studies/filament_studies/aft_surfaces/results/filaments_2.0_True_neumann-mass-flux_bothWings.vtk",
            "wake_file" : "studies/filament_studies/aft_surfaces/results/filaments_2.0_True_neumann-mass-flux_bothWings_wake.vtk",
            "control_point_file" : "studies/filament_studies/aft_surfaces/results/filaments_2.0_True_neumann-mass-flux_bothWings_control_pts.vtk",
            "report_file" : "studies/filament_studies/aft_surfaces/reports/filaments_2.0_True_neumann-mass-flux_bothWings.json"
        }
    },
    "total_runtime" : 1.38440000000000E+001
}
